element,delta,base_complexity,classification
RUNX1,873.8282457627774,10518.231909395967,positive
STAT4,820.2024420235921,10518.231909395967,positive
GATA3,758.2230509484962,10518.231909395967,positive
SP4,695.638647504793,10518.231909395967,positive
IRF2,599.8135261410007,10518.231909395967,positive
EGR2,586.7084743351206,10518.231909395967,positive
CREB1,553.7656498112538,10518.231909395967,positive
ZFP161,528.7916094504744,10518.231909395967,positive
SMAD2,339.54224214767055,10518.231909395967,positive
RELA,335.8980812030077,10518.231909395967,positive
STAT6,296.74489693716714,10518.231909395967,positive
IRF3,202.82116650613352,10518.231909395967,positive
EZH1,173.48944751332056,10518.231909395967,positive
NMI,172.8447341274241,10518.231909395967,positive
SMARCA4,155.30468143248982,10518.231909395967,positive
CBFB,120.22179436695296,10518.231909395967,positive
ETS2,116.65061025992509,10518.231909395967,positive
SATB1,56.856511831689204,10518.231909395967,positive
ETS1,53.46178913670883,10518.231909395967,positive
SP100,50.66649717822111,10518.231909395967,positive
STAT5B,47.4179324427987,10518.231909395967,positive
LRRFIP1,33.67185333564885,10518.231909395967,positive
NFKB1,15.340605701137974,10518.231909395967,positive
NR3C1,2.501837945643274,10518.231909395967,neutral
LEF1,0.8419316785093542,10518.231909395967,neutral
MAX,0.0,10518.231909395967,neutral
ID2,0.0,10518.231909395967,neutral
CHD7,-16.766490914831593,10518.231909395967,negative
TCFEB,-23.114419435985837,10518.231909395967,negative
TRP53,-43.66956056503295,10518.231909395967,negative
PHF21A,-122.44516304837452,10518.231909395967,negative
NCOA3,-123.46383923632311,10518.231909395967,negative
SAP18,-168.12879686765336,10518.231909395967,negative
EGR1,-295.896840337713,10518.231909395967,negative
NFIL3,-298.5761469812114,10518.231909395967,negative
TRIM24,-398.86419347292576,10518.231909395967,negative
TWSG1,-422.5413528100489,10518.231909395967,negative
KLF3;LOC100046855,-422.86150412933966,10518.231909395967,negative
ERC1,-423.0547870741957,10518.231909395967,negative
IGFBP4,-423.21005018957294,10518.231909395967,negative
TEC,-429.2743201311223,10518.231909395967,negative
FLT3L,-429.4693249271113,10518.231909395967,negative
MYB,-433.05963647270255,10518.231909395967,negative
LITAF,-441.577399196869,10518.231909395967,negative
RNFT1,-446.1773561994014,10518.231909395967,negative
SIAH1A,-447.86302352519306,10518.231909395967,negative
CD200,-449.0474834625875,10518.231909395967,negative
SLCO3A1,-449.72290800289557,10518.231909395967,negative
ITGB3BP,-449.9442145040539,10518.231909395967,negative
CLEC2I,-450.96238002069913,10518.231909395967,negative
OGFR,-450.96533913476014,10518.231909395967,negative
LBP,-451.3566188073746,10518.231909395967,negative
DYX1C1,-452.6034247352727,10518.231909395967,negative
RNF123,-452.90351486309555,10518.231909395967,negative
ANTXR2,-454.0304328471957,10518.231909395967,negative
CASP8,-454.572384592293,10518.231909395967,negative
PQLC3,-454.84673970462245,10518.231909395967,negative
ELL2,-455.46550406368624,10518.231909395967,negative
NSG2,-455.5347492340916,10518.231909395967,negative
NAMPT,-455.5412303396042,10518.231909395967,negative
2610019F03RIK,-455.90634709573715,10518.231909395967,negative
RCSD1,-456.095476169874,10518.231909395967,negative
TNFRSF9,-457.326564551704,10518.231909395967,negative
DZIP1,-458.04079210795135,10518.231909395967,negative
ARHGEF3,-458.3443619522059,10518.231909395967,negative
SYNE2,-458.96535911559477,10518.231909395967,negative
TRPS1,-460.4838937420882,10518.231909395967,negative
FNDC3A,-461.6281359657878,10518.231909395967,negative
DUSP22,-466.6864883740418,10518.231909395967,negative
PQLC1,-471.333034483494,10518.231909395967,negative
IL17RA,-471.42732677320964,10518.231909395967,negative
MKNK2,-472.6841987782027,10518.231909395967,negative
REL,-472.81094439564913,10518.231909395967,negative
PTTG1IP,-474.26527445796455,10518.231909395967,negative
METTL8,-476.81614319438995,10518.231909395967,negative
LAMP2,-477.51055881696266,10518.231909395967,negative
LRIG1,-477.96947212561645,10518.231909395967,negative
TSPO,-479.2805403323073,10518.231909395967,negative
LAD1,-479.3694410879107,10518.231909395967,negative
TCF12,-479.5368893737814,10518.231909395967,negative
STK4,-481.2162717178253,10518.231909395967,negative
100041874;544988;ENSMUSG00000063277;ENSMUSG00000068790;ENSMUSG00000072735;GM3194;GM8108;GM8206;LOC100036568;LOC671957,-481.464026100366,10518.231909395967,negative
SURF4,-482.89280288192276,10518.231909395967,negative
ANP32A,-484.75255149391705,10518.231909395967,negative
GPR146,-484.7676374169059,10518.231909395967,negative
ITIH5,-485.3085545342601,10518.231909395967,negative
SYTL2,-489.07169141134545,10518.231909395967,negative
BATF,-489.0949378490841,10518.231909395967,negative
DUSP16,-489.2641757693582,10518.231909395967,negative
SFI1,-492.5486631527474,10518.231909395967,negative
P2RY14,-495.4197070816572,10518.231909395967,negative
SLC30A4,-496.9495577858943,10518.231909395967,negative
CCR8,-497.23296613199636,10518.231909395967,negative
KLF6,-497.973467034697,10518.231909395967,negative
1110059E24RIK,-498.0751373183375,10518.231909395967,negative
RANBP10,-499.40100079558215,10518.231909395967,negative
SH3BGRL3,-499.47930681947764,10518.231909395967,negative
UBL4,-501.22990912455316,10518.231909395967,negative
CD96,-501.3557038795461,10518.231909395967,negative
AKAP12,-502.56190009738384,10518.231909395967,negative
TACC2,-502.97700367666584,10518.231909395967,negative
HOOK2,-503.2481517190008,10518.231909395967,negative
CLDND1,-504.56418205904265,10518.231909395967,negative
ATL3,-504.741570775881,10518.231909395967,negative
SKAP2,-504.8157476459073,10518.231909395967,negative
SEPT6,-504.98885000368864,10518.231909395967,negative
MMD,-505.10849428220354,10518.231909395967,negative
PDCD4,-505.2965051341289,10518.231909395967,negative
SYPL,-505.8556868453543,10518.231909395967,negative
POU2AF1,-506.0248081727532,10518.231909395967,negative
FKBP1A,-506.268130957842,10518.231909395967,negative
CALM2,-506.2955400077535,10518.231909395967,negative
AHCYL2,-506.5017598531467,10518.231909395967,negative
GM2A,-508.32712110136345,10518.231909395967,negative
UBLCP1,-508.9030865677505,10518.231909395967,negative
TNIP2,-510.29919540673654,10518.231909395967,negative
IFI203,-511.4874060358379,10518.231909395967,negative
BPGM,-514.0644585696245,10518.231909395967,negative
NOTCH1,-514.2739775107511,10518.231909395967,negative
ZFP281,-514.3367761223653,10518.231909395967,negative
RNF149,-514.6507894417846,10518.231909395967,negative
PRKCQ,-515.0098348950814,10518.231909395967,negative
ARRB2,-515.9107215626846,10518.231909395967,negative
OAS3,-518.4452523745549,10518.231909395967,negative
TNFAIP3,-518.5889381651305,10518.231909395967,negative
BLCAP,-519.6890220533314,10518.231909395967,negative
ID1,-520.3118775210496,10518.231909395967,negative
TTC39B,-521.1590859157259,10518.231909395967,negative
PSMA4,-522.4094909300693,10518.231909395967,negative
SLC9A3R1,-524.5867146927903,10518.231909395967,negative
PAK1IP1,-525.7155459675723,10518.231909395967,negative
AES,-525.7457755746891,10518.231909395967,negative
YWHAB,-525.8769662841551,10518.231909395967,negative
SERPINB9,-526.0325300048844,10518.231909395967,negative
UTF1,-526.1716209941442,10518.231909395967,negative
PGRMC1,-526.2066380845336,10518.231909395967,negative
NT5C3L,-526.2216408090571,10518.231909395967,negative
CHMP1B,-526.2245207893939,10518.231909395967,negative
SMC4,-526.269944084197,10518.231909395967,negative
HSD17B10,-526.2700149800439,10518.231909395967,negative
KLF9,-526.2715901550091,10518.231909395967,negative
TRP53I13,-526.2715901550091,10518.231909395967,negative
SULT2B1,-526.2812422354673,10518.231909395967,negative
ARMCX2,-526.2981873560548,10518.231909395967,negative
1700097N02RIK,-526.3408344276577,10518.231909395967,negative
LAP3,-526.3570198553971,10518.231909395967,negative
LRRC59,-526.3570198553971,10518.231909395967,negative
CD160,-526.3574344432782,10518.231909395967,negative
ZFP568,-526.3703982756288,10518.231909395967,negative
1810020D17RIK,-526.3836254348007,10518.231909395967,negative
THAP4,-526.4064735601642,10518.231909395967,negative
IVD,-526.4074778110116,10518.231909395967,negative
GATAD2B,-526.4171208043645,10518.231909395967,negative
FAM82A2,-526.4243562650245,10518.231909395967,negative
ANKMY2,-526.4378362568223,10518.231909395967,negative
GGT5,-526.4394580061016,10518.231909395967,negative
SLC39A1,-526.4509045327541,10518.231909395967,negative
LOC433762,-526.4535968569453,10518.231909395967,negative
DCK,-526.4648045516042,10518.231909395967,negative
MARCKSL1,-526.4648045516042,10518.231909395967,negative
JMJD6,-527.2788087773897,10518.231909395967,negative
EPB4.1L2,-527.6841070316914,10518.231909395967,negative
GCH1,-528.2378497651753,10518.231909395967,negative
MRPL52,-528.4856684625065,10518.231909395967,negative
PVT1,-528.7117568991143,10518.231909395967,negative
TRAT1,-528.7937161855207,10518.231909395967,negative
1110007C09RIK,-529.322307897146,10518.231909395967,negative
RNASEL,-529.7727561353604,10518.231909395967,negative
SLFN8,-529.9200444308935,10518.231909395967,negative
PDE8A,-529.9276093261033,10518.231909395967,negative
IFI27L2A,-530.4048058127755,10518.231909395967,negative
LOC100047565;MMD,-530.5378261553869,10518.231909395967,negative
PPA1,-530.8118724430788,10518.231909395967,negative
SEMA7A,-531.3877988994918,10518.231909395967,negative
LASS4,-531.6902250526036,10518.231909395967,negative
FAM102A,-531.8392360507387,10518.231909395967,negative
AKNA,-532.1265605410681,10518.231909395967,negative
TRAM1,-532.6660842589008,10518.231909395967,negative
MTSS1,-532.7610486154117,10518.231909395967,negative
CD97,-533.1758761997826,10518.231909395967,negative
PYCARD,-534.4374778945894,10518.231909395967,negative
ME2,-534.507149272069,10518.231909395967,negative
PRNP,-534.5513279395545,10518.231909395967,negative
SPHK1,-534.662823780438,10518.231909395967,negative
FAM36A,-535.2061350829517,10518.231909395967,negative
AREG,-535.8077876636471,10518.231909395967,negative
KLRD1,-535.9804230373411,10518.231909395967,negative
FLOT1,-536.9230460002036,10518.231909395967,negative
IL21,-540.685451397685,10518.231909395967,negative
UGCG,-543.4124367350541,10518.231909395967,negative
LSP1,-544.1589803353818,10518.231909395967,negative
ARRB1,-544.6613628852065,10518.231909395967,negative
TMEM49,-544.8727919443281,10518.231909395967,negative
IRF6,-545.076688348976,10518.231909395967,negative
TIAM1,-545.382660549747,10518.231909395967,negative
NPC1,-545.6008279208872,10518.231909395967,negative
LY6A,-546.8198218306297,10518.231909395967,negative
PLAGL1,-547.3390149811512,10518.231909395967,negative
1110058L19RIK,-548.4347310644553,10518.231909395967,negative
AHR,-548.496963930349,10518.231909395967,negative
HVCN1,-548.4992233536377,10518.231909395967,negative
ETHE1,-549.8877835990734,10518.231909395967,negative
KLF10,-550.618089260226,10518.231909395967,negative
GCC1,-551.0175214431947,10518.231909395967,negative
NMT2,-552.0176980165688,10518.231909395967,negative
PET112L,-552.0945083986517,10518.231909395967,negative
DGUOK,-552.2376639485556,10518.231909395967,negative
TXNDC17,-552.3155783237216,10518.231909395967,negative
CKLF,-552.3645197084297,10518.231909395967,negative
MBOAT1,-552.5761793886923,10518.231909395967,negative
EIF1AY,-552.5929447506278,10518.231909395967,negative
EVI2B,-552.7557914624686,10518.231909395967,negative
A330049M08RIK,-552.7662268279146,10518.231909395967,negative
DAXX,-552.8543425021162,10518.231909395967,negative
ACAT1,-552.8787913112556,10518.231909395967,negative
PADI2,-552.911308436238,10518.231909395967,negative
C79468,-552.9823576284871,10518.231909395967,negative
CORO1B,-553.007334648164,10518.231909395967,negative
NUDT4,-553.0449688661538,10518.231909395967,negative
TNFAIP8L1,-553.248611399933,10518.231909395967,negative
RIPK1,-553.3402623461534,10518.231909395967,negative
BC021614,-553.4458912507525,10518.231909395967,negative
ALCAM,-553.4638401624725,10518.231909395967,negative
RBPMS2,-553.7046396656606,10518.231909395967,negative
STK38,-553.7376555176052,10518.231909395967,negative
LOC100044703;MARCH2,-553.7743268262784,10518.231909395967,negative
ADAM9,-553.8050526209609,10518.231909395967,negative
LGALS7,-553.9218940728497,10518.231909395967,negative
SMOX,-554.0252881044944,10518.231909395967,negative
PMEPA1,-554.1891206501969,10518.231909395967,negative
2310016C08RIK,-554.1990390008887,10518.231909395967,negative
CTLA2A,-554.3001732286648,10518.231909395967,negative
TTC28,-554.3739331901179,10518.231909395967,negative
SASH3,-554.4208025588905,10518.231909395967,negative
LIPA,-554.4360071738374,10518.231909395967,negative
MGST2,-554.4863263042007,10518.231909395967,negative
TRPV2,-554.4973009550122,10518.231909395967,negative
TIMM8B,-555.0816379780899,10518.231909395967,negative
ERCC5,-555.1097472503461,10518.231909395967,negative
PSMA7,-555.4781234958682,10518.231909395967,negative
LOC100047324;SESN1,-555.5016118784897,10518.231909395967,negative
GOLM1,-555.541335414564,10518.231909395967,negative
CDC42EP3,-555.983912943766,10518.231909395967,negative
HINT3,-556.1025283255276,10518.231909395967,negative
THA1,-556.1449774941157,10518.231909395967,negative
ZEB1,-556.5841453839766,10518.231909395967,negative
OXCT1,-556.9585324051768,10518.231909395967,negative
IGF2BP3,-557.221365544794,10518.231909395967,negative
PIM2,-557.244465411839,10518.231909395967,negative
EHD3,-557.3409236596308,10518.231909395967,negative
FXYD5,-558.3080820072355,10518.231909395967,negative
LOC100044101;TXNRD2,-558.3341075241697,10518.231909395967,negative
ASAP1,-558.367198194117,10518.231909395967,negative
LOC100046643;SPRY1,-558.5973288907699,10518.231909395967,negative
E430028B21RIK,-558.8770263877504,10518.231909395967,negative
CDYL,-559.156212740314,10518.231909395967,negative
SIT1,-559.1904908846991,10518.231909395967,negative
CD28,-559.285496685321,10518.231909395967,negative
PKP3,-559.7499287535884,10518.231909395967,negative
ECM1,-559.8473095374702,10518.231909395967,negative
SWAP70,-559.877032851542,10518.231909395967,negative
ARHGEF10,-560.1215155481896,10518.231909395967,negative
PDE7A,-560.9574141904905,10518.231909395967,negative
LOC100045709;UBLCP1,-561.0646837020704,10518.231909395967,negative
PITPNM1,-561.5621600802988,10518.231909395967,negative
DCPS,-564.1337061763697,10518.231909395967,negative
BBX,-564.8385469936529,10518.231909395967,negative
GLIPR2,-565.5646696590866,10518.231909395967,negative
SESN2,-566.0896081016672,10518.231909395967,negative
PRICKLE1,-572.4974205348371,10518.231909395967,negative
CD4,-572.8091610981483,10518.231909395967,negative
LOC100046186;RAMP3,-575.8567561181571,10518.231909395967,negative
MTA3,-576.2878460688189,10518.231909395967,negative
RGS16,-576.6853226906769,10518.231909395967,negative
ARID5A,-576.7856799569072,10518.231909395967,negative
PTP4A1,-578.0611869279946,10518.231909395967,negative
WWP1,-578.0660039442919,10518.231909395967,negative
EMP3,-578.5065806700168,10518.231909395967,negative
RNF114,-578.8083145180899,10518.231909395967,negative
JMJD1C,-579.2959356832689,10518.231909395967,negative
CDC25B,-579.6447928087946,10518.231909395967,negative
SPIN4,-579.8590190181494,10518.231909395967,negative
MAPK3,-579.8898038079824,10518.231909395967,negative
PCTK1,-579.8999007078091,10518.231909395967,negative
FES,-579.9017434212928,10518.231909395967,negative
HDDC2,-579.9967451972025,10518.231909395967,negative
FUT8,-580.0316904002939,10518.231909395967,negative
REEP5,-580.1540654208566,10518.231909395967,negative
ZFP1,-580.1809738562715,10518.231909395967,negative
NOC4L,-580.2024161056161,10518.231909395967,negative
VRK2,-580.2412997813517,10518.231909395967,negative
CCDC117,-580.277281660894,10518.231909395967,negative
ORAI1,-580.2818730632607,10518.231909395967,negative
TXNL1,-580.4195009296473,10518.231909395967,negative
9530028C05,-580.4308610431108,10518.231909395967,negative
MCOLN2,-580.5221270431048,10518.231909395967,negative
APOBEC1,-580.6354770281705,10518.231909395967,negative
IGH-6,-580.9029757232711,10518.231909395967,negative
PLEKHO1,-580.9189065823812,10518.231909395967,negative
CWC22;GM14702;GM2100;GM2870;GM2968;GM3322;GM3697;GM4354;LOC100047648;LOC100048186,-581.099807996472,10518.231909395967,negative
ASNSD1,-581.1345588185923,10518.231909395967,negative
PGAP2,-581.1376354196036,10518.231909395967,negative
SKI,-581.1409477703655,10518.231909395967,negative
PHKB,-581.1552622750733,10518.231909395967,negative
UBA1,-581.1574600384829,10518.231909395967,negative
ADH1,-581.159497142864,10518.231909395967,negative
CRIP1,-581.4343155179686,10518.231909395967,negative
SLK,-581.4485217110687,10518.231909395967,negative
CCL1,-581.558579154469,10518.231909395967,negative
UBIAD1,-581.6462260124972,10518.231909395967,negative
SERPINB6B,-581.7328423485633,10518.231909395967,negative
ATM,-581.7653191278914,10518.231909395967,negative
ERMP1,-581.8961133036155,10518.231909395967,negative
PPME1,-581.9047361811354,10518.231909395967,negative
LOC100045833;LY6C1;LY6C2,-581.949424981096,10518.231909395967,negative
GDAP10,-582.0774110751645,10518.231909395967,negative
KLHDC2,-582.1045015567088,10518.231909395967,negative
CDK5R1,-582.1829662339824,10518.231909395967,negative
SERPINA3G,-582.236338149427,10518.231909395967,negative
CTLA2B,-582.2551593250737,10518.231909395967,negative
RAB18,-582.2984351553077,10518.231909395967,negative
ACOT2,-582.300143352677,10518.231909395967,negative
APLP2,-582.3172941825596,10518.231909395967,negative
MCM4,-582.3178118770957,10518.231909395967,negative
SP110,-582.3430549844561,10518.231909395967,negative
UIMC1,-582.3495027942536,10518.231909395967,negative
PNPT1,-582.3822633296713,10518.231909395967,negative
GALM,-582.4242291264745,10518.231909395967,negative
DERL1,-582.6438408302147,10518.231909395967,negative
AGFG1,-582.6853352317085,10518.231909395967,negative
ETFB,-582.7201041157023,10518.231909395967,negative
SIDT1,-582.8612759461648,10518.231909395967,negative
MITD1,-585.2716098166984,10518.231909395967,negative
0610010O12RIK,-585.3947627342968,10518.231909395967,negative
KRAS,-585.4304482261869,10518.231909395967,negative
HLCS,-585.6207976841633,10518.231909395967,negative
PHLPP1,-585.6432379676335,10518.231909395967,negative
CXCR4,-586.4130274479903,10518.231909395967,negative
PHIP,-586.9449009743839,10518.231909395967,negative
SPSB1,-588.1917098692029,10518.231909395967,negative
CALCRL,-599.706509560272,10518.231909395967,negative
MLEC,-602.0614600764384,10518.231909395967,negative
PSTPIP1,-603.1430384373016,10518.231909395967,negative
PTS,-603.2903329020592,10518.231909395967,negative
NIPA2,-603.439445983362,10518.231909395967,negative
ESYT1,-603.5631668679125,10518.231909395967,negative
HK2,-603.6478448671332,10518.231909395967,negative
PSMG4,-604.215684538498,10518.231909395967,negative
CASP4,-604.7276355145841,10518.231909395967,negative
GRHL1;LOC100043996,-605.0626172990651,10518.231909395967,negative
IFRG15,-606.0447691902136,10518.231909395967,negative
BAG3,-612.2467719698507,10518.231909395967,negative
CD3G,-612.5920092631895,10518.231909395967,negative
1600014C10RIK,-612.7258973963362,10518.231909395967,negative
RAB7L1,-613.0096558273617,10518.231909395967,negative
FLNA,-613.0701872625705,10518.231909395967,negative
NDRG3,-613.3564227296847,10518.231909395967,negative
CHMP4B;LOC674706,-615.1720200911604,10518.231909395967,negative
CCL4,-616.2835805987124,10518.231909395967,negative
AIM1,-627.9258906809355,10518.231909395967,negative
TXNDC16,-628.4656204481071,10518.231909395967,negative
CD24A,-629.3108281510285,10518.231909395967,negative
PHLDB1,-631.521380638851,10518.231909395967,negative
PHLDA1,-636.8803741851025,10518.231909395967,negative
NBN,-639.438128640335,10518.231909395967,negative
DAZAP2,-639.4442067647215,10518.231909395967,negative
CSRP1,-640.1667982259423,10518.231909395967,negative
TRAF5,-640.6898292099486,10518.231909395967,negative
DNMT3A,-640.9436856190059,10518.231909395967,negative
CUGBP2,-640.9624847934119,10518.231909395967,negative
EVI2A,-641.668637398041,10518.231909395967,negative
PKP4,-642.0138143035092,10518.231909395967,negative
SLFN1,-642.8062983405525,10518.231909395967,negative
KDM2B,-643.5386886744618,10518.231909395967,negative
2010111I01RIK,-643.6110216025918,10518.231909395967,negative
ITM2A,-657.9088594687619,10518.231909395967,negative
ELOVL6,-660.8100512977708,10518.231909395967,negative
ZRSR1,-660.9338447447462,10518.231909395967,negative
RGS2,-661.0305367901965,10518.231909395967,negative
5830443L24RIK,-661.897334949479,10518.231909395967,negative
MPA2L,-662.2085322514868,10518.231909395967,negative
EGLN3,-662.2478698946088,10518.231909395967,negative
MS4A4B,-662.353911585973,10518.231909395967,negative
TNFSF8,-662.4636608382134,10518.231909395967,negative
ADCY7,-662.5962003940676,10518.231909395967,negative
SIAH1A;SIAH1B,-662.9543826098616,10518.231909395967,negative
SLC25A30,-663.2354139814288,10518.231909395967,negative
GSTM1,-663.2847777731295,10518.231909395967,negative
CXCR3,-669.2655756326312,10518.231909395967,negative
ILF3,-685.794513820023,10518.231909395967,negative
CMTM7,-688.9358373583018,10518.231909395967,negative
BCL11B,-689.0024171094647,10518.231909395967,negative
FAM111A,-689.5248556018578,10518.231909395967,negative
PDCD1LG2,-689.9796440452465,10518.231909395967,negative
RRAS2,-690.0038747774342,10518.231909395967,negative
NFE2L2,-697.1664662023486,10518.231909395967,negative
AAK1,-714.5281533480138,10518.231909395967,negative
JAK3,-715.3817813674596,10518.231909395967,negative
CCS,-716.7038222013507,10518.231909395967,negative
RILPL2,-719.1641781948583,10518.231909395967,negative
TRIM21,-720.1488886950119,10518.231909395967,negative
TNFSF9,-720.1560311058838,10518.231909395967,negative
LIPG,-720.2338639924783,10518.231909395967,negative
EOMES,-720.3339945077041,10518.231909395967,negative
TSC22D3,-720.9478779161982,10518.231909395967,negative
CTLA2A;CTLA2B,-720.9980415602568,10518.231909395967,negative
SIK1,-721.4444372722228,10518.231909395967,negative
TGOLN1;TGOLN2,-722.1426275997146,10518.231909395967,negative
TGOLN1,-722.723481526391,10518.231909395967,negative
PTPN1,-736.2132572977916,10518.231909395967,negative
IL3,-745.9025478731746,10518.231909395967,negative
PVR,-748.4742229264884,10518.231909395967,negative
SGK1,-768.9191249120304,10518.231909395967,negative
BCL3,-788.5351287523899,10518.231909395967,negative
PPP2R5A,-791.5865014950523,10518.231909395967,negative
TXNRD1,-792.6284159005681,10518.231909395967,negative
TIPARP,-794.1382106250585,10518.231909395967,negative
PYHIN1,-794.5927627769579,10518.231909395967,negative
TRIM25,-795.4177943594404,10518.231909395967,negative
CISH,-806.6507031121364,10518.231909395967,negative
UBE1L,-810.5247741794938,10518.231909395967,negative
DNAJC15,-810.7294783940815,10518.231909395967,negative
FAS,-810.803374209112,10518.231909395967,negative
IRF8,-815.882533336975,10518.231909395967,negative
PTGER4,-818.5417274902993,10518.231909395967,negative
SAMHD1,-819.1741378426523,10518.231909395967,negative
INSL3;JAK3,-820.6575204001583,10518.231909395967,negative
GBP3,-821.3308434802602,10518.231909395967,negative
APOBEC3,-824.5475556502752,10518.231909395967,negative
BCL6,-831.6857542132202,10518.231909395967,negative
ARL4C;LOC632433,-833.6416998493605,10518.231909395967,negative
SLAMF7,-841.2080950671098,10518.231909395967,negative
GEM,-845.4629691640421,10518.231909395967,negative
CTSB,-845.8339737761835,10518.231909395967,negative
HIF1A,-846.1077006814412,10518.231909395967,negative
TRIM30,-846.525713211653,10518.231909395967,negative
ID3,-854.951831575394,10518.231909395967,negative
PIK3R1,-855.5842221227522,10518.231909395967,negative
CXCR5,-857.6345133453833,10518.231909395967,negative
NFKBIZ,-859.4630158521832,10518.231909395967,negative
IFI47,-860.868436548084,10518.231909395967,negative
BC006779,-864.0035661707607,10518.231909395967,negative
NR4A2,-865.3569797104992,10518.231909395967,negative
DUSP2,-866.953261216373,10518.231909395967,negative
SEMA4A,-866.9641782922772,10518.231909395967,negative
SOCS3,-867.2410963039765,10518.231909395967,negative
DCLRE1A,-867.4499767885536,10518.231909395967,negative
IER5,-870.4231728899686,10518.231909395967,negative
DUSP10,-872.3455584758794,10518.231909395967,negative
PRDM1,-872.4674554801022,10518.231909395967,negative
GPR65,-872.509543128821,10518.231909395967,negative
PTEN,-873.3885936922015,10518.231909395967,negative
TNFSF11,-876.8755114651158,10518.231909395967,negative
GALNT7,-877.4216161362347,10518.231909395967,negative
IFNG,-879.6450079517435,10518.231909395967,negative
BCL2L11,-881.9402845948316,10518.231909395967,negative
TRIB1,-882.6580534081168,10518.231909395967,negative
MYD88,-883.0685785872429,10518.231909395967,negative
CCDC88C,-883.2820208145495,10518.231909395967,negative
CITED2,-884.6573550602898,10518.231909395967,negative
FLI1,-884.9321111277313,10518.231909395967,negative
ENO3,-888.2395076424655,10518.231909395967,negative
PDGFB,-889.1372429429248,10518.231909395967,negative
RASGRP1,-890.5607803409603,10518.231909395967,negative
GBP6,-890.6558955226137,10518.231909395967,negative
LGALS9,-891.6282815018803,10518.231909395967,negative
TBX21,-892.1016393195005,10518.231909395967,negative
PARP9,-893.1790479152205,10518.231909395967,negative
IL15RA,-894.7838831302142,10518.231909395967,negative
LTA,-895.0456104261593,10518.231909395967,negative
ATP10A,-896.3375643179097,10518.231909395967,negative
LAG3,-896.4311046047969,10518.231909395967,negative
TMC6,-896.7605269582564,10518.231909395967,negative
TRIM34,-897.3501918593429,10518.231909395967,negative
OAS2,-897.4305110498408,10518.231909395967,negative
STAT2,-899.97999912452,10518.231909395967,negative
GADD45A,-900.8490559782458,10518.231909395967,negative
ERAP1,-900.9937546492365,10518.231909395967,negative
TGTP;TGTP2,-901.038861671268,10518.231909395967,negative
BCL2A1A;BCL2A1B;BCL2A1D,-901.056449269041,10518.231909395967,negative
AI451617;TRIM30,-901.2931802782423,10518.231909395967,negative
JUN,-901.8831235799025,10518.231909395967,negative
FRMD4B,-902.1105998647763,10518.231909395967,negative
IIGP1,-904.255758323241,10518.231909395967,negative
BMP2K,-905.1534054997792,10518.231909395967,negative
IRGM2,-906.5758328422653,10518.231909395967,negative
IL2,-907.3468305016358,10518.231909395967,negative
FURIN,-909.636959037096,10518.231909395967,negative
MYO6,-910.8015687462012,10518.231909395967,negative
ARID5B;LOC100044968,-911.6949026885632,10518.231909395967,negative
EIF2AK2,-912.2708455728971,10518.231909395967,negative
ZNRF2,-914.2068240433236,10518.231909395967,negative
NCOA1,-917.2859368767258,10518.231909395967,negative
GSN,-917.5932396227363,10518.231909395967,negative
HPCAL1,-917.8351141765161,10518.231909395967,negative
IL6ST,-918.4352751042625,10518.231909395967,negative
DUSP6,-919.2165921321211,10518.231909395967,negative
TNK2,-919.2258488073494,10518.231909395967,negative
IL2RB,-919.5665329147178,10518.231909395967,negative
PIP4K2A,-920.2604030814673,10518.231909395967,negative
2010002N04RIK,-920.4349705893728,10518.231909395967,negative
EMP1,-921.0221820680017,10518.231909395967,negative
RAP1GDS1,-921.2774607544488,10518.231909395967,negative
RASSF2,-921.6521710086472,10518.231909395967,negative
COTL1,-921.6539287605701,10518.231909395967,negative
VIM,-921.9344080070623,10518.231909395967,negative
SH3KBP1,-922.5730105548373,10518.231909395967,negative
TSPAN5,-923.0790849701916,10518.231909395967,negative
TNFRSF12A,-923.5025021753445,10518.231909395967,negative
IKZF4,-924.0932281641999,10518.231909395967,negative
HIST1H1C,-924.3575085063567,10518.231909395967,negative
IFI35,-924.7695164696379,10518.231909395967,negative
OAS1B,-925.0364141128284,10518.231909395967,negative
GALNT6;LOC100047499,-925.9194048966201,10518.231909395967,negative
CAPNS1,-927.4859290745153,10518.231909395967,negative
CYTH1,-930.8679809431978,10518.231909395967,negative
PIM1,-932.0216871114972,10518.231909395967,negative
IFIH1,-933.5858368315858,10518.231909395967,negative
PARP14,-938.0812787814648,10518.231909395967,negative
LGALS3BP,-940.1671149742779,10518.231909395967,negative
IRF4,-940.1974462274029,10518.231909395967,negative
XBP1,-941.2897783558074,10518.231909395967,negative
PARP12,-941.3675357947432,10518.231909395967,negative
TRIB2,-941.4356161152773,10518.231909395967,negative
DUSP1,-943.2058762155702,10518.231909395967,negative
ST8SIA4,-943.3190058691071,10518.231909395967,negative
IL2RA,-944.5351383392899,10518.231909395967,negative
CDKN2D;GM4694,-945.6118629604789,10518.231909395967,negative
BIN1,-949.1855086878004,10518.231909395967,negative
CCR5,-949.6948148700649,10518.231909395967,negative
LIF,-950.7216139260854,10518.231909395967,negative
SRGN,-951.0489895133687,10518.231909395967,negative
ELK3,-953.1550594979235,10518.231909395967,negative
IFIT2,-953.6813336458654,10518.231909395967,negative
SH2D3C,-953.7813130192771,10518.231909395967,negative
IRGM1,-954.5726186804586,10518.231909395967,negative
KLHL5,-954.8699736593862,10518.231909395967,negative
ACP5,-955.1884329061377,10518.231909395967,negative
IRF9,-955.5764742794745,10518.231909395967,negative
PLEC1,-961.5501081882085,10518.231909395967,negative
ZBP1,-963.2988749940178,10518.231909395967,negative
IGTP,-965.6247013952543,10518.231909395967,negative
FOXO1,-969.0545795825219,10518.231909395967,negative
ICAM1,-969.3310248047183,10518.231909395967,negative
TRIM12,-969.5621088072403,10518.231909395967,negative
SAMSN1,-970.3847057413514,10518.231909395967,negative
IQGAP2,-972.5550430686435,10518.231909395967,negative
OASL2,-985.4901458114073,10518.231909395967,negative
MCL1,-986.349765050918,10518.231909395967,negative
ISG20,-994.0493991916519,10518.231909395967,negative
SSBP3,-994.3701251827752,10518.231909395967,negative
EVL;LOC100047333,-994.6955345312799,10518.231909395967,negative
MLLT6,-995.361044036581,10518.231909395967,negative
PML,-995.4395002543661,10518.231909395967,negative
DAPP1,-997.051216615846,10518.231909395967,negative
ACSL4,-1002.3737702852613,10518.231909395967,negative
CD274,-1021.1907185115942,10518.231909395967,negative
RTP4,-1021.205797587314,10518.231909395967,negative
TAPBP,-1024.2930005602484,10518.231909395967,negative
RAPGEF6,-1949.5921597274246,10518.231909395967,negative
IRF7,-1953.3199297886076,10518.231909395967,negative
GM9706;ISG15,-1954.86211314528,10518.231909395967,negative
STAT3,-1969.5333585956432,10518.231909395967,negative
LOC100048346;USP18,-1977.5030509992066,10518.231909395967,negative
GADD45G,-1978.877864966562,10518.231909395967,negative
MAP3K8,-1979.8566177265711,10518.231909395967,negative
GBP2,-1980.8759985965244,10518.231909395967,negative
SOCS1,-1982.225111144291,10518.231909395967,negative
RGS1,-1989.2216217269379,10518.231909395967,negative
ETV6,-2007.4894709162309,10518.231909395967,negative
BIRC3,-2007.8178460728577,10518.231909395967,negative
LOC100046232;NFIL3,-2008.3821304421108,10518.231909395967,negative
IRF1,-2012.4074696197258,10518.231909395967,negative
STAT1,-2031.7734291619072,10518.231909395967,negative
IFIT1,-2035.768852372972,10518.231909395967,negative
PLSCR1,-3736.809413479019,10518.231909395967,negative
CXCL10,-3789.6943238153635,10518.231909395967,negative
ZFP36,-3815.3287021212836,10518.231909395967,negative
