element_type,element,source,target,base_complexity,perturbed_complexity,delta,classification
vertex,IRF1,IRF1,,9164.314972442447,6312.931662829387,2851.38330961306,positive
vertex,IRF2,IRF2,,9164.314972442447,6613.791940660803,2550.523031781644,positive
vertex,IRF4,IRF4,,9164.314972442447,6806.067303317225,2358.2476691252223,positive
vertex,IRF3,IRF3,,9164.314972442447,6994.767480886137,2169.547491556311,positive
vertex,IRF7,IRF7,,9164.314972442447,7076.981040682794,2087.3339317596538,positive
vertex,CD274,CD274,,9164.314972442447,7315.558408583438,1848.7565638590095,positive
vertex,BCL2A1A;BCL2A1B;BCL2A1D,BCL2A1A;BCL2A1B;BCL2A1D,,9164.314972442447,7315.8976267978605,1848.417345644587,positive
vertex,CCR5,CCR5,,9164.314972442447,7316.6042877553855,1847.710684687062,positive
vertex,BCL6,BCL6,,9164.314972442447,7318.106345252378,1846.2086271900698,positive
vertex,CCL4,CCL4,,9164.314972442447,7318.137848241377,1846.177124201071,positive
vertex,CASP4,CASP4,,9164.314972442447,7318.15282891103,1846.1621435314173,positive
vertex,APOBEC3,APOBEC3,,9164.314972442447,7320.945662651317,1843.36930979113,positive
vertex,ARHGEF10,ARHGEF10,,9164.314972442447,7322.541524038594,1841.7734484038538,positive
vertex,ARID5B;LOC100044968,ARID5B;LOC100044968,,9164.314972442447,7324.048712955646,1840.2662594868016,positive
vertex,ARHGEF3,ARHGEF3,,9164.314972442447,7324.4502575331,1839.8647149093476,positive
vertex,AREG,AREG,,9164.314972442447,7325.6659635792075,1838.64900886324,positive
vertex,AI451617;TRIM30,AI451617;TRIM30,,9164.314972442447,7327.363064746813,1836.9519076956349,positive
vertex,ANTXR2,ANTXR2,,9164.314972442447,7327.9073582904575,1836.40761415199,positive
vertex,ATP10A,ATP10A,,9164.314972442447,7328.037647029627,1836.2773254128206,positive
vertex,APLP2,APLP2,,9164.314972442447,7328.867732530021,1835.447239912426,positive
vertex,ATM,ATM,,9164.314972442447,7329.23002213961,1835.0849503028376,positive
vertex,APOBEC1,APOBEC1,,9164.314972442447,7329.597655974429,1834.717316468019,positive
vertex,BATF,BATF,,9164.314972442447,7332.716747154186,1831.5982252882613,positive
vertex,BIRC3,BIRC3,,9164.314972442447,7339.713769194639,1824.6012032478084,positive
vertex,BCL2L11,BCL2L11,,9164.314972442447,7341.477942840017,1822.8370296024304,positive
vertex,BCL3,BCL3,,9164.314972442447,7341.936379686152,1822.3785927562958,positive
vertex,BC006779,BC006779,,9164.314972442447,7343.153755273364,1821.161217169083,positive
vertex,CASP8,CASP8,,9164.314972442447,7343.64688508498,1820.6680873574678,positive
vertex,CD24A,CD24A,,9164.314972442447,7343.872099622203,1820.4428728202447,positive
vertex,CCDC88C,CCDC88C,,9164.314972442447,7344.272479325077,1820.0424931173702,positive
vertex,CD3G,CD3G,,9164.314972442447,7344.325673101866,1819.989299340581,positive
vertex,CCL1,CCL1,,9164.314972442447,7344.621024279086,1819.6939481633617,positive
vertex,CD160,CD160,,9164.314972442447,7345.103808731247,1819.2111637112002,positive
vertex,CCR8,CCR8,,9164.314972442447,7345.185863612344,1819.1291088301032,positive
vertex,CD200,CD200,,9164.314972442447,7345.189583535873,1819.1253889065747,positive
vertex,CCS,CCS,,9164.314972442447,7345.223464732213,1819.0915077102345,positive
vertex,5830443L24RIK,5830443L24RIK,,9164.314972442447,7347.123113522073,1817.1918589203742,positive
vertex,2010002N04RIK,2010002N04RIK,,9164.314972442447,7348.45073680233,1815.8642356401178,positive
vertex,1110059E24RIK,1110059E24RIK,,9164.314972442447,7349.450428028885,1814.8645444135627,positive
vertex,1600014C10RIK,1600014C10RIK,,9164.314972442447,7349.516533350959,1814.798439091488,positive
vertex,0610010O12RIK,0610010O12RIK,,9164.314972442447,7349.758748241485,1814.5562242009628,positive
vertex,1110058L19RIK,1110058L19RIK,,9164.314972442447,7349.877555625108,1814.43741681734,positive
vertex,100041874;544988;ENSMUSG00000063277;ENSMUSG00000068790;ENSMUSG00000072735;GM3194;GM8108;GM8206;LOC100036568;LOC671957,100041874;544988;ENSMUSG00000063277;ENSMUSG00000068790;ENSMUSG00000072735;GM3194;GM8108;GM8206;LOC100036568;LOC671957,,9164.314972442447,7349.985149770271,1814.3298226721763,positive
vertex,1110007C09RIK,1110007C09RIK,,9164.314972442447,7350.028551354527,1814.2864210879206,positive
vertex,9530028C05,9530028C05,,9164.314972442447,7350.087101023748,1814.2278714186996,positive
vertex,ARID5A,ARID5A,,9164.314972442447,7350.326345475252,1813.9886269671952,positive
vertex,A330049M08RIK,A330049M08RIK,,9164.314972442447,7350.927495785318,1813.3874766571298,positive
vertex,CDKN2D;GM4694,CDKN2D;GM4694,,9164.314972442447,7351.156747422987,1813.1582250194606,positive
vertex,AAK1,AAK1,,9164.314972442447,7351.301482156887,1813.0134902855607,positive
vertex,ACSL4,ACSL4,,9164.314972442447,7351.36253104402,1812.9524413984273,positive
vertex,2010111I01RIK,2010111I01RIK,,9164.314972442447,7351.585293822184,1812.7296786202633,positive
vertex,ACOT2,ACOT2,,9164.314972442447,7351.610417261476,1812.7045551809715,positive
vertex,2610019F03RIK,2610019F03RIK,,9164.314972442447,7351.654519912073,1812.6604525303746,positive
vertex,AES,AES,,9164.314972442447,7351.9209560991685,1812.394016343279,positive
vertex,2310016C08RIK,2310016C08RIK,,9164.314972442447,7352.07874263836,1812.236229804087,positive
vertex,AGFG1,AGFG1,,9164.314972442447,7352.195927068588,1812.119045373859,positive
vertex,IGTP,IGTP,,9164.314972442447,7352.27092080785,1812.044051634597,positive
vertex,ADCY7,ADCY7,,9164.314972442447,7352.3058422911035,1812.009130151344,positive
vertex,ADAM9,ADAM9,,9164.314972442447,7352.310441675585,1812.0045307668624,positive
vertex,ADH1,ADH1,,9164.314972442447,7352.3191118946515,1811.995860547796,positive
vertex,ACAT1,ACAT1,,9164.314972442447,7352.338067995967,1811.9769044464801,positive
vertex,AHCYL2,AHCYL2,,9164.314972442447,7352.380192127086,1811.9347803153614,positive
vertex,ANP32A,ANP32A,,9164.314972442447,7352.796045223547,1811.518927218901,positive
vertex,AKNA,AKNA,,9164.314972442447,7353.353628327343,1810.961344115104,positive
vertex,AKAP12,AKAP12,,9164.314972442447,7353.3791452948435,1810.935827147604,positive
vertex,AIM1,AIM1,,9164.314972442447,7353.447816933832,1810.8671555086157,positive
vertex,AHR,AHR,,9164.314972442447,7353.455018851677,1810.8599535907706,positive
vertex,ALCAM,ALCAM,,9164.314972442447,7353.515764277395,1810.7992081650527,positive
vertex,ANKMY2,ANKMY2,,9164.314972442447,7353.5595964142485,1810.755376028199,positive
vertex,IIGP1,IIGP1,,9164.314972442447,7354.364613016485,1809.9503594259622,positive
vertex,IRF6,IRF6,,9164.314972442447,7355.387766401621,1808.9272060408266,positive
vertex,IFIT1,IFIT1,,9164.314972442447,7356.379438326304,1807.9355341161436,positive
vertex,IL15RA,IL15RA,,9164.314972442447,7356.716288805686,1807.598683636761,positive
vertex,BIN1,BIN1,,9164.314972442447,7370.672417158092,1793.6425552843557,positive
vertex,BLCAP,BLCAP,,9164.314972442447,7371.083209056045,1793.2317633864022,positive
vertex,BBX,BBX,,9164.314972442447,7371.1461551858165,1793.168817256631,positive
vertex,CXCL10,CXCL10,,9164.314972442447,7371.182951961973,1793.1320204804742,positive
vertex,BCL11B,BCL11B,,9164.314972442447,7371.379242632005,1792.9357298104424,positive
vertex,BMP2K,BMP2K,,9164.314972442447,7371.646563870069,1792.6684085723782,positive
vertex,BC021614,BC021614,,9164.314972442447,7371.651198948508,1792.6637734939395,positive
vertex,CALCRL,CALCRL,,9164.314972442447,7372.131776385286,1792.1831960571617,positive
vertex,CAPNS1,CAPNS1,,9164.314972442447,7372.646483578527,1791.6684888639202,positive
vertex,CBFB,CBFB,,9164.314972442447,7372.856682962692,1791.4582894797559,positive
vertex,CCDC117,CCDC117,,9164.314972442447,7373.019372875611,1791.2955995668362,positive
vertex,CALM2,CALM2,,9164.314972442447,7373.082589128469,1791.232383313978,positive
vertex,CD28,CD28,,9164.314972442447,7373.292436185518,1791.022536256929,positive
vertex,CD4,CD4,,9164.314972442447,7373.729255399488,1790.58571704296,positive
vertex,CISH,CISH,,9164.314972442447,7375.233399744552,1789.0815726978954,positive
vertex,CDC42EP3,CDC42EP3,,9164.314972442447,7376.141481234632,1788.1734912078155,positive
vertex,CD96,CD96,,9164.314972442447,7376.33279783338,1787.9821746090674,positive
vertex,CD97,CD97,,9164.314972442447,7376.746316152991,1787.5686562894562,positive
vertex,CDC25B,CDC25B,,9164.314972442447,7376.785296229659,1787.5296762127882,positive
vertex,CDYL,CDYL,,9164.314972442447,7377.2084901104445,1787.106482332003,positive
vertex,CDK5R1,CDK5R1,,9164.314972442447,7377.224587221631,1787.0903852208166,positive
vertex,ARRB2,ARRB2,,9164.314972442447,7377.75446039521,1786.5605120472374,positive
vertex,ARRB1,ARRB1,,9164.314972442447,7378.236343959656,1786.0786284827918,positive
vertex,ASAP1,ASAP1,,9164.314972442447,7378.241303905898,1786.0736685365491,positive
vertex,ATL3,ATL3,,9164.314972442447,7378.279370015592,1786.0356024268558,positive
vertex,ASNSD1,ASNSD1,,9164.314972442447,7378.323641476525,1785.9913309659223,positive
vertex,ARMCX2,ARMCX2,,9164.314972442447,7378.538335891476,1785.7766365509715,positive
vertex,ARL4C;LOC632433,ARL4C;LOC632433,,9164.314972442447,7378.67884848233,1785.6361239601174,positive
vertex,1810020D17RIK,1810020D17RIK,,9164.314972442447,7379.14592018309,1785.1690522593572,positive
vertex,BAG3,BAG3,,9164.314972442447,7379.557039274204,1784.7579331682437,positive
vertex,ACP5,ACP5,,9164.314972442447,7379.734917534763,1784.5800549076848,positive
vertex,1700097N02RIK,1700097N02RIK,,9164.314972442447,7380.004047163675,1784.3109252787726,positive
vertex,IL2,IL2,,9164.314972442447,7380.9378945369535,1783.377077905494,positive
vertex,IL2RA,IL2RA,,9164.314972442447,7382.720383044146,1781.5945893983017,positive
vertex,IL21,IL21,,9164.314972442447,7383.936848332598,1780.3781241098495,positive
vertex,IL17RA,IL17RA,,9164.314972442447,7383.957549040002,1780.3574234024454,positive
vertex,IL2RB,IL2RB,,9164.314972442447,7385.122658492318,1779.1923139501296,positive
vertex,IKZF4,IKZF4,,9164.314972442447,7385.9380635468715,1778.376908895576,positive
vertex,IGFBP4,IGFBP4,,9164.314972442447,7386.016036183323,1778.2989362591243,positive
vertex,IFIT2,IFIT2,,9164.314972442447,7387.2216432974965,1777.093329144951,positive
vertex,ILF3,ILF3,,9164.314972442447,7387.326049693976,1776.9889227484719,positive
vertex,ICAM1,ICAM1,,9164.314972442447,7387.875309864199,1776.4396625782483,positive
vertex,IFRG15,IFRG15,,9164.314972442447,7387.9885631473035,1776.326409295144,positive
vertex,IFNG,IFNG,,9164.314972442447,7388.982874461782,1775.3320979806658,positive
vertex,BPGM,BPGM,,9164.314972442447,7395.3338205704395,1768.981151872008,positive
vertex,C79468,C79468,,9164.314972442447,7396.580115741022,1767.734856701425,positive
vertex,CHD7,CHD7,,9164.314972442447,7401.263532515088,1763.0514399273598,positive
vertex,CITED2,CITED2,,9164.314972442447,7401.758507977964,1762.5564644644837,positive
vertex,CHMP1B,CHMP1B,,9164.314972442447,7403.140514864909,1761.1744575775383,positive
vertex,CHMP4B;LOC674706,CHMP4B;LOC674706,,9164.314972442447,7404.428554528869,1759.886417913578,positive
vertex,CUGBP2,CUGBP2,,9164.314972442447,7404.897466485873,1759.4175059565741,positive
vertex,IGF2BP3,IGF2BP3,,9164.314972442447,7408.918522256405,1755.3964501860428,positive
vertex,DAPP1,DAPP1,,9164.314972442447,7409.94034036071,1754.3746320817372,positive
vertex,IL6ST,IL6ST,,9164.314972442447,7410.567443925949,1753.7475285164983,positive
vertex,IGH-6,IGH-6,,9164.314972442447,7411.025000032801,1753.289972409647,positive
vertex,GM9706;ISG15,GM9706;ISG15,,9164.314972442447,7411.21697314218,1753.0979993002675,positive
vertex,IFIH1,IFIH1,,9164.314972442447,7411.696835767154,1752.6181366752935,positive
vertex,INSL3;JAK3,INSL3;JAK3,,9164.314972442447,7411.956510080478,1752.358462361969,positive
vertex,DUSP10,DUSP10,,9164.314972442447,7412.164680848675,1752.1502915937726,positive
vertex,CYTH1,CYTH1,,9164.314972442447,7413.821894655687,1750.4930777867603,positive
vertex,HSD17B10,HSD17B10,,9164.314972442447,7415.24364558625,1749.0713268561976,positive
vertex,HVCN1,HVCN1,,9164.314972442447,7415.272242207529,1749.042730234918,positive
vertex,ID1,ID1,,9164.314972442447,7418.747771135314,1745.5672013071335,positive
vertex,CREB1,CREB1,,9164.314972442447,7429.959024507989,1734.3559479344585,positive
vertex,CWC22;GM14702;GM2100;GM2870;GM2968;GM3322;GM3697;GM4354;LOC100047648;LOC100048186,CWC22;GM14702;GM2100;GM2870;GM2968;GM3322;GM3697;GM4354;LOC100047648;LOC100048186,,9164.314972442447,7431.030663269369,1733.2843091730783,positive
vertex,CLEC2I,CLEC2I,,9164.314972442447,7431.404007255448,1732.9109651869994,positive
vertex,COTL1,COTL1,,9164.314972442447,7431.49361067097,1732.8213617714773,positive
vertex,CKLF,CKLF,,9164.314972442447,7431.946160101194,1732.368812341253,positive
vertex,CLDND1,CLDND1,,9164.314972442447,7431.952024511483,1732.3629479309648,positive
vertex,CTSB,CTSB,,9164.314972442447,7432.557435739214,1731.7575367032332,positive
vertex,CSRP1,CSRP1,,9164.314972442447,7433.66588566512,1730.6490867773273,positive
vertex,ECM1,ECM1,,9164.314972442447,7433.70536738052,1730.6096050619271,positive
vertex,IRF9,IRF9,,9164.314972442447,7433.740076465999,1730.5748959764487,positive
vertex,CRIP1,CRIP1,,9164.314972442447,7434.95373268386,1729.3612397585875,positive
vertex,DNAJC15,DNAJC15,,9164.314972442447,7435.318941182659,1728.9960312597887,positive
vertex,LOC100048346;USP18,LOC100048346;USP18,,9164.314972442447,7435.929155580669,1728.385816861778,positive
vertex,EGR2,EGR2,,9164.314972442447,7436.161371739839,1728.1536007026089,positive
vertex,HIST1H1C,HIST1H1C,,9164.314972442447,7436.541811666009,1727.773160776438,positive
vertex,ITM2A,ITM2A,,9164.314972442447,7437.6900824310205,1726.624890011427,positive
vertex,LRIG1,LRIG1,,9164.314972442447,7438.023744904737,1726.2912275377103,positive
vertex,IL3,IL3,,9164.314972442447,7438.112750110212,1726.2022223322356,positive
vertex,ITIH5,ITIH5,,9164.314972442447,7438.185058494595,1726.1299139478524,positive
vertex,GADD45G,GADD45G,,9164.314972442447,7438.7163350159335,1725.598637426514,positive
vertex,CXCR3,CXCR3,,9164.314972442447,7438.86152689572,1725.4534455467274,positive
vertex,HPCAL1,HPCAL1,,9164.314972442447,7439.109509665509,1725.2054627769385,positive
vertex,DUSP1,DUSP1,,9164.314972442447,7439.179300899457,1725.1356715429902,positive
vertex,EGR1,EGR1,,9164.314972442447,7439.501975151754,1724.8129972906936,positive
vertex,DCLRE1A,DCLRE1A,,9164.314972442447,7439.52446003968,1724.7905124027675,positive
vertex,CXCR5,CXCR5,,9164.314972442447,7439.625096899605,1724.6898755428429,positive
vertex,HOOK2,HOOK2,,9164.314972442447,7442.016430333029,1722.2985421094181,positive
vertex,HLCS,HLCS,,9164.314972442447,7444.357729616467,1719.9572428259808,positive
vertex,HK2,HK2,,9164.314972442447,7445.9464935214755,1718.368478920972,positive
vertex,IFI47,IFI47,,9164.314972442447,7446.784566773962,1717.5304056684854,positive
vertex,IER5,IER5,,9164.314972442447,7446.917493133245,1717.397479309202,positive
vertex,IFI35,IFI35,,9164.314972442447,7447.077607959475,1717.2373644829722,positive
vertex,ID3,ID3,,9164.314972442447,7447.16222544891,1717.1527469935372,positive
vertex,IFI27L2A,IFI27L2A,,9164.314972442447,7447.194031977243,1717.1209404652045,positive
vertex,ID2,ID2,,9164.314972442447,7447.204719479896,1717.1102529625514,positive
vertex,IFI203,IFI203,,9164.314972442447,7447.572181631735,1716.742790810713,positive
vertex,CMTM7,CMTM7,,9164.314972442447,7458.372617469058,1705.9423549733892,positive
vertex,CORO1B,CORO1B,,9164.314972442447,7458.458847053448,1705.8561253889993,positive
vertex,FAS,FAS,,9164.314972442447,7460.954826335237,1703.3601461072103,positive
vertex,IRGM1,IRGM1,,9164.314972442447,7461.623498749708,1702.6914736927392,positive
vertex,GBP2,GBP2,,9164.314972442447,7461.767354554918,1702.5476178875297,positive
vertex,E430028B21RIK,E430028B21RIK,,9164.314972442447,7462.142555886711,1702.1724165557362,positive
vertex,GBP3,GBP3,,9164.314972442447,7462.150808484963,1702.1641639574846,positive
vertex,GBP6,GBP6,,9164.314972442447,7462.188891653312,1702.1260807891358,positive
vertex,DYX1C1,DYX1C1,,9164.314972442447,7462.24429712733,1702.0706753151171,positive
vertex,CTLA2A,CTLA2A,,9164.314972442447,7462.486294630561,1701.8286778118863,positive
vertex,GDAP10,GDAP10,,9164.314972442447,7462.508696315793,1701.8062761266547,positive
vertex,CTLA2A;CTLA2B,CTLA2A;CTLA2B,,9164.314972442447,7462.553408826419,1701.761563616028,positive
vertex,GEM,GEM,,9164.314972442447,7462.688157208684,1701.6268152337634,positive
vertex,GCH1,GCH1,,9164.314972442447,7462.803584661312,1701.5113877811355,positive
vertex,GLIPR2,GLIPR2,,9164.314972442447,7462.817647670415,1701.4973247720327,positive
vertex,CXCR4,CXCR4,,9164.314972442447,7462.8192246480685,1701.495747794379,positive
vertex,GGT5,GGT5,,9164.314972442447,7462.945549400989,1701.3694230414585,positive
vertex,DZIP1,DZIP1,,9164.314972442447,7463.013241092703,1701.3017313497448,positive
vertex,GCC1,GCC1,,9164.314972442447,7463.098479926986,1701.2164925154611,positive
vertex,IQGAP2,IQGAP2,,9164.314972442447,7463.515651678711,1700.7993207637364,positive
vertex,DNMT3A,DNMT3A,,9164.314972442447,7463.52988788349,1700.7850845589574,positive
vertex,EMP1,EMP1,,9164.314972442447,7463.7312364013105,1700.583736041137,positive
vertex,ISG20,ISG20,,9164.314972442447,7463.752748920863,1700.5622235215842,positive
vertex,IRGM2,IRGM2,,9164.314972442447,7463.796544162846,1700.5184282796017,positive
vertex,LOC100046232;NFIL3,LOC100046232;NFIL3,,9164.314972442447,7463.997380971848,1700.3175914705998,positive
vertex,MAP3K8,MAP3K8,,9164.314972442447,7464.377762035499,1699.937210406949,positive
vertex,GSN,GSN,,9164.314972442447,7464.4535645671385,1699.861407875309,positive
vertex,GPR65,GPR65,,9164.314972442447,7464.575923478831,1699.7390489636164,positive
vertex,DERL1,DERL1,,9164.314972442447,7464.721655198543,1699.5933172439045,positive
vertex,DUSP6,DUSP6,,9164.314972442447,7464.89448803528,1699.4204844071674,positive
vertex,EIF2AK2,EIF2AK2,,9164.314972442447,7465.00987359306,1699.3050988493878,positive
vertex,GRHL1;LOC100043996,GRHL1;LOC100043996,,9164.314972442447,7465.060027804425,1699.2549446380226,positive
vertex,DCPS,DCPS,,9164.314972442447,7465.183684859461,1699.1312875829863,positive
vertex,GPR146,GPR146,,9164.314972442447,7465.193542439955,1699.1214300024922,positive
vertex,DGUOK,DGUOK,,9164.314972442447,7465.238011844574,1699.076960597873,positive
vertex,MAPK3,MAPK3,,9164.314972442447,7465.286017288899,1699.0289551535488,positive
vertex,LOC433762,LOC433762,,9164.314972442447,7465.322937052976,1698.9920353894713,positive
vertex,DAZAP2,DAZAP2,,9164.314972442447,7465.599819221017,1698.7151532214302,positive
vertex,DUSP22,DUSP22,,9164.314972442447,7465.665247250061,1698.6497251923865,positive
vertex,JUN,JUN,,9164.314972442447,7465.991557332867,1698.3234151095803,positive
vertex,DUSP2,DUSP2,,9164.314972442447,7466.172885883689,1698.1420865587588,positive
vertex,LOC100047324;SESN1,LOC100047324;SESN1,,9164.314972442447,7466.229359171143,1698.0856132713043,positive
vertex,LOC100047565;MMD,LOC100047565;MMD,,9164.314972442447,7466.525838175822,1697.7891342666253,positive
vertex,LOC100046643;SPRY1,LOC100046643;SPRY1,,9164.314972442447,7466.661481555117,1697.653490887331,positive
vertex,GADD45A,GADD45A,,9164.314972442447,7466.731314773975,1697.5836576684724,positive
vertex,ITGB3BP,ITGB3BP,,9164.314972442447,7466.841666923942,1697.4733055185052,positive
vertex,LRRC59,LRRC59,,9164.314972442447,7467.073908942158,1697.2410635002898,positive
vertex,DUSP16,DUSP16,,9164.314972442447,7467.185041739574,1697.129930702873,positive
vertex,LRRFIP1,LRRFIP1,,9164.314972442447,7467.73496746826,1696.5800049741874,positive
vertex,LTA,LTA,,9164.314972442447,7467.871193660537,1696.4437787819106,positive
vertex,JMJD1C,JMJD1C,,9164.314972442447,7468.076500452451,1696.2384719899965,positive
vertex,GSTM1,GSTM1,,9164.314972442447,7468.14413110737,1696.170841335077,positive
vertex,LSP1,LSP1,,9164.314972442447,7468.314428634444,1696.0005438080034,positive
vertex,ETS2,ETS2,,9164.314972442447,7468.3495830908905,1695.965389351557,positive
vertex,IRF8,IRF8,,9164.314972442447,7468.906940992977,1695.4080314494704,positive
vertex,ETS1,ETS1,,9164.314972442447,7469.192393764243,1695.1225786782043,positive
vertex,EGLN3,EGLN3,,9164.314972442447,7469.222912449611,1695.0920599928368,positive
vertex,JAK3,JAK3,,9164.314972442447,7470.087912699808,1694.2270597426395,positive
vertex,IVD,IVD,,9164.314972442447,7470.343147563134,1693.9718248793133,positive
vertex,FLI1,FLI1,,9164.314972442447,7476.319874666721,1687.9950977757262,positive
vertex,GOLM1,GOLM1,,9164.314972442447,7488.637722980125,1675.6772494623228,positive
vertex,CTLA2B,CTLA2B,,9164.314972442447,7489.663670029209,1674.6513024132382,positive
vertex,MARCKSL1,MARCKSL1,,9164.314972442447,7490.122846797613,1674.192125644834,positive
vertex,FES,FES,,9164.314972442447,7490.795326592311,1673.5196458501368,positive
vertex,EVL;LOC100047333,EVL;LOC100047333,,9164.314972442447,7491.029796610342,1673.2851758321058,positive
vertex,GM2A,GM2A,,9164.314972442447,7491.216821832321,1673.0981506101261,positive
vertex,EMP3,EMP3,,9164.314972442447,7491.374296658345,1672.9406757841025,positive
vertex,GALNT6;LOC100047499,GALNT6;LOC100047499,,9164.314972442447,7491.826763561865,1672.4882088805825,positive
vertex,GALNT7,GALNT7,,9164.314972442447,7491.958730945528,1672.3562414969192,positive
vertex,ETV6,ETV6,,9164.314972442447,7492.18607394372,1672.1288984987277,positive
vertex,ELOVL6,ELOVL6,,9164.314972442447,7492.548260657819,1671.7667117846286,positive
vertex,ELK3,ELK3,,9164.314972442447,7492.735871355131,1671.5791010873163,positive
vertex,LY6A,LY6A,,9164.314972442447,7492.971482319275,1671.3434901231722,positive
vertex,ENO3,ENO3,,9164.314972442447,7493.336828194566,1670.9781442478816,positive
vertex,GALM,GALM,,9164.314972442447,7493.674155742211,1670.6408167002364,positive
vertex,ELL2,ELL2,,9164.314972442447,7493.732055676259,1670.5829167661886,positive
vertex,DCK,DCK,,9164.314972442447,7493.953014755614,1670.3619576868332,positive
vertex,EIF1AY,EIF1AY,,9164.314972442447,7494.269825819343,1670.0451466231043,positive
vertex,DAXX,DAXX,,9164.314972442447,7494.410818097109,1669.9041543453386,positive
vertex,HIF1A,HIF1A,,9164.314972442447,7494.436765633418,1669.8782068090295,positive
vertex,EHD3,EHD3,,9164.314972442447,7494.438046028584,1669.8769264138637,positive
vertex,JMJD6,JMJD6,,9164.314972442447,7494.511077957122,1669.8038944853251,positive
vertex,KDM2B,KDM2B,,9164.314972442447,7494.891306289638,1669.4236661528093,positive
vertex,ETHE1,ETHE1,,9164.314972442447,7495.158810165091,1669.156162277356,positive
vertex,ESYT1,ESYT1,,9164.314972442447,7495.357831630354,1668.9571408120937,positive
vertex,ETFB,ETFB,,9164.314972442447,7495.7414559099625,1668.573516532485,positive
vertex,FLOT1,FLOT1,,9164.314972442447,7495.830730363389,1668.4842420790583,positive
vertex,LOC100045709;UBLCP1,LOC100045709;UBLCP1,,9164.314972442447,7495.944686857575,1668.3702855848724,positive
vertex,FOXO1,FOXO1,,9164.314972442447,7496.806453190636,1667.5085192518118,positive
vertex,HINT3,HINT3,,9164.314972442447,7497.113310534182,1667.2016619082651,positive
vertex,FNDC3A,FNDC3A,,9164.314972442447,7497.604835119152,1666.7101373232954,positive
vertex,FLT3L,FLT3L,,9164.314972442447,7497.610090152123,1666.7048822903243,positive
vertex,HDDC2,HDDC2,,9164.314972442447,7497.7735701067295,1666.541402335718,positive
vertex,FUT8,FUT8,,9164.314972442447,7497.796567020765,1666.5184054216825,positive
vertex,FXYD5,FXYD5,,9164.314972442447,7497.934402775385,1666.3805696670624,positive
vertex,RELA,RELA,,9164.314972442447,7502.791034222341,1661.5239382201062,positive
vertex,REL,REL,,9164.314972442447,7503.008567326298,1661.306405116149,positive
vertex,FKBP1A,FKBP1A,,9164.314972442447,7516.212686414817,1648.1022860276307,positive
vertex,GATA3,GATA3,,9164.314972442447,7516.236417166982,1648.078555275465,positive
vertex,FAM102A,FAM102A,,9164.314972442447,7516.754466155187,1647.56050628726,positive
vertex,FAM36A,FAM36A,,9164.314972442447,7516.969008803478,1647.3459636389698,positive
vertex,EZH1,EZH1,,9164.314972442447,7517.303141700124,1647.0118307423236,positive
vertex,FAM82A2,FAM82A2,,9164.314972442447,7517.524839965237,1646.7901324772101,positive
vertex,MCL1,MCL1,,9164.314972442447,7517.6098935557875,1646.70507888666,positive
vertex,MAX,MAX,,9164.314972442447,7518.510542282863,1645.8044301595846,positive
vertex,MLLT6,MLLT6,,9164.314972442447,7518.694280273121,1645.6206921693265,positive
vertex,MKNK2,MKNK2,,9164.314972442447,7519.403566765789,1644.9114056766584,positive
vertex,MLEC,MLEC,,9164.314972442447,7519.467813399373,1644.8471590430745,positive
vertex,EVI2A,EVI2A,,9164.314972442447,7519.55576054054,1644.7592119019073,positive
vertex,EVI2B,EVI2B,,9164.314972442447,7519.608413372837,1644.7065590696102,positive
vertex,LIF,LIF,,9164.314972442447,7521.270091371406,1643.0448810710413,positive
vertex,ERAP1,ERAP1,,9164.314972442447,7521.270271700621,1643.044700741826,positive
vertex,LGALS3BP,LGALS3BP,,9164.314972442447,7521.329544138998,1642.9854283034492,positive
vertex,LOC100044703;MARCH2,LOC100044703;MARCH2,,9164.314972442447,7521.345625362326,1642.9693470801212,positive
vertex,MPA2L,MPA2L,,9164.314972442447,7521.727346504998,1642.587625937449,positive
vertex,EOMES,EOMES,,9164.314972442447,7521.972627391415,1642.3423450510327,positive
vertex,FRMD4B,FRMD4B,,9164.314972442447,7522.1204622981,1642.194510144347,positive
vertex,EPB4.1L2,EPB4.1L2,,9164.314972442447,7522.262881045273,1642.052091397174,positive
vertex,ERC1,ERC1,,9164.314972442447,7522.290835390338,1642.0241370521098,positive
vertex,KLF10,KLF10,,9164.314972442447,7522.625681864402,1641.689290578045,positive
vertex,KLF3;LOC100046855,KLF3;LOC100046855,,9164.314972442447,7522.703666027224,1641.6113064152232,positive
vertex,LOC100046186;RAMP3,LOC100046186;RAMP3,,9164.314972442447,7522.70629002801,1641.6086824144377,positive
vertex,KLHL5,KLHL5,,9164.314972442447,7522.800695102448,1641.5142773399994,positive
vertex,LOC100044101;TXNRD2,LOC100044101;TXNRD2,,9164.314972442447,7523.114438884423,1641.2005335580243,positive
vertex,ERCC5,ERCC5,,9164.314972442447,7523.198431939671,1641.1165405027768,positive
vertex,FURIN,FURIN,,9164.314972442447,7523.297771134018,1641.0172013084293,positive
vertex,ERMP1,ERMP1,,9164.314972442447,7523.306796955982,1641.008175486466,positive
vertex,LOC100045833;LY6C1;LY6C2,LOC100045833;LY6C1;LY6C2,,9164.314972442447,7523.35303875252,1640.9619336899277,positive
vertex,KLF6,KLF6,,9164.314972442447,7523.519272371312,1640.7957000711358,positive
vertex,GATAD2B,GATAD2B,,9164.314972442447,7523.702290248714,1640.6126821937332,positive
vertex,LAG3,LAG3,,9164.314972442447,7523.890946590797,1640.4240258516502,positive
vertex,LGALS9,LGALS9,,9164.314972442447,7524.026384464093,1640.2885879783544,positive
vertex,FLNA,FLNA,,9164.314972442447,7525.139749033982,1639.1752234084652,positive
vertex,LBP,LBP,,9164.314972442447,7525.383227776898,1638.9317446655496,positive
vertex,LAMP2,LAMP2,,9164.314972442447,7525.41630634618,1638.8986660962673,positive
vertex,LASS4,LASS4,,9164.314972442447,7525.756802780496,1638.558169661951,positive
vertex,LAP3,LAP3,,9164.314972442447,7525.972834108609,1638.3421383338382,positive
vertex,LEF1,LEF1,,9164.314972442447,7526.1596747191925,1638.155297723255,positive
vertex,LGALS7,LGALS7,,9164.314972442447,7529.273755206628,1635.0412172358192,positive
vertex,FAM111A,FAM111A,,9164.314972442447,7541.81239521829,1622.502577224158,positive
vertex,MBOAT1,MBOAT1,,9164.314972442447,7545.799415589114,1618.5155568533337,positive
vertex,METTL8,METTL8,,9164.314972442447,7545.839529642338,1618.4754428001097,positive
vertex,ME2,ME2,,9164.314972442447,7546.039516204276,1618.2754562381715,positive
vertex,MITD1,MITD1,,9164.314972442447,7546.040566202621,1618.274406239826,positive
vertex,MGST2,MGST2,,9164.314972442447,7546.041713779902,1618.2732586625452,positive
vertex,MCOLN2,MCOLN2,,9164.314972442447,7546.15895391234,1618.1560185301078,positive
vertex,MCM4,MCM4,,9164.314972442447,7546.159790802715,1618.1551816397323,positive
vertex,MRPL52,MRPL52,,9164.314972442447,7547.4356850316635,1616.879287410784,positive
vertex,LITAF,LITAF,,9164.314972442447,7547.651217464449,1616.663754977999,positive
vertex,MMD,MMD,,9164.314972442447,7548.718392630441,1615.596579812007,positive
vertex,KLRD1,KLRD1,,9164.314972442447,7549.757737487813,1614.5572349546346,positive
vertex,LAD1,LAD1,,9164.314972442447,7549.76765340591,1614.5473190365374,positive
vertex,KRAS,KRAS,,9164.314972442447,7549.807778170312,1614.5071942721352,positive
vertex,KLHDC2,KLHDC2,,9164.314972442447,7551.6539222804395,1612.661050162008,positive
vertex,KLF9,KLF9,,9164.314972442447,7551.897956201742,1612.4170162407054,positive
vertex,NFKB1,NFKB1,,9164.314972442447,7554.261265227453,1610.0537072149946,positive
vertex,NMI,NMI,,9164.314972442447,7555.304569914589,1609.0104025278588,positive
vertex,NR4A2,NR4A2,,9164.314972442447,7556.3126250953765,1608.002347347071,positive
vertex,LIPA,LIPA,,9164.314972442447,7573.020235326241,1591.2947371162063,positive
vertex,LIPG,LIPG,,9164.314972442447,7573.2707867209465,1591.044185721501,positive
vertex,MS4A4B,MS4A4B,,9164.314972442447,7574.143960507489,1590.1710119349582,positive
vertex,MYB,MYB,,9164.314972442447,7574.430635462347,1589.8843369801007,positive
vertex,MYD88,MYD88,,9164.314972442447,7576.036928359559,1588.2780440828883,positive
vertex,NAMPT,NAMPT,,9164.314972442447,7578.655144193454,1585.659828248993,positive
vertex,NCOA1,NCOA1,,9164.314972442447,7578.731939708228,1585.5830327342192,positive
vertex,MYO6,MYO6,,9164.314972442447,7578.763518959789,1585.5514534826589,positive
vertex,NCOA3,NCOA3,,9164.314972442447,7579.6238507888365,1584.691121653611,positive
vertex,NBN,NBN,,9164.314972442447,7579.733850774868,1584.5811216675793,positive
vertex,NFIL3,NFIL3,,9164.314972442447,7580.609719918652,1583.705252523795,positive
vertex,PTS,PTS,,9164.314972442447,7587.8114059429045,1576.503566499543,positive
vertex,PYHIN1,PYHIN1,,9164.314972442447,7588.043828089296,1576.2711443531516,positive
vertex,MTSS1,MTSS1,,9164.314972442447,7602.1227775152065,1562.192194927241,positive
vertex,MTA3,MTA3,,9164.314972442447,7602.4612417456165,1561.853730696831,positive
vertex,NFE2L2,NFE2L2,,9164.314972442447,7605.605479438319,1558.7094930041285,positive
vertex,NDRG3,NDRG3,,9164.314972442447,7605.6684889618355,1558.646483480612,positive
vertex,NIPA2,NIPA2,,9164.314972442447,7607.746786011268,1556.5681864311791,positive
vertex,NFKBIZ,NFKBIZ,,9164.314972442447,7607.843374663499,1556.4715977789483,positive
vertex,SMAD2,SMAD2,,9164.314972442447,7608.399481570379,1555.9154908720684,positive
vertex,NSG2,NSG2,,9164.314972442447,7608.488942898389,1555.8260295440587,positive
vertex,SMARCA4,SMARCA4,,9164.314972442447,7609.43138286079,1554.8835895816574,positive
vertex,NR3C1,NR3C1,,9164.314972442447,7609.448284030638,1554.8666884118093,positive
vertex,NUDT4,NUDT4,,9164.314972442447,7609.887241223018,1554.42773121943,positive
vertex,NT5C3L,NT5C3L,,9164.314972442447,7609.914681622243,1554.4002908202046,positive
vertex,NMT2,NMT2,,9164.314972442447,7609.937196614212,1554.3777758282358,positive
vertex,NOTCH1,NOTCH1,,9164.314972442447,7609.95785549821,1554.3571169442375,positive
vertex,NOC4L,NOC4L,,9164.314972442447,7610.209717571168,1554.1052548712796,positive
vertex,NPC1,NPC1,,9164.314972442447,7610.273565601918,1554.0414068405298,positive
vertex,PLEC1,PLEC1,,9164.314972442447,7612.316850771846,1551.998121670602,positive
vertex,OAS1B,OAS1B,,9164.314972442447,7612.846266725929,1551.4687057165183,positive
vertex,OAS2,OAS2,,9164.314972442447,7612.890234723686,1551.4247377187612,positive
vertex,OASL2,OASL2,,9164.314972442447,7613.136267701575,1551.1787047408725,positive
vertex,OAS3,OAS3,,9164.314972442447,7613.747268074677,1550.5677043677706,positive
vertex,PVT1,PVT1,,9164.314972442447,7615.007114632115,1549.3078578103323,positive
vertex,RAB18,RAB18,,9164.314972442447,7615.057376871762,1549.2575955706852,positive
vertex,PYCARD,PYCARD,,9164.314972442447,7615.312476640435,1549.0024958020122,positive
vertex,RAPGEF6,RAPGEF6,,9164.314972442447,7615.462083415039,1548.8528890274083,positive
vertex,RAB7L1,RAB7L1,,9164.314972442447,7615.554935909024,1548.7600365334238,positive
vertex,PTGER4,PTGER4,,9164.314972442447,7615.655229142354,1548.6597433000934,positive
vertex,PVR,PVR,,9164.314972442447,7617.675170160692,1546.6398022817557,positive
vertex,PLSCR1,PLSCR1,,9164.314972442447,7638.946833955257,1525.3681384871907,positive
vertex,PSMG4,PSMG4,,9164.314972442447,7639.797453627419,1524.5175188150288,positive
vertex,PLAGL1,PLAGL1,,9164.314972442447,7640.833933854123,1523.4810385883247,positive
vertex,POU2AF1,POU2AF1,,9164.314972442447,7641.033151198047,1523.2818212444008,positive
vertex,PPA1,PPA1,,9164.314972442447,7641.475666510277,1522.8393059321706,positive
vertex,PPP2R5A,PPP2R5A,,9164.314972442447,7641.640351856604,1522.6746205858435,positive
vertex,RAP1GDS1,RAP1GDS1,,9164.314972442447,7642.39151308921,1521.9234593532374,positive
vertex,OGFR,OGFR,,9164.314972442447,7642.436973050528,1521.8779993919197,positive
vertex,PTTG1IP,PTTG1IP,,9164.314972442447,7642.557895207934,1521.7570772345134,positive
vertex,PML,PML,,9164.314972442447,7642.620900764814,1521.6940716776335,positive
vertex,PTP4A1,PTP4A1,,9164.314972442447,7642.929065184537,1521.3859072579107,positive
vertex,PNPT1,PNPT1,,9164.314972442447,7642.943702435781,1521.3712700066662,positive
vertex,PTEN,PTEN,,9164.314972442447,7643.031636744511,1521.2833356979363,positive
vertex,PSTPIP1,PSTPIP1,,9164.314972442447,7643.110045262486,1521.2049271799615,positive
vertex,PTPN1,PTPN1,,9164.314972442447,7643.206173252113,1521.1087991903341,positive
vertex,OXCT1,OXCT1,,9164.314972442447,7643.4605477233,1520.8544247191476,positive
vertex,RANBP10,RANBP10,,9164.314972442447,7643.490863934306,1520.8241085081418,positive
vertex,RASSF2,RASSF2,,9164.314972442447,7644.565851138167,1519.7491213042804,positive
vertex,RCSD1,RCSD1,,9164.314972442447,7644.956929619214,1519.3580428232335,positive
vertex,RASGRP1,RASGRP1,,9164.314972442447,7644.9712268555395,1519.343745586908,positive
vertex,PMEPA1,PMEPA1,,9164.314972442447,7645.037359802749,1519.2776126396984,positive
vertex,RBPMS2,RBPMS2,,9164.314972442447,7645.111699004464,1519.2032734379836,positive
vertex,REEP5,REEP5,,9164.314972442447,7645.14879532762,1519.1661771148274,positive
vertex,PHLDB1,PHLDB1,,9164.314972442447,7645.204230411719,1519.110742030728,positive
vertex,PHIP,PHIP,,9164.314972442447,7645.696894576156,1518.618077866291,positive
vertex,PDGFB,PDGFB,,9164.314972442447,7645.726187763445,1518.5887846790029,positive
vertex,PGRMC1,PGRMC1,,9164.314972442447,7645.986829008679,1518.3281434337687,positive
vertex,PGAP2,PGAP2,,9164.314972442447,7645.987409686908,1518.3275627555395,positive
vertex,PET112L,PET112L,,9164.314972442447,7646.270804533176,1518.044167909272,positive
vertex,PHF21A,PHF21A,,9164.314972442447,7646.280607086975,1518.0343653554728,positive
vertex,PARP9,PARP9,,9164.314972442447,7664.9939228267895,1499.321049615658,positive
vertex,PPME1,PPME1,,9164.314972442447,7667.387530231164,1496.927442211283,positive
vertex,PRNP,PRNP,,9164.314972442447,7667.905384296018,1496.409588146429,positive
vertex,PSMA4,PSMA4,,9164.314972442447,7668.031193289929,1496.283779152518,positive
vertex,PSMA7,PSMA7,,9164.314972442447,7668.035881324835,1496.2790911176126,positive
vertex,PHLDA1,PHLDA1,,9164.314972442447,7669.900387475981,1494.4145849664665,positive
vertex,PLEKHO1,PLEKHO1,,9164.314972442447,7669.961185594214,1494.3537868482335,positive
vertex,PDCD4,PDCD4,,9164.314972442447,7670.276356712437,1494.0386157300109,positive
vertex,PIP4K2A,PIP4K2A,,9164.314972442447,7670.580462857579,1493.7345095848686,positive
vertex,PRDM1,PRDM1,,9164.314972442447,7670.591314926526,1493.7236575159213,positive
vertex,PRICKLE1,PRICKLE1,,9164.314972442447,7670.902523990681,1493.412448451766,positive
vertex,P2RY14,P2RY14,,9164.314972442447,7671.045813868375,1493.2691585740722,positive
vertex,PIM1,PIM1,,9164.314972442447,7671.294842052422,1493.0201303900258,positive
vertex,PQLC1,PQLC1,,9164.314972442447,7671.530012884985,1492.7849595574626,positive
vertex,PQLC3,PQLC3,,9164.314972442447,7671.552147288635,1492.7628251538126,positive
vertex,PIK3R1,PIK3R1,,9164.314972442447,7671.629209107657,1492.6857633347909,positive
vertex,ORAI1,ORAI1,,9164.314972442447,7671.863866806163,1492.4511056362844,positive
vertex,PHLPP1,PHLPP1,,9164.314972442447,7671.865548664438,1492.449423778009,positive
vertex,PIM2,PIM2,,9164.314972442447,7671.90171643359,1492.4132560088574,positive
vertex,PHKB,PHKB,,9164.314972442447,7671.960416879386,1492.3545555630617,positive
vertex,PKP3,PKP3,,9164.314972442447,7673.724282226478,1490.5906902159695,positive
vertex,PKP4,PKP4,,9164.314972442447,7674.7145066451085,1489.600465797339,positive
vertex,RTP4,RTP4,,9164.314972442447,7696.052768781454,1468.2622036609937,positive
vertex,PRKCQ,PRKCQ,,9164.314972442447,7696.277063043232,1468.037909399215,positive
vertex,PARP12,PARP12,,9164.314972442447,7696.5751420723645,1467.739830370083,positive
vertex,PDE8A,PDE8A,,9164.314972442447,7696.949259132305,1467.3657133101424,positive
vertex,PDCD1LG2,PDCD1LG2,,9164.314972442447,7698.384570854297,1465.9304015881507,positive
vertex,PDE7A,PDE7A,,9164.314972442447,7699.199283959712,1465.115688482735,positive
vertex,PITPNM1,PITPNM1,,9164.314972442447,7699.942029510476,1464.372942931972,positive
vertex,PAK1IP1,PAK1IP1,,9164.314972442447,7700.1260294838,1464.1889429586472,positive
vertex,PADI2,PADI2,,9164.314972442447,7700.803593292253,1463.5113791501944,positive
vertex,PARP14,PARP14,,9164.314972442447,7700.917656909699,1463.3973155327485,positive
vertex,SSBP3,SSBP3,,9164.314972442447,7702.411954564634,1461.903017877814,positive
vertex,RUNX1,RUNX1,,9164.314972442447,7716.305946713471,1448.0090257289767,positive
vertex,SH3BGRL3,SH3BGRL3,,9164.314972442447,7719.083084225739,1445.2318882167083,positive
vertex,SESN2,SESN2,,9164.314972442447,7719.868983875805,1444.4459885666429,positive
vertex,SH2D3C,SH2D3C,,9164.314972442447,7720.383353599148,1443.9316188432995,positive
vertex,SATB1,SATB1,,9164.314972442447,7720.591757364398,1443.7232150780492,positive
vertex,SEMA4A,SEMA4A,,9164.314972442447,7720.69497368586,1443.6199987565878,positive
vertex,SERPINB9,SERPINB9,,9164.314972442447,7720.751521449699,1443.5634509927486,positive
vertex,SEMA7A,SEMA7A,,9164.314972442447,7720.852175674721,1443.462796767726,positive
vertex,SAP18,SAP18,,9164.314972442447,7720.902636908653,1443.4123355337942,positive
vertex,SAMHD1,SAMHD1,,9164.314972442447,7721.02102269538,1443.293949747067,positive
vertex,RRAS2,RRAS2,,9164.314972442447,7721.756968844251,1442.5580035981966,positive
vertex,SAMSN1,SAMSN1,,9164.314972442447,7721.896864212017,1442.4181082304303,positive
vertex,STAT1,STAT1,,9164.314972442447,7722.5426006109465,1441.772371831501,positive
vertex,RNF149,RNF149,,9164.314972442447,7722.934399984871,1441.3805724575768,positive
vertex,RNF123,RNF123,,9164.314972442447,7723.113303682085,1441.2016687603627,positive
vertex,RNFT1,RNFT1,,9164.314972442447,7723.175313771489,1441.1396586709589,positive
vertex,RGS1,RGS1,,9164.314972442447,7723.52999755808,1440.7849748843673,positive
vertex,RNF114,RNF114,,9164.314972442447,7723.83055579111,1440.4844166513376,positive
vertex,RNASEL,RNASEL,,9164.314972442447,7723.8972909396525,1440.417681502795,positive
vertex,RGS2,RGS2,,9164.314972442447,7724.084410416557,1440.2305620258903,positive
vertex,RILPL2,RILPL2,,9164.314972442447,7724.113681911324,1440.201290531123,positive
vertex,RGS16,RGS16,,9164.314972442447,7724.143781219267,1440.1711912231804,positive
vertex,RIPK1,RIPK1,,9164.314972442447,7724.177467235975,1440.1375052064723,positive
vertex,PCTK1,PCTK1,,9164.314972442447,7726.394517777721,1437.920454664726,positive
vertex,SP4,SP4,,9164.314972442447,7727.616420087406,1436.698552355041,positive
vertex,SPHK1,SPHK1,,9164.314972442447,7731.294399565641,1433.020572876807,positive
vertex,SPSB1,SPSB1,,9164.314972442447,7732.41485735652,1431.9001150859276,positive
vertex,SPIN4,SPIN4,,9164.314972442447,7732.4447153827205,1431.870257059727,positive
vertex,SFI1,SFI1,,9164.314972442447,7745.874926319014,1418.4400461234336,positive
vertex,SASH3,SASH3,,9164.314972442447,7746.146401540986,1418.1685709014619,positive
vertex,SGK1,SGK1,,9164.314972442447,7748.0777183917935,1416.237254050654,positive
vertex,SERPINB6B,SERPINB6B,,9164.314972442447,7748.079599183421,1416.2353732590263,positive
vertex,SEPT6,SEPT6,,9164.314972442447,7748.118928645457,1416.1960437969901,positive
vertex,SERPINA3G,SERPINA3G,,9164.314972442447,7748.263786605707,1416.0511858367408,positive
vertex,SLC25A30,SLC25A30,,9164.314972442447,7749.279623028691,1415.0353494137562,positive
vertex,SIT1,SIT1,,9164.314972442447,7749.956176757666,1414.3587956847814,positive
vertex,SH3KBP1,SH3KBP1,,9164.314972442447,7749.987503496971,1414.3274689454765,positive
vertex,SIK1,SIK1,,9164.314972442447,7750.410611425936,1413.9043610165118,positive
vertex,SLAMF7,SLAMF7,,9164.314972442447,7750.4481846782355,1413.866787764212,positive
vertex,SKAP2,SKAP2,,9164.314972442447,7750.896476566941,1413.4184958755068,positive
vertex,SKI,SKI,,9164.314972442447,7751.080510035297,1413.2344624071502,positive
vertex,SIAH1A,SIAH1A,,9164.314972442447,7751.139873005866,1413.1750994365811,positive
vertex,SIAH1A;SIAH1B,SIAH1A;SIAH1B,,9164.314972442447,7751.206959176023,1413.1080132664247,positive
vertex,SIDT1,SIDT1,,9164.314972442447,7751.405789291939,1412.9091831505084,positive
vertex,SRGN,SRGN,,9164.314972442447,7755.775337685505,1408.5396347569422,positive
vertex,SP100,SP100,,9164.314972442447,7770.485458115067,1393.8295143273808,positive
vertex,SLC30A4,SLC30A4,,9164.314972442447,7778.0046285324925,1386.310343909955,positive
vertex,SLC39A1,SLC39A1,,9164.314972442447,7779.550752332073,1384.7642201103745,positive
vertex,SLFN1,SLFN1,,9164.314972442447,7779.575320622194,1384.7396518202531,positive
vertex,SLCO3A1,SLCO3A1,,9164.314972442447,7779.6302430862515,1384.684729356196,positive
vertex,SLFN8,SLFN8,,9164.314972442447,7779.849179206447,1384.4657932360005,positive
vertex,SLC9A3R1,SLC9A3R1,,9164.314972442447,7780.036995565153,1384.2779768772943,positive
vertex,ST8SIA4,ST8SIA4,,9164.314972442447,7783.172023972107,1381.1429484703403,positive
vertex,STAT3,STAT3,,9164.314972442447,7792.884896832743,1371.4300756097045,positive
vertex,SOCS1,SOCS1,,9164.314972442447,7794.46126555602,1369.853706886427,positive
vertex,SP110,SP110,,9164.314972442447,7796.782474769161,1367.5324976732863,positive
vertex,SOCS3,SOCS3,,9164.314972442447,7797.835638329864,1366.4793341125833,positive
vertex,SMOX,SMOX,,9164.314972442447,7803.41768892997,1360.8972835124778,positive
vertex,SMC4,SMC4,,9164.314972442447,7803.570271806294,1360.7447006361535,positive
vertex,SLK,SLK,,9164.314972442447,7807.559505975086,1356.7554664673617,positive
vertex,STAT4,STAT4,,9164.314972442447,8093.843823359483,1070.471149082964,positive
vertex,STAT2,STAT2,,9164.314972442447,8723.347868344757,440.96710409769,positive
vertex,STAT5B,STAT5B,,9164.314972442447,8861.847726475005,302.46724596744207,positive
vertex,STAT6,STAT6,,9164.314972442447,8863.196443134653,301.11852930779423,positive
vertex,SURF4,SURF4,,9164.314972442447,8991.85549050903,172.45948193341792,positive
vertex,STK38,STK38,,9164.314972442447,8998.45178617314,165.86318626930733,positive
vertex,STK4,STK4,,9164.314972442447,8998.570191552464,165.7447808899833,positive
vertex,SYNE2,SYNE2,,9164.314972442447,9019.061231863743,145.2537405787043,positive
vertex,SULT2B1,SULT2B1,,9164.314972442447,9024.232132773288,140.0828396691595,positive
vertex,TAPBP,TAPBP,,9164.314972442447,9024.617201259582,139.69777118286584,positive
vertex,SWAP70,SWAP70,,9164.314972442447,9047.645162557568,116.66980988487921,positive
vertex,TBX21,TBX21,,9164.314972442447,9048.036296701715,116.27867574073207,positive
vertex,SYTL2,SYTL2,,9164.314972442447,9048.867003634003,115.44796880844478,positive
vertex,SYPL,SYPL,,9164.314972442447,9051.797044826002,112.51792761644538,positive
vertex,UBE1L,UBE1L,,9164.314972442447,9074.015709037336,90.29926340511156,positive
vertex,TNFSF11,TNFSF11,,9164.314972442447,9074.050594661401,90.26437778104628,positive
vertex,ZBP1,ZBP1,,9164.314972442447,9074.233069633961,90.08190280848612,positive
vertex,TGTP;TGTP2,TGTP;TGTP2,,9164.314972442447,9076.674182796642,87.64078964580585,positive
vertex,TCF12,TCF12,,9164.314972442447,9076.889199973553,87.42577246889414,positive
vertex,THA1,THA1,,9164.314972442447,9077.20038792454,87.11458451790713,positive
vertex,TXNRD1,TXNRD1,,9164.314972442447,9077.597874842677,86.71709759977057,positive
vertex,TIAM1,TIAM1,,9164.314972442447,9078.262658828673,86.05231361377446,positive
vertex,TACC2,TACC2,,9164.314972442447,9079.16556454109,85.14940790135734,positive
vertex,UBL4,UBL4,,9164.314972442447,9098.591761300331,65.72321114211627,positive
vertex,TRAF5,TRAF5,,9164.314972442447,9100.004736487377,64.31023595507031,positive
vertex,TNFSF8,TNFSF8,,9164.314972442447,9100.91473425935,63.40023818309783,positive
vertex,ZFP1,ZFP1,,9164.314972442447,9101.986103780446,62.328868662001696,positive
vertex,ZFP161,ZFP161,,9164.314972442447,9102.403122121472,61.911850320975645,positive
vertex,ZEB1,ZEB1,,9164.314972442447,9102.607956981352,61.70701546109558,positive
vertex,TEC,TEC,,9164.314972442447,9102.893761785663,61.42121065678475,positive
vertex,TNFRSF12A,TNFRSF12A,,9164.314972442447,9103.178026448151,61.136945994296184,positive
vertex,TMEM49,TMEM49,,9164.314972442447,9103.303284867136,61.01168757531195,positive
vertex,UBLCP1,UBLCP1,,9164.314972442447,9103.423969103911,60.89100333853639,positive
vertex,TNFSF9,TNFSF9,,9164.314972442447,9103.611196750746,60.703775691701594,positive
vertex,TCFEB,TCFEB,,9164.314972442447,9103.827783363029,60.487189079418386,positive
vertex,TNFAIP3,TNFAIP3,,9164.314972442447,9104.410569098569,59.904403343878585,positive
vertex,XBP1,XBP1,,9164.314972442447,9104.425414150008,59.88955829243969,positive
vertex,TIMM8B,TIMM8B,,9164.314972442447,9104.831023787194,59.4839486552537,positive
vertex,TXNL1,TXNL1,,9164.314972442447,9104.903377817376,59.4115946250713,positive
vertex,TNFAIP8L1,TNFAIP8L1,,9164.314972442447,9105.269875358455,59.045097083992005,positive
vertex,UBIAD1,UBIAD1,,9164.314972442447,9105.304033340544,59.010939101903205,positive
vertex,ZFP36,ZFP36,,9164.314972442447,9105.846259523309,58.46871291913885,positive
vertex,UBA1,UBA1,,9164.314972442447,9105.899520297107,58.41545214534017,positive
vertex,TGOLN1,TGOLN1,,9164.314972442447,9105.978958775677,58.33601366677067,positive
vertex,TGOLN1;TGOLN2,TGOLN1;TGOLN2,,9164.314972442447,9105.978958775677,58.33601366677067,positive
vertex,THAP4,THAP4,,9164.314972442447,9107.083910990717,57.231061451730056,positive
vertex,ZFP281,ZFP281,,9164.314972442447,9110.372829624632,53.94214281781569,positive
vertex,TRIM25,TRIM25,,9164.314972442447,9124.388015659491,39.92695678295604,positive
vertex,TNIP2,TNIP2,,9164.314972442447,9125.851889165173,38.46308327727456,positive
vertex,TNFRSF9,TNFRSF9,,9164.314972442447,9126.288619515124,38.02635292732339,positive
vertex,TRIM12,TRIM12,,9164.314972442447,9127.54183835503,36.77313408741793,positive
vertex,TNK2,TNK2,,9164.314972442447,9127.615650209029,36.69932223341857,positive
vertex,TRIM30,TRIM30,,9164.314972442447,9127.675644822539,36.63932761990873,positive
vertex,TRAM1,TRAM1,,9164.314972442447,9128.01767257252,36.29729986992788,positive
vertex,TRIB1,TRIB1,,9164.314972442447,9128.847383060847,35.46758938160019,positive
vertex,TRIM34,TRIM34,,9164.314972442447,9129.732835327879,34.58213711456847,positive
vertex,TRPS1,TRPS1,,9164.314972442447,9130.216720593226,34.098251849221924,positive
vertex,WWP1,WWP1,,9164.314972442447,9130.38439742111,33.93057502133706,positive
vertex,VIM,VIM,,9164.314972442447,9130.78760249512,33.527369947327315,positive
vertex,VRK2,VRK2,,9164.314972442447,9131.392476880073,32.922495562374024,positive
vertex,TXNDC16,TXNDC16,,9164.314972442447,9131.417221811156,32.897750631291274,positive
vertex,TMC6,TMC6,,9164.314972442447,9131.83713036145,32.477842080998016,positive
vertex,TIPARP,TIPARP,,9164.314972442447,9131.842808485888,32.4721639565596,positive
vertex,TXNDC17,TXNDC17,,9164.314972442447,9131.8586438502,32.45632859224679,positive
vertex,YWHAB,YWHAB,,9164.314972442447,9132.797385002767,31.517587439680938,positive
vertex,UGCG,UGCG,,9164.314972442447,9133.386154689339,30.928817753108888,positive
vertex,UIMC1,UIMC1,,9164.314972442447,9135.470868364513,28.84410407793439,positive
vertex,UTF1,UTF1,,9164.314972442447,9135.94083866501,28.374133777437237,positive
vertex,ZFP568,ZFP568,,9164.314972442447,9136.525711624165,27.789260818282855,positive
vertex,TRIM24,TRIM24,,9164.314972442447,9152.866516409855,11.44845603259273,positive
vertex,TRAT1,TRAT1,,9164.314972442447,9154.504548865541,9.810423576906032,positive
vertex,TRP53,TRP53,,9164.314972442447,9155.643460083746,8.671512358701875,neutral
vertex,TRP53I13,TRP53I13,,9164.314972442447,9156.14030166363,8.174670778817017,neutral
vertex,TRIB2,TRIB2,,9164.314972442447,9156.48123727006,7.833735172387605,neutral
vertex,TRIM21,TRIM21,,9164.314972442447,9156.573752239257,7.741220203190096,neutral
vertex,TSPAN5,TSPAN5,,9164.314972442447,9158.184650585192,6.130321857255694,neutral
vertex,TSC22D3,TSC22D3,,9164.314972442447,9158.826338367853,5.488634074594302,neutral
vertex,TSPO,TSPO,,9164.314972442447,9158.943918400691,5.371054041755997,neutral
vertex,TRPV2,TRPV2,,9164.314972442447,9160.000948515404,4.3140239270433085,neutral
vertex,TTC39B,TTC39B,,9164.314972442447,9160.424893654295,3.8900787881520955,neutral
vertex,TTC28,TTC28,,9164.314972442447,9160.684701801098,3.6302706413498527,neutral
vertex,TWSG1,TWSG1,,9164.314972442447,9162.862911585633,1.452060856814569,neutral
vertex,ZNRF2,ZNRF2,,9164.314972442447,9164.314972442447,0.0,neutral
vertex,ZRSR1,ZRSR1,,9164.314972442447,9164.314972442447,0.0,neutral
