contrast,aggregate,strings_better,strings_tie,strings_worse,strings_available,strings_unavailable,pairs_better,pairs_tie,pairs_worse,pairs_available,pairs_unavailable,cells_better,cells_tie,cells_worse,cells_available,cells_unavailable
D0_vs_oldA3,0.0,0,96,0,96,0,0,48,0,48,0,0,24,0,24,0
D1_vs_D0,0.0,0,96,0,96,0,0,48,0,48,0,0,24,0,24,0
D2_vs_D1,0.0,0,96,0,96,0,0,48,0,48,0,0,24,0,24,0
D0_vs_A0,0.0,0,96,0,96,0,0,48,0,48,0,0,24,0,24,0
D1_vs_A0,0.0,0,96,0,96,0,0,48,0,48,0,0,24,0,24,0
D2_vs_A0,0.0,0,96,0,96,0,0,48,0,48,0,0,24,0,24,0
D0_vs_pair_grammar,0.351713090385357,87,0,9,96,0,44,0,4,48,0,22,0,2,24,0
D1_vs_pair_grammar,0.351713090385357,87,0,9,96,0,44,0,4,48,0,22,0,2,24,0
D2_vs_pair_grammar,0.351713090385357,87,0,9,96,0,44,0,4,48,0,22,0,2,24,0
D0_vs_portfolio,-0.04518787863735571,21,12,63,96,0,11,6,31,48,0,5,3,16,24,0
D1_vs_portfolio,-0.04518787863735571,21,12,63,96,0,11,6,31,48,0,5,3,16,24,0
D2_vs_portfolio,-0.04518787863735571,21,12,63,96,0,11,6,31,48,0,5,3,16,24,0
A0_vs_pair_grammar,0.351713090385357,87,0,9,96,0,44,0,4,48,0,22,0,2,24,0
A0_vs_portfolio,-0.04518787863735571,21,12,63,96,0,11,6,31,48,0,5,3,16,24,0
oldA3_vs_A0,0.0,0,96,0,96,0,0,48,0,48,0,0,24,0,24,0
