contrast,level,unit,saving
D0_vs_oldA3,pair,F01-1024-3000,0.0
D0_vs_oldA3,pair,F01-1024-3001,0.0
D0_vs_oldA3,pair,F01-4096-3000,0.0
D0_vs_oldA3,pair,F01-4096-3001,0.0
D0_vs_oldA3,pair,F02-1024-3000,0.0
D0_vs_oldA3,pair,F02-1024-3001,0.0
D0_vs_oldA3,pair,F02-4096-3000,0.0
D0_vs_oldA3,pair,F02-4096-3001,0.0
D0_vs_oldA3,pair,F03-1024-3000,0.0
D0_vs_oldA3,pair,F03-1024-3001,0.0
D0_vs_oldA3,pair,F03-4096-3000,0.0
D0_vs_oldA3,pair,F03-4096-3001,0.0
D0_vs_oldA3,pair,F04-1024-3000,0.0
D0_vs_oldA3,pair,F04-1024-3001,0.0
D0_vs_oldA3,pair,F04-4096-3000,0.0
D0_vs_oldA3,pair,F04-4096-3001,0.0
D0_vs_oldA3,pair,F05-1024-3000,0.0
D0_vs_oldA3,pair,F05-1024-3001,0.0
D0_vs_oldA3,pair,F05-4096-3000,0.0
D0_vs_oldA3,pair,F05-4096-3001,0.0
D0_vs_oldA3,pair,F06-1024-3000,0.0
D0_vs_oldA3,pair,F06-1024-3001,0.0
D0_vs_oldA3,pair,F06-4096-3000,0.0
D0_vs_oldA3,pair,F06-4096-3001,0.0
D0_vs_oldA3,pair,F07-1024-3000,0.0
D0_vs_oldA3,pair,F07-1024-3001,0.0
D0_vs_oldA3,pair,F07-4096-3000,0.0
D0_vs_oldA3,pair,F07-4096-3001,0.0
D0_vs_oldA3,pair,F08-1024-3000,0.0
D0_vs_oldA3,pair,F08-1024-3001,0.0
D0_vs_oldA3,pair,F08-4096-3000,0.0
D0_vs_oldA3,pair,F08-4096-3001,0.0
D0_vs_oldA3,pair,F09-1024-3000,0.0
D0_vs_oldA3,pair,F09-1024-3001,0.0
D0_vs_oldA3,pair,F09-4096-3000,0.0
D0_vs_oldA3,pair,F09-4096-3001,0.0
D0_vs_oldA3,pair,F10-1024-3000,0.0
D0_vs_oldA3,pair,F10-1024-3001,0.0
D0_vs_oldA3,pair,F10-4096-3000,0.0
D0_vs_oldA3,pair,F10-4096-3001,0.0
D0_vs_oldA3,pair,F11-1024-3000,0.0
D0_vs_oldA3,pair,F11-1024-3001,0.0
D0_vs_oldA3,pair,F11-4096-3000,0.0
D0_vs_oldA3,pair,F11-4096-3001,0.0
D0_vs_oldA3,pair,F12-1024-3000,0.0
D0_vs_oldA3,pair,F12-1024-3001,0.0
D0_vs_oldA3,pair,F12-4096-3000,0.0
D0_vs_oldA3,pair,F12-4096-3001,0.0
D1_vs_D0,pair,F01-1024-3000,0.0
D1_vs_D0,pair,F01-1024-3001,0.0
D1_vs_D0,pair,F01-4096-3000,0.0
D1_vs_D0,pair,F01-4096-3001,0.0
D1_vs_D0,pair,F02-1024-3000,0.0
D1_vs_D0,pair,F02-1024-3001,0.0
D1_vs_D0,pair,F02-4096-3000,0.0
D1_vs_D0,pair,F02-4096-3001,0.0
D1_vs_D0,pair,F03-1024-3000,0.0
D1_vs_D0,pair,F03-1024-3001,0.0
D1_vs_D0,pair,F03-4096-3000,0.0
D1_vs_D0,pair,F03-4096-3001,0.0
D1_vs_D0,pair,F04-1024-3000,0.0
D1_vs_D0,pair,F04-1024-3001,0.0
D1_vs_D0,pair,F04-4096-3000,0.0
D1_vs_D0,pair,F04-4096-3001,0.0
D1_vs_D0,pair,F05-1024-3000,0.0
D1_vs_D0,pair,F05-1024-3001,0.0
D1_vs_D0,pair,F05-4096-3000,0.0
D1_vs_D0,pair,F05-4096-3001,0.0
D1_vs_D0,pair,F06-1024-3000,0.0
D1_vs_D0,pair,F06-1024-3001,0.0
D1_vs_D0,pair,F06-4096-3000,0.0
D1_vs_D0,pair,F06-4096-3001,0.0
D1_vs_D0,pair,F07-1024-3000,0.0
D1_vs_D0,pair,F07-1024-3001,0.0
D1_vs_D0,pair,F07-4096-3000,0.0
D1_vs_D0,pair,F07-4096-3001,0.0
D1_vs_D0,pair,F08-1024-3000,0.0
D1_vs_D0,pair,F08-1024-3001,0.0
D1_vs_D0,pair,F08-4096-3000,0.0
D1_vs_D0,pair,F08-4096-3001,0.0
D1_vs_D0,pair,F09-1024-3000,0.0
D1_vs_D0,pair,F09-1024-3001,0.0
D1_vs_D0,pair,F09-4096-3000,0.0
D1_vs_D0,pair,F09-4096-3001,0.0
D1_vs_D0,pair,F10-1024-3000,0.0
D1_vs_D0,pair,F10-1024-3001,0.0
D1_vs_D0,pair,F10-4096-3000,0.0
D1_vs_D0,pair,F10-4096-3001,0.0
D1_vs_D0,pair,F11-1024-3000,0.0
D1_vs_D0,pair,F11-1024-3001,0.0
D1_vs_D0,pair,F11-4096-3000,0.0
D1_vs_D0,pair,F11-4096-3001,0.0
D1_vs_D0,pair,F12-1024-3000,0.0
D1_vs_D0,pair,F12-1024-3001,0.0
D1_vs_D0,pair,F12-4096-3000,0.0
D1_vs_D0,pair,F12-4096-3001,0.0
D2_vs_D1,pair,F01-1024-3000,0.0
D2_vs_D1,pair,F01-1024-3001,0.0
D2_vs_D1,pair,F01-4096-3000,0.0
D2_vs_D1,pair,F01-4096-3001,0.0
D2_vs_D1,pair,F02-1024-3000,0.0
D2_vs_D1,pair,F02-1024-3001,0.0
D2_vs_D1,pair,F02-4096-3000,0.0
D2_vs_D1,pair,F02-4096-3001,0.0
D2_vs_D1,pair,F03-1024-3000,0.0
D2_vs_D1,pair,F03-1024-3001,0.0
D2_vs_D1,pair,F03-4096-3000,0.0
D2_vs_D1,pair,F03-4096-3001,0.0
D2_vs_D1,pair,F04-1024-3000,0.0
D2_vs_D1,pair,F04-1024-3001,0.0
D2_vs_D1,pair,F04-4096-3000,0.0
D2_vs_D1,pair,F04-4096-3001,0.0
D2_vs_D1,pair,F05-1024-3000,0.0
D2_vs_D1,pair,F05-1024-3001,0.0
D2_vs_D1,pair,F05-4096-3000,0.0
D2_vs_D1,pair,F05-4096-3001,0.0
D2_vs_D1,pair,F06-1024-3000,0.0
D2_vs_D1,pair,F06-1024-3001,0.0
D2_vs_D1,pair,F06-4096-3000,0.0
D2_vs_D1,pair,F06-4096-3001,0.0
D2_vs_D1,pair,F07-1024-3000,0.0
D2_vs_D1,pair,F07-1024-3001,0.0
D2_vs_D1,pair,F07-4096-3000,0.0
D2_vs_D1,pair,F07-4096-3001,0.0
D2_vs_D1,pair,F08-1024-3000,0.0
D2_vs_D1,pair,F08-1024-3001,0.0
D2_vs_D1,pair,F08-4096-3000,0.0
D2_vs_D1,pair,F08-4096-3001,0.0
D2_vs_D1,pair,F09-1024-3000,0.0
D2_vs_D1,pair,F09-1024-3001,0.0
D2_vs_D1,pair,F09-4096-3000,0.0
D2_vs_D1,pair,F09-4096-3001,0.0
D2_vs_D1,pair,F10-1024-3000,0.0
D2_vs_D1,pair,F10-1024-3001,0.0
D2_vs_D1,pair,F10-4096-3000,0.0
D2_vs_D1,pair,F10-4096-3001,0.0
D2_vs_D1,pair,F11-1024-3000,0.0
D2_vs_D1,pair,F11-1024-3001,0.0
D2_vs_D1,pair,F11-4096-3000,0.0
D2_vs_D1,pair,F11-4096-3001,0.0
D2_vs_D1,pair,F12-1024-3000,0.0
D2_vs_D1,pair,F12-1024-3001,0.0
D2_vs_D1,pair,F12-4096-3000,0.0
D2_vs_D1,pair,F12-4096-3001,0.0
D0_vs_A0,pair,F01-1024-3000,0.0
D0_vs_A0,pair,F01-1024-3001,0.0
D0_vs_A0,pair,F01-4096-3000,0.0
D0_vs_A0,pair,F01-4096-3001,0.0
D0_vs_A0,pair,F02-1024-3000,0.0
D0_vs_A0,pair,F02-1024-3001,0.0
D0_vs_A0,pair,F02-4096-3000,0.0
D0_vs_A0,pair,F02-4096-3001,0.0
D0_vs_A0,pair,F03-1024-3000,0.0
D0_vs_A0,pair,F03-1024-3001,0.0
D0_vs_A0,pair,F03-4096-3000,0.0
D0_vs_A0,pair,F03-4096-3001,0.0
D0_vs_A0,pair,F04-1024-3000,0.0
D0_vs_A0,pair,F04-1024-3001,0.0
D0_vs_A0,pair,F04-4096-3000,0.0
D0_vs_A0,pair,F04-4096-3001,0.0
D0_vs_A0,pair,F05-1024-3000,0.0
D0_vs_A0,pair,F05-1024-3001,0.0
D0_vs_A0,pair,F05-4096-3000,0.0
D0_vs_A0,pair,F05-4096-3001,0.0
D0_vs_A0,pair,F06-1024-3000,0.0
D0_vs_A0,pair,F06-1024-3001,0.0
D0_vs_A0,pair,F06-4096-3000,0.0
D0_vs_A0,pair,F06-4096-3001,0.0
D0_vs_A0,pair,F07-1024-3000,0.0
D0_vs_A0,pair,F07-1024-3001,0.0
D0_vs_A0,pair,F07-4096-3000,0.0
D0_vs_A0,pair,F07-4096-3001,0.0
D0_vs_A0,pair,F08-1024-3000,0.0
D0_vs_A0,pair,F08-1024-3001,0.0
D0_vs_A0,pair,F08-4096-3000,0.0
D0_vs_A0,pair,F08-4096-3001,0.0
D0_vs_A0,pair,F09-1024-3000,0.0
D0_vs_A0,pair,F09-1024-3001,0.0
D0_vs_A0,pair,F09-4096-3000,0.0
D0_vs_A0,pair,F09-4096-3001,0.0
D0_vs_A0,pair,F10-1024-3000,0.0
D0_vs_A0,pair,F10-1024-3001,0.0
D0_vs_A0,pair,F10-4096-3000,0.0
D0_vs_A0,pair,F10-4096-3001,0.0
D0_vs_A0,pair,F11-1024-3000,0.0
D0_vs_A0,pair,F11-1024-3001,0.0
D0_vs_A0,pair,F11-4096-3000,0.0
D0_vs_A0,pair,F11-4096-3001,0.0
D0_vs_A0,pair,F12-1024-3000,0.0
D0_vs_A0,pair,F12-1024-3001,0.0
D0_vs_A0,pair,F12-4096-3000,0.0
D0_vs_A0,pair,F12-4096-3001,0.0
D1_vs_A0,pair,F01-1024-3000,0.0
D1_vs_A0,pair,F01-1024-3001,0.0
D1_vs_A0,pair,F01-4096-3000,0.0
D1_vs_A0,pair,F01-4096-3001,0.0
D1_vs_A0,pair,F02-1024-3000,0.0
D1_vs_A0,pair,F02-1024-3001,0.0
D1_vs_A0,pair,F02-4096-3000,0.0
D1_vs_A0,pair,F02-4096-3001,0.0
D1_vs_A0,pair,F03-1024-3000,0.0
D1_vs_A0,pair,F03-1024-3001,0.0
D1_vs_A0,pair,F03-4096-3000,0.0
D1_vs_A0,pair,F03-4096-3001,0.0
D1_vs_A0,pair,F04-1024-3000,0.0
D1_vs_A0,pair,F04-1024-3001,0.0
D1_vs_A0,pair,F04-4096-3000,0.0
D1_vs_A0,pair,F04-4096-3001,0.0
D1_vs_A0,pair,F05-1024-3000,0.0
D1_vs_A0,pair,F05-1024-3001,0.0
D1_vs_A0,pair,F05-4096-3000,0.0
D1_vs_A0,pair,F05-4096-3001,0.0
D1_vs_A0,pair,F06-1024-3000,0.0
D1_vs_A0,pair,F06-1024-3001,0.0
D1_vs_A0,pair,F06-4096-3000,0.0
D1_vs_A0,pair,F06-4096-3001,0.0
D1_vs_A0,pair,F07-1024-3000,0.0
D1_vs_A0,pair,F07-1024-3001,0.0
D1_vs_A0,pair,F07-4096-3000,0.0
D1_vs_A0,pair,F07-4096-3001,0.0
D1_vs_A0,pair,F08-1024-3000,0.0
D1_vs_A0,pair,F08-1024-3001,0.0
D1_vs_A0,pair,F08-4096-3000,0.0
D1_vs_A0,pair,F08-4096-3001,0.0
D1_vs_A0,pair,F09-1024-3000,0.0
D1_vs_A0,pair,F09-1024-3001,0.0
D1_vs_A0,pair,F09-4096-3000,0.0
D1_vs_A0,pair,F09-4096-3001,0.0
D1_vs_A0,pair,F10-1024-3000,0.0
D1_vs_A0,pair,F10-1024-3001,0.0
D1_vs_A0,pair,F10-4096-3000,0.0
D1_vs_A0,pair,F10-4096-3001,0.0
D1_vs_A0,pair,F11-1024-3000,0.0
D1_vs_A0,pair,F11-1024-3001,0.0
D1_vs_A0,pair,F11-4096-3000,0.0
D1_vs_A0,pair,F11-4096-3001,0.0
D1_vs_A0,pair,F12-1024-3000,0.0
D1_vs_A0,pair,F12-1024-3001,0.0
D1_vs_A0,pair,F12-4096-3000,0.0
D1_vs_A0,pair,F12-4096-3001,0.0
D2_vs_A0,pair,F01-1024-3000,0.0
D2_vs_A0,pair,F01-1024-3001,0.0
D2_vs_A0,pair,F01-4096-3000,0.0
D2_vs_A0,pair,F01-4096-3001,0.0
D2_vs_A0,pair,F02-1024-3000,0.0
D2_vs_A0,pair,F02-1024-3001,0.0
D2_vs_A0,pair,F02-4096-3000,0.0
D2_vs_A0,pair,F02-4096-3001,0.0
D2_vs_A0,pair,F03-1024-3000,0.0
D2_vs_A0,pair,F03-1024-3001,0.0
D2_vs_A0,pair,F03-4096-3000,0.0
D2_vs_A0,pair,F03-4096-3001,0.0
D2_vs_A0,pair,F04-1024-3000,0.0
D2_vs_A0,pair,F04-1024-3001,0.0
D2_vs_A0,pair,F04-4096-3000,0.0
D2_vs_A0,pair,F04-4096-3001,0.0
D2_vs_A0,pair,F05-1024-3000,0.0
D2_vs_A0,pair,F05-1024-3001,0.0
D2_vs_A0,pair,F05-4096-3000,0.0
D2_vs_A0,pair,F05-4096-3001,0.0
D2_vs_A0,pair,F06-1024-3000,0.0
D2_vs_A0,pair,F06-1024-3001,0.0
D2_vs_A0,pair,F06-4096-3000,0.0
D2_vs_A0,pair,F06-4096-3001,0.0
D2_vs_A0,pair,F07-1024-3000,0.0
D2_vs_A0,pair,F07-1024-3001,0.0
D2_vs_A0,pair,F07-4096-3000,0.0
D2_vs_A0,pair,F07-4096-3001,0.0
D2_vs_A0,pair,F08-1024-3000,0.0
D2_vs_A0,pair,F08-1024-3001,0.0
D2_vs_A0,pair,F08-4096-3000,0.0
D2_vs_A0,pair,F08-4096-3001,0.0
D2_vs_A0,pair,F09-1024-3000,0.0
D2_vs_A0,pair,F09-1024-3001,0.0
D2_vs_A0,pair,F09-4096-3000,0.0
D2_vs_A0,pair,F09-4096-3001,0.0
D2_vs_A0,pair,F10-1024-3000,0.0
D2_vs_A0,pair,F10-1024-3001,0.0
D2_vs_A0,pair,F10-4096-3000,0.0
D2_vs_A0,pair,F10-4096-3001,0.0
D2_vs_A0,pair,F11-1024-3000,0.0
D2_vs_A0,pair,F11-1024-3001,0.0
D2_vs_A0,pair,F11-4096-3000,0.0
D2_vs_A0,pair,F11-4096-3001,0.0
D2_vs_A0,pair,F12-1024-3000,0.0
D2_vs_A0,pair,F12-1024-3001,0.0
D2_vs_A0,pair,F12-4096-3000,0.0
D2_vs_A0,pair,F12-4096-3001,0.0
D0_vs_pair_grammar,pair,F01-1024-3000,0.1872261441090555
D0_vs_pair_grammar,pair,F01-1024-3001,0.15991662609542356
D0_vs_pair_grammar,pair,F01-4096-3000,0.05857230803244694
D0_vs_pair_grammar,pair,F01-4096-3001,0.05173922946145401
D0_vs_pair_grammar,pair,F02-1024-3000,0.5031759676241481
D0_vs_pair_grammar,pair,F02-1024-3001,1.14106621226873e-05
D0_vs_pair_grammar,pair,F02-4096-3000,0.08297922320992926
D0_vs_pair_grammar,pair,F02-4096-3001,-0.15326170445535497
D0_vs_pair_grammar,pair,F03-1024-3000,0.03900544668938656
D0_vs_pair_grammar,pair,F03-1024-3001,0.07022121470301851
D0_vs_pair_grammar,pair,F03-4096-3000,0.008784774106489389
D0_vs_pair_grammar,pair,F03-4096-3001,0.022453075445230543
D0_vs_pair_grammar,pair,F04-1024-3000,0.9478380598831548
D0_vs_pair_grammar,pair,F04-1024-3001,0.5148718962999026
D0_vs_pair_grammar,pair,F04-4096-3000,0.16595487275859966
D0_vs_pair_grammar,pair,F04-4096-3001,0.48419131381129543
D0_vs_pair_grammar,pair,F05-1024-3000,0.15609025073028238
D0_vs_pair_grammar,pair,F05-1024-3001,0.17163537609542356
D0_vs_pair_grammar,pair,F05-4096-3000,0.06345512053244694
D0_vs_pair_grammar,pair,F05-4096-3001,0.05271579196145401
D0_vs_pair_grammar,pair,F06-1024-3000,0.8113132911392404
D0_vs_pair_grammar,pair,F06-1024-3001,0.6903907010710808
D0_vs_pair_grammar,pair,F06-4096-3000,0.4412447205111003
D0_vs_pair_grammar,pair,F06-4096-3001,0.37193451337216393
D0_vs_pair_grammar,pair,F07-1024-3000,1.2286658653846154
D0_vs_pair_grammar,pair,F07-1024-3001,1.2364783653846154
D0_vs_pair_grammar,pair,F07-4096-3000,0.7194628262990974
D0_vs_pair_grammar,pair,F07-4096-3001,0.7467972847798243
D0_vs_pair_grammar,pair,F08-1024-3000,0.39005446689386564
D0_vs_pair_grammar,pair,F08-1024-3001,0.38614821689386564
D0_vs_pair_grammar,pair,F08-4096-3000,0.026357895980727006
D0_vs_pair_grammar,pair,F08-4096-3001,0.022453790177482315
D0_vs_pair_grammar,pair,F09-1024-3000,0.1794250547711782
D0_vs_pair_grammar,pair,F09-1024-3001,0.9790310065725414
D0_vs_pair_grammar,pair,F09-4096-3000,-0.1679072830263479
D0_vs_pair_grammar,pair,F09-4096-3001,0.44710266604659676
D0_vs_pair_grammar,pair,F10-1024-3000,0.046829357351509254
D0_vs_pair_grammar,pair,F10-1024-3001,0.08584621470301851
D0_vs_pair_grammar,pair,F10-4096-3000,-0.017570977677482315
D0_vs_pair_grammar,pair,F10-4096-3001,-0.01952052901622347
D0_vs_pair_grammar,pair,F11-1024-3000,1.1818593293573514
D0_vs_pair_grammar,pair,F11-1024-3001,1.0570533106134372
D0_vs_pair_grammar,pair,F11-4096-3000,0.45588815488533785
D0_vs_pair_grammar,pair,F11-4096-3001,0.44514954104659676
D0_vs_pair_grammar,pair,F12-1024-3000,0.5227642709347614
D0_vs_pair_grammar,pair,F12-1024-3001,0.4914686282862707
D0_vs_pair_grammar,pair,F12-4096-3000,0.26357181248475237
D0_vs_pair_grammar,pair,F12-4096-3001,0.2723594455202488
D1_vs_pair_grammar,pair,F01-1024-3000,0.1872261441090555
D1_vs_pair_grammar,pair,F01-1024-3001,0.15991662609542356
D1_vs_pair_grammar,pair,F01-4096-3000,0.05857230803244694
D1_vs_pair_grammar,pair,F01-4096-3001,0.05173922946145401
D1_vs_pair_grammar,pair,F02-1024-3000,0.5031759676241481
D1_vs_pair_grammar,pair,F02-1024-3001,1.14106621226873e-05
D1_vs_pair_grammar,pair,F02-4096-3000,0.08297922320992926
D1_vs_pair_grammar,pair,F02-4096-3001,-0.15326170445535497
D1_vs_pair_grammar,pair,F03-1024-3000,0.03900544668938656
D1_vs_pair_grammar,pair,F03-1024-3001,0.07022121470301851
D1_vs_pair_grammar,pair,F03-4096-3000,0.008784774106489389
D1_vs_pair_grammar,pair,F03-4096-3001,0.022453075445230543
D1_vs_pair_grammar,pair,F04-1024-3000,0.9478380598831548
D1_vs_pair_grammar,pair,F04-1024-3001,0.5148718962999026
D1_vs_pair_grammar,pair,F04-4096-3000,0.16595487275859966
D1_vs_pair_grammar,pair,F04-4096-3001,0.48419131381129543
D1_vs_pair_grammar,pair,F05-1024-3000,0.15609025073028238
D1_vs_pair_grammar,pair,F05-1024-3001,0.17163537609542356
D1_vs_pair_grammar,pair,F05-4096-3000,0.06345512053244694
D1_vs_pair_grammar,pair,F05-4096-3001,0.05271579196145401
D1_vs_pair_grammar,pair,F06-1024-3000,0.8113132911392404
D1_vs_pair_grammar,pair,F06-1024-3001,0.6903907010710808
D1_vs_pair_grammar,pair,F06-4096-3000,0.4412447205111003
D1_vs_pair_grammar,pair,F06-4096-3001,0.37193451337216393
D1_vs_pair_grammar,pair,F07-1024-3000,1.2286658653846154
D1_vs_pair_grammar,pair,F07-1024-3001,1.2364783653846154
D1_vs_pair_grammar,pair,F07-4096-3000,0.7194628262990974
D1_vs_pair_grammar,pair,F07-4096-3001,0.7467972847798243
D1_vs_pair_grammar,pair,F08-1024-3000,0.39005446689386564
D1_vs_pair_grammar,pair,F08-1024-3001,0.38614821689386564
D1_vs_pair_grammar,pair,F08-4096-3000,0.026357895980727006
D1_vs_pair_grammar,pair,F08-4096-3001,0.022453790177482315
D1_vs_pair_grammar,pair,F09-1024-3000,0.1794250547711782
D1_vs_pair_grammar,pair,F09-1024-3001,0.9790310065725414
D1_vs_pair_grammar,pair,F09-4096-3000,-0.1679072830263479
D1_vs_pair_grammar,pair,F09-4096-3001,0.44710266604659676
D1_vs_pair_grammar,pair,F10-1024-3000,0.046829357351509254
D1_vs_pair_grammar,pair,F10-1024-3001,0.08584621470301851
D1_vs_pair_grammar,pair,F10-4096-3000,-0.017570977677482315
D1_vs_pair_grammar,pair,F10-4096-3001,-0.01952052901622347
D1_vs_pair_grammar,pair,F11-1024-3000,1.1818593293573514
D1_vs_pair_grammar,pair,F11-1024-3001,1.0570533106134372
D1_vs_pair_grammar,pair,F11-4096-3000,0.45588815488533785
D1_vs_pair_grammar,pair,F11-4096-3001,0.44514954104659676
D1_vs_pair_grammar,pair,F12-1024-3000,0.5227642709347614
D1_vs_pair_grammar,pair,F12-1024-3001,0.4914686282862707
D1_vs_pair_grammar,pair,F12-4096-3000,0.26357181248475237
D1_vs_pair_grammar,pair,F12-4096-3001,0.2723594455202488
D2_vs_pair_grammar,pair,F01-1024-3000,0.1872261441090555
D2_vs_pair_grammar,pair,F01-1024-3001,0.15991662609542356
D2_vs_pair_grammar,pair,F01-4096-3000,0.05857230803244694
D2_vs_pair_grammar,pair,F01-4096-3001,0.05173922946145401
D2_vs_pair_grammar,pair,F02-1024-3000,0.5031759676241481
D2_vs_pair_grammar,pair,F02-1024-3001,1.14106621226873e-05
D2_vs_pair_grammar,pair,F02-4096-3000,0.08297922320992926
D2_vs_pair_grammar,pair,F02-4096-3001,-0.15326170445535497
D2_vs_pair_grammar,pair,F03-1024-3000,0.03900544668938656
D2_vs_pair_grammar,pair,F03-1024-3001,0.07022121470301851
D2_vs_pair_grammar,pair,F03-4096-3000,0.008784774106489389
D2_vs_pair_grammar,pair,F03-4096-3001,0.022453075445230543
D2_vs_pair_grammar,pair,F04-1024-3000,0.9478380598831548
D2_vs_pair_grammar,pair,F04-1024-3001,0.5148718962999026
D2_vs_pair_grammar,pair,F04-4096-3000,0.16595487275859966
D2_vs_pair_grammar,pair,F04-4096-3001,0.48419131381129543
D2_vs_pair_grammar,pair,F05-1024-3000,0.15609025073028238
D2_vs_pair_grammar,pair,F05-1024-3001,0.17163537609542356
D2_vs_pair_grammar,pair,F05-4096-3000,0.06345512053244694
D2_vs_pair_grammar,pair,F05-4096-3001,0.05271579196145401
D2_vs_pair_grammar,pair,F06-1024-3000,0.8113132911392404
D2_vs_pair_grammar,pair,F06-1024-3001,0.6903907010710808
D2_vs_pair_grammar,pair,F06-4096-3000,0.4412447205111003
D2_vs_pair_grammar,pair,F06-4096-3001,0.37193451337216393
D2_vs_pair_grammar,pair,F07-1024-3000,1.2286658653846154
D2_vs_pair_grammar,pair,F07-1024-3001,1.2364783653846154
D2_vs_pair_grammar,pair,F07-4096-3000,0.7194628262990974
D2_vs_pair_grammar,pair,F07-4096-3001,0.7467972847798243
D2_vs_pair_grammar,pair,F08-1024-3000,0.39005446689386564
D2_vs_pair_grammar,pair,F08-1024-3001,0.38614821689386564
D2_vs_pair_grammar,pair,F08-4096-3000,0.026357895980727006
D2_vs_pair_grammar,pair,F08-4096-3001,0.022453790177482315
D2_vs_pair_grammar,pair,F09-1024-3000,0.1794250547711782
D2_vs_pair_grammar,pair,F09-1024-3001,0.9790310065725414
D2_vs_pair_grammar,pair,F09-4096-3000,-0.1679072830263479
D2_vs_pair_grammar,pair,F09-4096-3001,0.44710266604659676
D2_vs_pair_grammar,pair,F10-1024-3000,0.046829357351509254
D2_vs_pair_grammar,pair,F10-1024-3001,0.08584621470301851
D2_vs_pair_grammar,pair,F10-4096-3000,-0.017570977677482315
D2_vs_pair_grammar,pair,F10-4096-3001,-0.01952052901622347
D2_vs_pair_grammar,pair,F11-1024-3000,1.1818593293573514
D2_vs_pair_grammar,pair,F11-1024-3001,1.0570533106134372
D2_vs_pair_grammar,pair,F11-4096-3000,0.45588815488533785
D2_vs_pair_grammar,pair,F11-4096-3001,0.44514954104659676
D2_vs_pair_grammar,pair,F12-1024-3000,0.5227642709347614
D2_vs_pair_grammar,pair,F12-1024-3001,0.4914686282862707
D2_vs_pair_grammar,pair,F12-4096-3000,0.26357181248475237
D2_vs_pair_grammar,pair,F12-4096-3001,0.2723594455202488
D0_vs_portfolio,pair,F01-1024-3000,-0.09361307205452775
D0_vs_portfolio,pair,F01-1024-3001,-0.09361307205452775
D0_vs_portfolio,pair,F01-4096-3000,-0.025381333480727006
D0_vs_portfolio,pair,F01-4096-3001,-0.025381333480727006
D0_vs_portfolio,pair,F02-1024-3000,-0.120911179406037
D0_vs_portfolio,pair,F02-1024-3001,-0.023403268013631937
D0_vs_portfolio,pair,F02-4096-3000,-0.026357181248475237
D0_vs_portfolio,pair,F02-4096-3001,-0.15326170445535497
D0_vs_portfolio,pair,F03-1024-3000,-0.14822069741966892
D0_vs_portfolio,pair,F03-1024-3001,-0.1716011441090555
D0_vs_portfolio,pair,F03-4096-3000,-0.04490543615820932
D0_vs_portfolio,pair,F03-4096-3001,-0.04490543615820932
D0_vs_portfolio,pair,F04-1024-3000,0.35104902020447903
D0_vs_portfolio,pair,F04-1024-3001,0.3198446628529698
D0_vs_portfolio,pair,F04-4096-3000,0.0312385642839717
D0_vs_portfolio,pair,F04-4096-3001,0.25576574507501826
D0_vs_portfolio,pair,F05-1024-3000,-0.06626932205452775
D0_vs_portfolio,pair,F05-1024-3001,-0.027286696689386564
D0_vs_portfolio,pair,F05-4096-3000,0.0029311169645035375
D0_vs_portfolio,pair,F05-4096-3001,-0.004879953570992925
D0_vs_portfolio,pair,F06-1024-3000,0.4914686282862707
D0_vs_portfolio,pair,F06-1024-3001,0.41735257424537486
D0_vs_portfolio,pair,F06-4096-3000,0.3436242071236887
D0_vs_portfolio,pair,F06-4096-3001,0.28212292632349356
D0_vs_portfolio,pair,F07-1024-3000,0.0
D0_vs_portfolio,pair,F07-1024-3001,0.0
D0_vs_portfolio,pair,F07-4096-3000,0.0
D0_vs_portfolio,pair,F07-4096-3001,0.0
D0_vs_portfolio,pair,F08-1024-3000,-0.45636943159688415
D0_vs_portfolio,pair,F08-1024-3001,-0.4641591102726388
D0_vs_portfolio,pair,F08-4096-3000,-0.4519826196175897
D0_vs_portfolio,pair,F08-4096-3001,-0.45588744015308613
D0_vs_portfolio,pair,F09-1024-3000,-0.4914686282862707
D0_vs_portfolio,pair,F09-1024-3001,-0.13651335808179163
D0_vs_portfolio,pair,F09-4096-3000,-0.5837706700567211
D0_vs_portfolio,pair,F09-4096-3001,-0.18059830713283728
D0_vs_portfolio,pair,F10-1024-3000,-0.09749650073028238
D0_vs_portfolio,pair,F10-1024-3001,-0.12089976874391431
D0_vs_portfolio,pair,F10-4096-3000,-0.06735708213893632
D0_vs_portfolio,pair,F10-4096-3001,-0.057595030800195166
D0_vs_portfolio,pair,F11-1024-3000,0.0
D0_vs_portfolio,pair,F11-1024-3001,0.0
D0_vs_portfolio,pair,F11-4096-3000,-0.01757169240973408
D0_vs_portfolio,pair,F11-4096-3001,-0.037095795087216395
D0_vs_portfolio,pair,F12-1024-3000,0.05463044668938656
D0_vs_portfolio,pair,F12-1024-3001,0.035122018013631934
D0_vs_portfolio,pair,F12-4096-3000,-0.039052493748475234
D0_vs_portfolio,pair,F12-4096-3001,-0.026359325445230543
D1_vs_portfolio,pair,F01-1024-3000,-0.09361307205452775
D1_vs_portfolio,pair,F01-1024-3001,-0.09361307205452775
D1_vs_portfolio,pair,F01-4096-3000,-0.025381333480727006
D1_vs_portfolio,pair,F01-4096-3001,-0.025381333480727006
D1_vs_portfolio,pair,F02-1024-3000,-0.120911179406037
D1_vs_portfolio,pair,F02-1024-3001,-0.023403268013631937
D1_vs_portfolio,pair,F02-4096-3000,-0.026357181248475237
D1_vs_portfolio,pair,F02-4096-3001,-0.15326170445535497
D1_vs_portfolio,pair,F03-1024-3000,-0.14822069741966892
D1_vs_portfolio,pair,F03-1024-3001,-0.1716011441090555
D1_vs_portfolio,pair,F03-4096-3000,-0.04490543615820932
D1_vs_portfolio,pair,F03-4096-3001,-0.04490543615820932
D1_vs_portfolio,pair,F04-1024-3000,0.35104902020447903
D1_vs_portfolio,pair,F04-1024-3001,0.3198446628529698
D1_vs_portfolio,pair,F04-4096-3000,0.0312385642839717
D1_vs_portfolio,pair,F04-4096-3001,0.25576574507501826
D1_vs_portfolio,pair,F05-1024-3000,-0.06626932205452775
D1_vs_portfolio,pair,F05-1024-3001,-0.027286696689386564
D1_vs_portfolio,pair,F05-4096-3000,0.0029311169645035375
D1_vs_portfolio,pair,F05-4096-3001,-0.004879953570992925
D1_vs_portfolio,pair,F06-1024-3000,0.4914686282862707
D1_vs_portfolio,pair,F06-1024-3001,0.41735257424537486
D1_vs_portfolio,pair,F06-4096-3000,0.3436242071236887
D1_vs_portfolio,pair,F06-4096-3001,0.28212292632349356
D1_vs_portfolio,pair,F07-1024-3000,0.0
D1_vs_portfolio,pair,F07-1024-3001,0.0
D1_vs_portfolio,pair,F07-4096-3000,0.0
D1_vs_portfolio,pair,F07-4096-3001,0.0
D1_vs_portfolio,pair,F08-1024-3000,-0.45636943159688415
D1_vs_portfolio,pair,F08-1024-3001,-0.4641591102726388
D1_vs_portfolio,pair,F08-4096-3000,-0.4519826196175897
D1_vs_portfolio,pair,F08-4096-3001,-0.45588744015308613
D1_vs_portfolio,pair,F09-1024-3000,-0.4914686282862707
D1_vs_portfolio,pair,F09-1024-3001,-0.13651335808179163
D1_vs_portfolio,pair,F09-4096-3000,-0.5837706700567211
D1_vs_portfolio,pair,F09-4096-3001,-0.18059830713283728
D1_vs_portfolio,pair,F10-1024-3000,-0.09749650073028238
D1_vs_portfolio,pair,F10-1024-3001,-0.12089976874391431
D1_vs_portfolio,pair,F10-4096-3000,-0.06735708213893632
D1_vs_portfolio,pair,F10-4096-3001,-0.057595030800195166
D1_vs_portfolio,pair,F11-1024-3000,0.0
D1_vs_portfolio,pair,F11-1024-3001,0.0
D1_vs_portfolio,pair,F11-4096-3000,-0.01757169240973408
D1_vs_portfolio,pair,F11-4096-3001,-0.037095795087216395
D1_vs_portfolio,pair,F12-1024-3000,0.05463044668938656
D1_vs_portfolio,pair,F12-1024-3001,0.035122018013631934
D1_vs_portfolio,pair,F12-4096-3000,-0.039052493748475234
D1_vs_portfolio,pair,F12-4096-3001,-0.026359325445230543
D2_vs_portfolio,pair,F01-1024-3000,-0.09361307205452775
D2_vs_portfolio,pair,F01-1024-3001,-0.09361307205452775
D2_vs_portfolio,pair,F01-4096-3000,-0.025381333480727006
D2_vs_portfolio,pair,F01-4096-3001,-0.025381333480727006
D2_vs_portfolio,pair,F02-1024-3000,-0.120911179406037
D2_vs_portfolio,pair,F02-1024-3001,-0.023403268013631937
D2_vs_portfolio,pair,F02-4096-3000,-0.026357181248475237
D2_vs_portfolio,pair,F02-4096-3001,-0.15326170445535497
D2_vs_portfolio,pair,F03-1024-3000,-0.14822069741966892
D2_vs_portfolio,pair,F03-1024-3001,-0.1716011441090555
D2_vs_portfolio,pair,F03-4096-3000,-0.04490543615820932
D2_vs_portfolio,pair,F03-4096-3001,-0.04490543615820932
D2_vs_portfolio,pair,F04-1024-3000,0.35104902020447903
D2_vs_portfolio,pair,F04-1024-3001,0.3198446628529698
D2_vs_portfolio,pair,F04-4096-3000,0.0312385642839717
D2_vs_portfolio,pair,F04-4096-3001,0.25576574507501826
D2_vs_portfolio,pair,F05-1024-3000,-0.06626932205452775
D2_vs_portfolio,pair,F05-1024-3001,-0.027286696689386564
D2_vs_portfolio,pair,F05-4096-3000,0.0029311169645035375
D2_vs_portfolio,pair,F05-4096-3001,-0.004879953570992925
D2_vs_portfolio,pair,F06-1024-3000,0.4914686282862707
D2_vs_portfolio,pair,F06-1024-3001,0.41735257424537486
D2_vs_portfolio,pair,F06-4096-3000,0.3436242071236887
D2_vs_portfolio,pair,F06-4096-3001,0.28212292632349356
D2_vs_portfolio,pair,F07-1024-3000,0.0
D2_vs_portfolio,pair,F07-1024-3001,0.0
D2_vs_portfolio,pair,F07-4096-3000,0.0
D2_vs_portfolio,pair,F07-4096-3001,0.0
D2_vs_portfolio,pair,F08-1024-3000,-0.45636943159688415
D2_vs_portfolio,pair,F08-1024-3001,-0.4641591102726388
D2_vs_portfolio,pair,F08-4096-3000,-0.4519826196175897
D2_vs_portfolio,pair,F08-4096-3001,-0.45588744015308613
D2_vs_portfolio,pair,F09-1024-3000,-0.4914686282862707
D2_vs_portfolio,pair,F09-1024-3001,-0.13651335808179163
D2_vs_portfolio,pair,F09-4096-3000,-0.5837706700567211
D2_vs_portfolio,pair,F09-4096-3001,-0.18059830713283728
D2_vs_portfolio,pair,F10-1024-3000,-0.09749650073028238
D2_vs_portfolio,pair,F10-1024-3001,-0.12089976874391431
D2_vs_portfolio,pair,F10-4096-3000,-0.06735708213893632
D2_vs_portfolio,pair,F10-4096-3001,-0.057595030800195166
D2_vs_portfolio,pair,F11-1024-3000,0.0
D2_vs_portfolio,pair,F11-1024-3001,0.0
D2_vs_portfolio,pair,F11-4096-3000,-0.01757169240973408
D2_vs_portfolio,pair,F11-4096-3001,-0.037095795087216395
D2_vs_portfolio,pair,F12-1024-3000,0.05463044668938656
D2_vs_portfolio,pair,F12-1024-3001,0.035122018013631934
D2_vs_portfolio,pair,F12-4096-3000,-0.039052493748475234
D2_vs_portfolio,pair,F12-4096-3001,-0.026359325445230543
A0_vs_pair_grammar,pair,F01-1024-3000,0.1872261441090555
A0_vs_pair_grammar,pair,F01-1024-3001,0.15991662609542356
A0_vs_pair_grammar,pair,F01-4096-3000,0.05857230803244694
A0_vs_pair_grammar,pair,F01-4096-3001,0.05173922946145401
A0_vs_pair_grammar,pair,F02-1024-3000,0.5031759676241481
A0_vs_pair_grammar,pair,F02-1024-3001,1.14106621226873e-05
A0_vs_pair_grammar,pair,F02-4096-3000,0.08297922320992926
A0_vs_pair_grammar,pair,F02-4096-3001,-0.15326170445535497
A0_vs_pair_grammar,pair,F03-1024-3000,0.03900544668938656
A0_vs_pair_grammar,pair,F03-1024-3001,0.07022121470301851
A0_vs_pair_grammar,pair,F03-4096-3000,0.008784774106489389
A0_vs_pair_grammar,pair,F03-4096-3001,0.022453075445230543
A0_vs_pair_grammar,pair,F04-1024-3000,0.9478380598831548
A0_vs_pair_grammar,pair,F04-1024-3001,0.5148718962999026
A0_vs_pair_grammar,pair,F04-4096-3000,0.16595487275859966
A0_vs_pair_grammar,pair,F04-4096-3001,0.48419131381129543
A0_vs_pair_grammar,pair,F05-1024-3000,0.15609025073028238
A0_vs_pair_grammar,pair,F05-1024-3001,0.17163537609542356
A0_vs_pair_grammar,pair,F05-4096-3000,0.06345512053244694
A0_vs_pair_grammar,pair,F05-4096-3001,0.05271579196145401
A0_vs_pair_grammar,pair,F06-1024-3000,0.8113132911392404
A0_vs_pair_grammar,pair,F06-1024-3001,0.6903907010710808
A0_vs_pair_grammar,pair,F06-4096-3000,0.4412447205111003
A0_vs_pair_grammar,pair,F06-4096-3001,0.37193451337216393
A0_vs_pair_grammar,pair,F07-1024-3000,1.2286658653846154
A0_vs_pair_grammar,pair,F07-1024-3001,1.2364783653846154
A0_vs_pair_grammar,pair,F07-4096-3000,0.7194628262990974
A0_vs_pair_grammar,pair,F07-4096-3001,0.7467972847798243
A0_vs_pair_grammar,pair,F08-1024-3000,0.39005446689386564
A0_vs_pair_grammar,pair,F08-1024-3001,0.38614821689386564
A0_vs_pair_grammar,pair,F08-4096-3000,0.026357895980727006
A0_vs_pair_grammar,pair,F08-4096-3001,0.022453790177482315
A0_vs_pair_grammar,pair,F09-1024-3000,0.1794250547711782
A0_vs_pair_grammar,pair,F09-1024-3001,0.9790310065725414
A0_vs_pair_grammar,pair,F09-4096-3000,-0.1679072830263479
A0_vs_pair_grammar,pair,F09-4096-3001,0.44710266604659676
A0_vs_pair_grammar,pair,F10-1024-3000,0.046829357351509254
A0_vs_pair_grammar,pair,F10-1024-3001,0.08584621470301851
A0_vs_pair_grammar,pair,F10-4096-3000,-0.017570977677482315
A0_vs_pair_grammar,pair,F10-4096-3001,-0.01952052901622347
A0_vs_pair_grammar,pair,F11-1024-3000,1.1818593293573514
A0_vs_pair_grammar,pair,F11-1024-3001,1.0570533106134372
A0_vs_pair_grammar,pair,F11-4096-3000,0.45588815488533785
A0_vs_pair_grammar,pair,F11-4096-3001,0.44514954104659676
A0_vs_pair_grammar,pair,F12-1024-3000,0.5227642709347614
A0_vs_pair_grammar,pair,F12-1024-3001,0.4914686282862707
A0_vs_pair_grammar,pair,F12-4096-3000,0.26357181248475237
A0_vs_pair_grammar,pair,F12-4096-3001,0.2723594455202488
A0_vs_portfolio,pair,F01-1024-3000,-0.09361307205452775
A0_vs_portfolio,pair,F01-1024-3001,-0.09361307205452775
A0_vs_portfolio,pair,F01-4096-3000,-0.025381333480727006
A0_vs_portfolio,pair,F01-4096-3001,-0.025381333480727006
A0_vs_portfolio,pair,F02-1024-3000,-0.120911179406037
A0_vs_portfolio,pair,F02-1024-3001,-0.023403268013631937
A0_vs_portfolio,pair,F02-4096-3000,-0.026357181248475237
A0_vs_portfolio,pair,F02-4096-3001,-0.15326170445535497
A0_vs_portfolio,pair,F03-1024-3000,-0.14822069741966892
A0_vs_portfolio,pair,F03-1024-3001,-0.1716011441090555
A0_vs_portfolio,pair,F03-4096-3000,-0.04490543615820932
A0_vs_portfolio,pair,F03-4096-3001,-0.04490543615820932
A0_vs_portfolio,pair,F04-1024-3000,0.35104902020447903
A0_vs_portfolio,pair,F04-1024-3001,0.3198446628529698
A0_vs_portfolio,pair,F04-4096-3000,0.0312385642839717
A0_vs_portfolio,pair,F04-4096-3001,0.25576574507501826
A0_vs_portfolio,pair,F05-1024-3000,-0.06626932205452775
A0_vs_portfolio,pair,F05-1024-3001,-0.027286696689386564
A0_vs_portfolio,pair,F05-4096-3000,0.0029311169645035375
A0_vs_portfolio,pair,F05-4096-3001,-0.004879953570992925
A0_vs_portfolio,pair,F06-1024-3000,0.4914686282862707
A0_vs_portfolio,pair,F06-1024-3001,0.41735257424537486
A0_vs_portfolio,pair,F06-4096-3000,0.3436242071236887
A0_vs_portfolio,pair,F06-4096-3001,0.28212292632349356
A0_vs_portfolio,pair,F07-1024-3000,0.0
A0_vs_portfolio,pair,F07-1024-3001,0.0
A0_vs_portfolio,pair,F07-4096-3000,0.0
A0_vs_portfolio,pair,F07-4096-3001,0.0
A0_vs_portfolio,pair,F08-1024-3000,-0.45636943159688415
A0_vs_portfolio,pair,F08-1024-3001,-0.4641591102726388
A0_vs_portfolio,pair,F08-4096-3000,-0.4519826196175897
A0_vs_portfolio,pair,F08-4096-3001,-0.45588744015308613
A0_vs_portfolio,pair,F09-1024-3000,-0.4914686282862707
A0_vs_portfolio,pair,F09-1024-3001,-0.13651335808179163
A0_vs_portfolio,pair,F09-4096-3000,-0.5837706700567211
A0_vs_portfolio,pair,F09-4096-3001,-0.18059830713283728
A0_vs_portfolio,pair,F10-1024-3000,-0.09749650073028238
A0_vs_portfolio,pair,F10-1024-3001,-0.12089976874391431
A0_vs_portfolio,pair,F10-4096-3000,-0.06735708213893632
A0_vs_portfolio,pair,F10-4096-3001,-0.057595030800195166
A0_vs_portfolio,pair,F11-1024-3000,0.0
A0_vs_portfolio,pair,F11-1024-3001,0.0
A0_vs_portfolio,pair,F11-4096-3000,-0.01757169240973408
A0_vs_portfolio,pair,F11-4096-3001,-0.037095795087216395
A0_vs_portfolio,pair,F12-1024-3000,0.05463044668938656
A0_vs_portfolio,pair,F12-1024-3001,0.035122018013631934
A0_vs_portfolio,pair,F12-4096-3000,-0.039052493748475234
A0_vs_portfolio,pair,F12-4096-3001,-0.026359325445230543
oldA3_vs_A0,pair,F01-1024-3000,0.0
oldA3_vs_A0,pair,F01-1024-3001,0.0
oldA3_vs_A0,pair,F01-4096-3000,0.0
oldA3_vs_A0,pair,F01-4096-3001,0.0
oldA3_vs_A0,pair,F02-1024-3000,0.0
oldA3_vs_A0,pair,F02-1024-3001,0.0
oldA3_vs_A0,pair,F02-4096-3000,0.0
oldA3_vs_A0,pair,F02-4096-3001,0.0
oldA3_vs_A0,pair,F03-1024-3000,0.0
oldA3_vs_A0,pair,F03-1024-3001,0.0
oldA3_vs_A0,pair,F03-4096-3000,0.0
oldA3_vs_A0,pair,F03-4096-3001,0.0
oldA3_vs_A0,pair,F04-1024-3000,0.0
oldA3_vs_A0,pair,F04-1024-3001,0.0
oldA3_vs_A0,pair,F04-4096-3000,0.0
oldA3_vs_A0,pair,F04-4096-3001,0.0
oldA3_vs_A0,pair,F05-1024-3000,0.0
oldA3_vs_A0,pair,F05-1024-3001,0.0
oldA3_vs_A0,pair,F05-4096-3000,0.0
oldA3_vs_A0,pair,F05-4096-3001,0.0
oldA3_vs_A0,pair,F06-1024-3000,0.0
oldA3_vs_A0,pair,F06-1024-3001,0.0
oldA3_vs_A0,pair,F06-4096-3000,0.0
oldA3_vs_A0,pair,F06-4096-3001,0.0
oldA3_vs_A0,pair,F07-1024-3000,0.0
oldA3_vs_A0,pair,F07-1024-3001,0.0
oldA3_vs_A0,pair,F07-4096-3000,0.0
oldA3_vs_A0,pair,F07-4096-3001,0.0
oldA3_vs_A0,pair,F08-1024-3000,0.0
oldA3_vs_A0,pair,F08-1024-3001,0.0
oldA3_vs_A0,pair,F08-4096-3000,0.0
oldA3_vs_A0,pair,F08-4096-3001,0.0
oldA3_vs_A0,pair,F09-1024-3000,0.0
oldA3_vs_A0,pair,F09-1024-3001,0.0
oldA3_vs_A0,pair,F09-4096-3000,0.0
oldA3_vs_A0,pair,F09-4096-3001,0.0
oldA3_vs_A0,pair,F10-1024-3000,0.0
oldA3_vs_A0,pair,F10-1024-3001,0.0
oldA3_vs_A0,pair,F10-4096-3000,0.0
oldA3_vs_A0,pair,F10-4096-3001,0.0
oldA3_vs_A0,pair,F11-1024-3000,0.0
oldA3_vs_A0,pair,F11-1024-3001,0.0
oldA3_vs_A0,pair,F11-4096-3000,0.0
oldA3_vs_A0,pair,F11-4096-3001,0.0
oldA3_vs_A0,pair,F12-1024-3000,0.0
oldA3_vs_A0,pair,F12-1024-3001,0.0
oldA3_vs_A0,pair,F12-4096-3000,0.0
oldA3_vs_A0,pair,F12-4096-3001,0.0
D0_vs_oldA3,cell,F01-1024,0.0
D0_vs_oldA3,cell,F01-4096,0.0
D0_vs_oldA3,cell,F02-1024,0.0
D0_vs_oldA3,cell,F02-4096,0.0
D0_vs_oldA3,cell,F03-1024,0.0
D0_vs_oldA3,cell,F03-4096,0.0
D0_vs_oldA3,cell,F04-1024,0.0
D0_vs_oldA3,cell,F04-4096,0.0
D0_vs_oldA3,cell,F05-1024,0.0
D0_vs_oldA3,cell,F05-4096,0.0
D0_vs_oldA3,cell,F06-1024,0.0
D0_vs_oldA3,cell,F06-4096,0.0
D0_vs_oldA3,cell,F07-1024,0.0
D0_vs_oldA3,cell,F07-4096,0.0
D0_vs_oldA3,cell,F08-1024,0.0
D0_vs_oldA3,cell,F08-4096,0.0
D0_vs_oldA3,cell,F09-1024,0.0
D0_vs_oldA3,cell,F09-4096,0.0
D0_vs_oldA3,cell,F10-1024,0.0
D0_vs_oldA3,cell,F10-4096,0.0
D0_vs_oldA3,cell,F11-1024,0.0
D0_vs_oldA3,cell,F11-4096,0.0
D0_vs_oldA3,cell,F12-1024,0.0
D0_vs_oldA3,cell,F12-4096,0.0
D1_vs_D0,cell,F01-1024,0.0
D1_vs_D0,cell,F01-4096,0.0
D1_vs_D0,cell,F02-1024,0.0
D1_vs_D0,cell,F02-4096,0.0
D1_vs_D0,cell,F03-1024,0.0
D1_vs_D0,cell,F03-4096,0.0
D1_vs_D0,cell,F04-1024,0.0
D1_vs_D0,cell,F04-4096,0.0
D1_vs_D0,cell,F05-1024,0.0
D1_vs_D0,cell,F05-4096,0.0
D1_vs_D0,cell,F06-1024,0.0
D1_vs_D0,cell,F06-4096,0.0
D1_vs_D0,cell,F07-1024,0.0
D1_vs_D0,cell,F07-4096,0.0
D1_vs_D0,cell,F08-1024,0.0
D1_vs_D0,cell,F08-4096,0.0
D1_vs_D0,cell,F09-1024,0.0
D1_vs_D0,cell,F09-4096,0.0
D1_vs_D0,cell,F10-1024,0.0
D1_vs_D0,cell,F10-4096,0.0
D1_vs_D0,cell,F11-1024,0.0
D1_vs_D0,cell,F11-4096,0.0
D1_vs_D0,cell,F12-1024,0.0
D1_vs_D0,cell,F12-4096,0.0
D2_vs_D1,cell,F01-1024,0.0
D2_vs_D1,cell,F01-4096,0.0
D2_vs_D1,cell,F02-1024,0.0
D2_vs_D1,cell,F02-4096,0.0
D2_vs_D1,cell,F03-1024,0.0
D2_vs_D1,cell,F03-4096,0.0
D2_vs_D1,cell,F04-1024,0.0
D2_vs_D1,cell,F04-4096,0.0
D2_vs_D1,cell,F05-1024,0.0
D2_vs_D1,cell,F05-4096,0.0
D2_vs_D1,cell,F06-1024,0.0
D2_vs_D1,cell,F06-4096,0.0
D2_vs_D1,cell,F07-1024,0.0
D2_vs_D1,cell,F07-4096,0.0
D2_vs_D1,cell,F08-1024,0.0
D2_vs_D1,cell,F08-4096,0.0
D2_vs_D1,cell,F09-1024,0.0
D2_vs_D1,cell,F09-4096,0.0
D2_vs_D1,cell,F10-1024,0.0
D2_vs_D1,cell,F10-4096,0.0
D2_vs_D1,cell,F11-1024,0.0
D2_vs_D1,cell,F11-4096,0.0
D2_vs_D1,cell,F12-1024,0.0
D2_vs_D1,cell,F12-4096,0.0
D0_vs_A0,cell,F01-1024,0.0
D0_vs_A0,cell,F01-4096,0.0
D0_vs_A0,cell,F02-1024,0.0
D0_vs_A0,cell,F02-4096,0.0
D0_vs_A0,cell,F03-1024,0.0
D0_vs_A0,cell,F03-4096,0.0
D0_vs_A0,cell,F04-1024,0.0
D0_vs_A0,cell,F04-4096,0.0
D0_vs_A0,cell,F05-1024,0.0
D0_vs_A0,cell,F05-4096,0.0
D0_vs_A0,cell,F06-1024,0.0
D0_vs_A0,cell,F06-4096,0.0
D0_vs_A0,cell,F07-1024,0.0
D0_vs_A0,cell,F07-4096,0.0
D0_vs_A0,cell,F08-1024,0.0
D0_vs_A0,cell,F08-4096,0.0
D0_vs_A0,cell,F09-1024,0.0
D0_vs_A0,cell,F09-4096,0.0
D0_vs_A0,cell,F10-1024,0.0
D0_vs_A0,cell,F10-4096,0.0
D0_vs_A0,cell,F11-1024,0.0
D0_vs_A0,cell,F11-4096,0.0
D0_vs_A0,cell,F12-1024,0.0
D0_vs_A0,cell,F12-4096,0.0
D1_vs_A0,cell,F01-1024,0.0
D1_vs_A0,cell,F01-4096,0.0
D1_vs_A0,cell,F02-1024,0.0
D1_vs_A0,cell,F02-4096,0.0
D1_vs_A0,cell,F03-1024,0.0
D1_vs_A0,cell,F03-4096,0.0
D1_vs_A0,cell,F04-1024,0.0
D1_vs_A0,cell,F04-4096,0.0
D1_vs_A0,cell,F05-1024,0.0
D1_vs_A0,cell,F05-4096,0.0
D1_vs_A0,cell,F06-1024,0.0
D1_vs_A0,cell,F06-4096,0.0
D1_vs_A0,cell,F07-1024,0.0
D1_vs_A0,cell,F07-4096,0.0
D1_vs_A0,cell,F08-1024,0.0
D1_vs_A0,cell,F08-4096,0.0
D1_vs_A0,cell,F09-1024,0.0
D1_vs_A0,cell,F09-4096,0.0
D1_vs_A0,cell,F10-1024,0.0
D1_vs_A0,cell,F10-4096,0.0
D1_vs_A0,cell,F11-1024,0.0
D1_vs_A0,cell,F11-4096,0.0
D1_vs_A0,cell,F12-1024,0.0
D1_vs_A0,cell,F12-4096,0.0
D2_vs_A0,cell,F01-1024,0.0
D2_vs_A0,cell,F01-4096,0.0
D2_vs_A0,cell,F02-1024,0.0
D2_vs_A0,cell,F02-4096,0.0
D2_vs_A0,cell,F03-1024,0.0
D2_vs_A0,cell,F03-4096,0.0
D2_vs_A0,cell,F04-1024,0.0
D2_vs_A0,cell,F04-4096,0.0
D2_vs_A0,cell,F05-1024,0.0
D2_vs_A0,cell,F05-4096,0.0
D2_vs_A0,cell,F06-1024,0.0
D2_vs_A0,cell,F06-4096,0.0
D2_vs_A0,cell,F07-1024,0.0
D2_vs_A0,cell,F07-4096,0.0
D2_vs_A0,cell,F08-1024,0.0
D2_vs_A0,cell,F08-4096,0.0
D2_vs_A0,cell,F09-1024,0.0
D2_vs_A0,cell,F09-4096,0.0
D2_vs_A0,cell,F10-1024,0.0
D2_vs_A0,cell,F10-4096,0.0
D2_vs_A0,cell,F11-1024,0.0
D2_vs_A0,cell,F11-4096,0.0
D2_vs_A0,cell,F12-1024,0.0
D2_vs_A0,cell,F12-4096,0.0
D0_vs_pair_grammar,cell,F01-1024,0.17357138510223952
D0_vs_pair_grammar,cell,F01-4096,0.055155768746950475
D0_vs_pair_grammar,cell,F02-1024,0.2515936891431354
D0_vs_pair_grammar,cell,F02-4096,-0.03514124062271286
D0_vs_pair_grammar,cell,F03-1024,0.054613330696202535
D0_vs_pair_grammar,cell,F03-4096,0.015618924775859966
D0_vs_pair_grammar,cell,F04-1024,0.7313549780915287
D0_vs_pair_grammar,cell,F04-4096,0.32507309328494755
D0_vs_pair_grammar,cell,F05-1024,0.16386281341285297
D0_vs_pair_grammar,cell,F05-4096,0.058085456246950475
D0_vs_pair_grammar,cell,F06-1024,0.7508519961051606
D0_vs_pair_grammar,cell,F06-4096,0.4065896169416321
D0_vs_pair_grammar,cell,F07-1024,1.2325721153846154
D0_vs_pair_grammar,cell,F07-4096,0.7331300555394609
D0_vs_pair_grammar,cell,F08-1024,0.38810134189386564
D0_vs_pair_grammar,cell,F08-4096,0.02440584307910466
D0_vs_pair_grammar,cell,F09-1024,0.5792280306718598
D0_vs_pair_grammar,cell,F09-4096,0.13959769151012444
D0_vs_pair_grammar,cell,F10-1024,0.06633778602726388
D0_vs_pair_grammar,cell,F10-4096,-0.018545753346852892
D0_vs_pair_grammar,cell,F11-1024,1.1194563199853942
D0_vs_pair_grammar,cell,F11-4096,0.4505188479659673
D0_vs_pair_grammar,cell,F12-1024,0.507116449610516
D0_vs_pair_grammar,cell,F12-4096,0.2679656290025006
D1_vs_pair_grammar,cell,F01-1024,0.17357138510223952
D1_vs_pair_grammar,cell,F01-4096,0.055155768746950475
D1_vs_pair_grammar,cell,F02-1024,0.2515936891431354
D1_vs_pair_grammar,cell,F02-4096,-0.03514124062271286
D1_vs_pair_grammar,cell,F03-1024,0.054613330696202535
D1_vs_pair_grammar,cell,F03-4096,0.015618924775859966
D1_vs_pair_grammar,cell,F04-1024,0.7313549780915287
D1_vs_pair_grammar,cell,F04-4096,0.32507309328494755
D1_vs_pair_grammar,cell,F05-1024,0.16386281341285297
D1_vs_pair_grammar,cell,F05-4096,0.058085456246950475
D1_vs_pair_grammar,cell,F06-1024,0.7508519961051606
D1_vs_pair_grammar,cell,F06-4096,0.4065896169416321
D1_vs_pair_grammar,cell,F07-1024,1.2325721153846154
D1_vs_pair_grammar,cell,F07-4096,0.7331300555394609
D1_vs_pair_grammar,cell,F08-1024,0.38810134189386564
D1_vs_pair_grammar,cell,F08-4096,0.02440584307910466
D1_vs_pair_grammar,cell,F09-1024,0.5792280306718598
D1_vs_pair_grammar,cell,F09-4096,0.13959769151012444
D1_vs_pair_grammar,cell,F10-1024,0.06633778602726388
D1_vs_pair_grammar,cell,F10-4096,-0.018545753346852892
D1_vs_pair_grammar,cell,F11-1024,1.1194563199853942
D1_vs_pair_grammar,cell,F11-4096,0.4505188479659673
D1_vs_pair_grammar,cell,F12-1024,0.507116449610516
D1_vs_pair_grammar,cell,F12-4096,0.2679656290025006
D2_vs_pair_grammar,cell,F01-1024,0.17357138510223952
D2_vs_pair_grammar,cell,F01-4096,0.055155768746950475
D2_vs_pair_grammar,cell,F02-1024,0.2515936891431354
D2_vs_pair_grammar,cell,F02-4096,-0.03514124062271286
D2_vs_pair_grammar,cell,F03-1024,0.054613330696202535
D2_vs_pair_grammar,cell,F03-4096,0.015618924775859966
D2_vs_pair_grammar,cell,F04-1024,0.7313549780915287
D2_vs_pair_grammar,cell,F04-4096,0.32507309328494755
D2_vs_pair_grammar,cell,F05-1024,0.16386281341285297
D2_vs_pair_grammar,cell,F05-4096,0.058085456246950475
D2_vs_pair_grammar,cell,F06-1024,0.7508519961051606
D2_vs_pair_grammar,cell,F06-4096,0.4065896169416321
D2_vs_pair_grammar,cell,F07-1024,1.2325721153846154
D2_vs_pair_grammar,cell,F07-4096,0.7331300555394609
D2_vs_pair_grammar,cell,F08-1024,0.38810134189386564
D2_vs_pair_grammar,cell,F08-4096,0.02440584307910466
D2_vs_pair_grammar,cell,F09-1024,0.5792280306718598
D2_vs_pair_grammar,cell,F09-4096,0.13959769151012444
D2_vs_pair_grammar,cell,F10-1024,0.06633778602726388
D2_vs_pair_grammar,cell,F10-4096,-0.018545753346852892
D2_vs_pair_grammar,cell,F11-1024,1.1194563199853942
D2_vs_pair_grammar,cell,F11-4096,0.4505188479659673
D2_vs_pair_grammar,cell,F12-1024,0.507116449610516
D2_vs_pair_grammar,cell,F12-4096,0.2679656290025006
D0_vs_portfolio,cell,F01-1024,-0.09361307205452775
D0_vs_portfolio,cell,F01-4096,-0.025381333480727006
D0_vs_portfolio,cell,F02-1024,-0.07215722370983448
D0_vs_portfolio,cell,F02-4096,-0.08980944285191511
D0_vs_portfolio,cell,F03-1024,-0.1599109207643622
D0_vs_portfolio,cell,F03-4096,-0.04490543615820932
D0_vs_portfolio,cell,F04-1024,0.3354468415287244
D0_vs_portfolio,cell,F04-4096,0.14350215467949498
D0_vs_portfolio,cell,F05-1024,-0.046778009371957155
D0_vs_portfolio,cell,F05-4096,-0.0009744183032446938
D0_vs_portfolio,cell,F06-1024,0.4544106012658228
D0_vs_portfolio,cell,F06-4096,0.3128735667235911
D0_vs_portfolio,cell,F07-1024,0.0
D0_vs_portfolio,cell,F07-4096,0.0
D0_vs_portfolio,cell,F08-1024,-0.46026427093476147
D0_vs_portfolio,cell,F08-4096,-0.4539350298853379
D0_vs_portfolio,cell,F09-1024,-0.3139909931840312
D0_vs_portfolio,cell,F09-4096,-0.3821844885947792
D0_vs_portfolio,cell,F10-1024,-0.10919813473709834
D0_vs_portfolio,cell,F10-4096,-0.06247605646956574
D0_vs_portfolio,cell,F11-1024,0.0
D0_vs_portfolio,cell,F11-4096,-0.027333743748475237
D0_vs_portfolio,cell,F12-1024,0.04487623235150925
D0_vs_portfolio,cell,F12-4096,-0.03270590959685289
D1_vs_portfolio,cell,F01-1024,-0.09361307205452775
D1_vs_portfolio,cell,F01-4096,-0.025381333480727006
D1_vs_portfolio,cell,F02-1024,-0.07215722370983448
D1_vs_portfolio,cell,F02-4096,-0.08980944285191511
D1_vs_portfolio,cell,F03-1024,-0.1599109207643622
D1_vs_portfolio,cell,F03-4096,-0.04490543615820932
D1_vs_portfolio,cell,F04-1024,0.3354468415287244
D1_vs_portfolio,cell,F04-4096,0.14350215467949498
D1_vs_portfolio,cell,F05-1024,-0.046778009371957155
D1_vs_portfolio,cell,F05-4096,-0.0009744183032446938
D1_vs_portfolio,cell,F06-1024,0.4544106012658228
D1_vs_portfolio,cell,F06-4096,0.3128735667235911
D1_vs_portfolio,cell,F07-1024,0.0
D1_vs_portfolio,cell,F07-4096,0.0
D1_vs_portfolio,cell,F08-1024,-0.46026427093476147
D1_vs_portfolio,cell,F08-4096,-0.4539350298853379
D1_vs_portfolio,cell,F09-1024,-0.3139909931840312
D1_vs_portfolio,cell,F09-4096,-0.3821844885947792
D1_vs_portfolio,cell,F10-1024,-0.10919813473709834
D1_vs_portfolio,cell,F10-4096,-0.06247605646956574
D1_vs_portfolio,cell,F11-1024,0.0
D1_vs_portfolio,cell,F11-4096,-0.027333743748475237
D1_vs_portfolio,cell,F12-1024,0.04487623235150925
D1_vs_portfolio,cell,F12-4096,-0.03270590959685289
D2_vs_portfolio,cell,F01-1024,-0.09361307205452775
D2_vs_portfolio,cell,F01-4096,-0.025381333480727006
D2_vs_portfolio,cell,F02-1024,-0.07215722370983448
D2_vs_portfolio,cell,F02-4096,-0.08980944285191511
D2_vs_portfolio,cell,F03-1024,-0.1599109207643622
D2_vs_portfolio,cell,F03-4096,-0.04490543615820932
D2_vs_portfolio,cell,F04-1024,0.3354468415287244
D2_vs_portfolio,cell,F04-4096,0.14350215467949498
D2_vs_portfolio,cell,F05-1024,-0.046778009371957155
D2_vs_portfolio,cell,F05-4096,-0.0009744183032446938
D2_vs_portfolio,cell,F06-1024,0.4544106012658228
D2_vs_portfolio,cell,F06-4096,0.3128735667235911
D2_vs_portfolio,cell,F07-1024,0.0
D2_vs_portfolio,cell,F07-4096,0.0
D2_vs_portfolio,cell,F08-1024,-0.46026427093476147
D2_vs_portfolio,cell,F08-4096,-0.4539350298853379
D2_vs_portfolio,cell,F09-1024,-0.3139909931840312
D2_vs_portfolio,cell,F09-4096,-0.3821844885947792
D2_vs_portfolio,cell,F10-1024,-0.10919813473709834
D2_vs_portfolio,cell,F10-4096,-0.06247605646956574
D2_vs_portfolio,cell,F11-1024,0.0
D2_vs_portfolio,cell,F11-4096,-0.027333743748475237
D2_vs_portfolio,cell,F12-1024,0.04487623235150925
D2_vs_portfolio,cell,F12-4096,-0.03270590959685289
A0_vs_pair_grammar,cell,F01-1024,0.17357138510223952
A0_vs_pair_grammar,cell,F01-4096,0.055155768746950475
A0_vs_pair_grammar,cell,F02-1024,0.2515936891431354
A0_vs_pair_grammar,cell,F02-4096,-0.03514124062271286
A0_vs_pair_grammar,cell,F03-1024,0.054613330696202535
A0_vs_pair_grammar,cell,F03-4096,0.015618924775859966
A0_vs_pair_grammar,cell,F04-1024,0.7313549780915287
A0_vs_pair_grammar,cell,F04-4096,0.32507309328494755
A0_vs_pair_grammar,cell,F05-1024,0.16386281341285297
A0_vs_pair_grammar,cell,F05-4096,0.058085456246950475
A0_vs_pair_grammar,cell,F06-1024,0.7508519961051606
A0_vs_pair_grammar,cell,F06-4096,0.4065896169416321
A0_vs_pair_grammar,cell,F07-1024,1.2325721153846154
A0_vs_pair_grammar,cell,F07-4096,0.7331300555394609
A0_vs_pair_grammar,cell,F08-1024,0.38810134189386564
A0_vs_pair_grammar,cell,F08-4096,0.02440584307910466
A0_vs_pair_grammar,cell,F09-1024,0.5792280306718598
A0_vs_pair_grammar,cell,F09-4096,0.13959769151012444
A0_vs_pair_grammar,cell,F10-1024,0.06633778602726388
A0_vs_pair_grammar,cell,F10-4096,-0.018545753346852892
A0_vs_pair_grammar,cell,F11-1024,1.1194563199853942
A0_vs_pair_grammar,cell,F11-4096,0.4505188479659673
A0_vs_pair_grammar,cell,F12-1024,0.507116449610516
A0_vs_pair_grammar,cell,F12-4096,0.2679656290025006
A0_vs_portfolio,cell,F01-1024,-0.09361307205452775
A0_vs_portfolio,cell,F01-4096,-0.025381333480727006
A0_vs_portfolio,cell,F02-1024,-0.07215722370983448
A0_vs_portfolio,cell,F02-4096,-0.08980944285191511
A0_vs_portfolio,cell,F03-1024,-0.1599109207643622
A0_vs_portfolio,cell,F03-4096,-0.04490543615820932
A0_vs_portfolio,cell,F04-1024,0.3354468415287244
A0_vs_portfolio,cell,F04-4096,0.14350215467949498
A0_vs_portfolio,cell,F05-1024,-0.046778009371957155
A0_vs_portfolio,cell,F05-4096,-0.0009744183032446938
A0_vs_portfolio,cell,F06-1024,0.4544106012658228
A0_vs_portfolio,cell,F06-4096,0.3128735667235911
A0_vs_portfolio,cell,F07-1024,0.0
A0_vs_portfolio,cell,F07-4096,0.0
A0_vs_portfolio,cell,F08-1024,-0.46026427093476147
A0_vs_portfolio,cell,F08-4096,-0.4539350298853379
A0_vs_portfolio,cell,F09-1024,-0.3139909931840312
A0_vs_portfolio,cell,F09-4096,-0.3821844885947792
A0_vs_portfolio,cell,F10-1024,-0.10919813473709834
A0_vs_portfolio,cell,F10-4096,-0.06247605646956574
A0_vs_portfolio,cell,F11-1024,0.0
A0_vs_portfolio,cell,F11-4096,-0.027333743748475237
A0_vs_portfolio,cell,F12-1024,0.04487623235150925
A0_vs_portfolio,cell,F12-4096,-0.03270590959685289
oldA3_vs_A0,cell,F01-1024,0.0
oldA3_vs_A0,cell,F01-4096,0.0
oldA3_vs_A0,cell,F02-1024,0.0
oldA3_vs_A0,cell,F02-4096,0.0
oldA3_vs_A0,cell,F03-1024,0.0
oldA3_vs_A0,cell,F03-4096,0.0
oldA3_vs_A0,cell,F04-1024,0.0
oldA3_vs_A0,cell,F04-4096,0.0
oldA3_vs_A0,cell,F05-1024,0.0
oldA3_vs_A0,cell,F05-4096,0.0
oldA3_vs_A0,cell,F06-1024,0.0
oldA3_vs_A0,cell,F06-4096,0.0
oldA3_vs_A0,cell,F07-1024,0.0
oldA3_vs_A0,cell,F07-4096,0.0
oldA3_vs_A0,cell,F08-1024,0.0
oldA3_vs_A0,cell,F08-4096,0.0
oldA3_vs_A0,cell,F09-1024,0.0
oldA3_vs_A0,cell,F09-4096,0.0
oldA3_vs_A0,cell,F10-1024,0.0
oldA3_vs_A0,cell,F10-4096,0.0
oldA3_vs_A0,cell,F11-1024,0.0
oldA3_vs_A0,cell,F11-4096,0.0
oldA3_vs_A0,cell,F12-1024,0.0
oldA3_vs_A0,cell,F12-4096,0.0
