width,level,instances,evaluated,ineligible_short,old_mask_would_skip,k_eq_m,median_k_over_m,median_best_minus_a0_per_bit,views_best_shorter_than_a0,views_P_shorter_than_O,views_P_longer_than_O,views_RO_shorter_than_O,views_RO_longer_than_O,views_RP_shorter_than_O,median_P_minus_O_bits,median_RO_minus_O_bits,median_RP_minus_O_bits,views_with_period_replacement,views_with_relation,selected_views
4,1,192,192,0,0,0,0.015625,0.6716291321053915,0,0,173,0,192,0,72.0,120.0,132.0,176,192,0
4,2,192,192,0,0,0,0.162109375,1.2252980219603755,0,93,43,50,140,50,0.0,180.0,176.0,158,192,0
4,3,192,192,0,0,24,0.51171875,1.8722614410905551,0,18,60,100,92,100,0.0,-8.0,-16.0,84,192,0
4,4,192,192,0,24,66,0.890625,2.363752890701071,0,10,25,121,67,121,0.0,-92.0,-140.0,36,188,0
8,1,192,192,0,0,0,0.16275529035433073,0.83203125,0,0,157,0,192,0,72.0,732.0,732.0,158,192,0
8,2,192,192,0,0,22,0.5127527573529411,1.503748402507303,0,38,24,30,152,34,0.0,436.0,436.0,80,192,0
8,3,192,192,0,22,66,0.9047379032258065,2.0419921875,0,8,32,112,70,112,0.0,-44.0,-44.0,40,188,0
8,4,192,192,0,70,106,1.0,2.645603114541201,0,10,4,64,20,70,0.0,0.0,0.0,14,88,0
12,1,192,192,0,0,4,0.34558823529411764,1.0297437925998052,0,1,127,0,192,0,24.0,928.0,928.0,134,192,0
12,2,192,192,0,4,46,0.7380952380952381,1.7640001753476457,0,12,36,58,134,58,0.0,248.0,248.0,48,192,0
12,3,192,192,0,46,92,0.9705882352941176,1.9891750851996106,0,0,20,72,52,72,0.0,0.0,0.0,20,126,0
12,4,192,192,0,92,140,1.0,2.7773018190412295,0,8,4,36,0,40,0.0,0.0,0.0,12,38,0
16,1,192,192,0,0,26,0.5263939950980392,0.9893823106925407,0,0,75,0,188,0,0.0,1380.0,1380.0,78,192,0
16,2,192,192,0,26,66,0.905880905511811,1.547282635627592,0,14,26,56,130,58,0.0,136.0,136.0,40,188,0
16,3,192,192,0,70,106,1.0,2.041241718635643,0,10,4,62,24,68,0.0,0.0,0.0,14,88,0
16,4,192,192,0,110,142,1.0,2.409272840936814,0,10,2,32,0,38,0.0,0.0,0.0,12,32,0
24,1,192,192,0,0,38,0.7380952380952381,0.9599609375,0,0,44,0,192,0,0.0,1680.0,1680.0,44,192,0
24,2,192,192,0,38,96,0.9882352941176471,1.3573895447906525,0,4,18,66,58,66,0.0,0.0,0.0,22,128,0
24,3,192,192,0,96,140,1.0,1.694167694260338,0,8,4,34,0,40,0.0,0.0,0.0,12,34,0
24,4,192,192,0,144,152,1.0,1.8235017800632911,0,4,8,16,0,18,0.0,0.0,0.0,12,16,0
32,1,192,192,0,0,66,0.9047379032258065,0.7748231275920956,0,0,17,24,162,24,0.0,512.0,512.0,36,188,0
32,2,192,192,0,70,108,1.0,1.1484375,0,8,8,60,18,68,0.0,0.0,0.0,16,84,0
32,3,192,192,0,112,142,1.0,1.3359375,0,8,4,36,0,42,0.0,0.0,0.0,12,36,0
32,4,192,192,0,150,162,1.0,1.4296875,0,12,4,24,0,34,0.0,0.0,0.0,16,24,0
48,1,192,192,0,0,90,0.9705882352941176,0.5625,0,18,0,30,100,30,0.0,24.0,16.0,22,130,0
48,2,192,192,0,90,140,1.0,0.796875,0,8,4,32,0,36,0.0,0.0,0.0,12,32,0
48,3,192,192,0,144,152,1.0,0.9296875,0,4,8,16,0,18,0.0,0.0,0.0,12,16,0
48,4,192,192,0,156,172,1.0,0.9501953125,0,12,4,8,0,20,0.0,0.0,0.0,16,8,0
64,1,192,192,0,0,112,1.0,0.4453125,0,16,0,42,50,48,0.0,0.0,0.0,16,92,0
64,2,192,192,0,116,142,1.0,0.6309639727361246,0,8,4,36,0,42,0.0,0.0,0.0,12,36,0
64,3,192,192,0,150,162,1.0,0.7196533440847128,0,16,0,18,0,34,0.0,0.0,0.0,16,18,0
64,4,192,144,48,122,126,1.0,0.7711781888997079,0,10,2,8,0,18,0.0,0.0,0.0,12,8,0
