case_id,family,base_length,replicate,ragged,n_bits,A0,D0,D1,D2,pair_grammar,portfolio,oldA3,A0_status,D0_status,D1_status,D2_status,D0_selected,D1_selected,D2_selected
confirmation-F01-1024-3000-base,F01,1024,3000,False,1024,200,200,200,200,392,104,200,ok,ok,ok,ok,"{""source"": ""A0""}","{""source"": ""A0""}","{""source"": ""A0""}"
confirmation-F01-1024-3000-ragged,F01,1024,3000,True,1027,200,200,200,200,392,104,200,ok,ok,ok,ok,"{""source"": ""A0""}","{""source"": ""A0""}","{""source"": ""A0""}"
confirmation-F01-1024-3001-base,F01,1024,3001,False,1024,192,192,192,192,352,96,192,ok,ok,ok,ok,"{""source"": ""A0""}","{""source"": ""A0""}","{""source"": ""A0""}"
confirmation-F01-1024-3001-ragged,F01,1024,3001,True,1027,192,192,192,192,360,96,192,ok,ok,ok,ok,"{""source"": ""A0""}","{""source"": ""A0""}","{""source"": ""A0""}"
confirmation-F01-4096-3000-base,F01,4096,3000,False,4096,208,208,208,208,448,104,208,ok,ok,ok,ok,"{""source"": ""A0""}","{""source"": ""A0""}","{""source"": ""A0""}"
confirmation-F01-4096-3000-ragged,F01,4096,3000,True,4099,208,208,208,208,448,104,208,ok,ok,ok,ok,"{""source"": ""A0""}","{""source"": ""A0""}","{""source"": ""A0""}"
confirmation-F01-4096-3001-base,F01,4096,3001,False,4096,192,192,192,192,408,88,192,ok,ok,ok,ok,"{""source"": ""A0""}","{""source"": ""A0""}","{""source"": ""A0""}"
confirmation-F01-4096-3001-ragged,F01,4096,3001,True,4099,192,192,192,192,400,88,192,ok,ok,ok,ok,"{""source"": ""A0""}","{""source"": ""A0""}","{""source"": ""A0""}"
confirmation-F02-1024-3000-base,F02,1024,3000,False,1024,448,448,448,448,968,328,448,ok,ok,ok,ok,"{""source"": ""A0""}","{""source"": ""A0""}","{""source"": ""A0""}"
confirmation-F02-1024-3000-ragged,F02,1024,3000,True,1027,456,456,456,456,968,328,456,ok,ok,ok,ok,"{""source"": ""A0""}","{""source"": ""A0""}","{""source"": ""A0""}"
confirmation-F02-1024-3001-base,F02,1024,3001,False,1024,1096,1096,1096,1096,1104,1072,1096,ok,ok,ok,ok,"{""source"": ""A0""}","{""source"": ""A0""}","{""source"": ""A0""}"
confirmation-F02-1024-3001-ragged,F02,1024,3001,True,1027,1104,1104,1104,1104,1096,1080,1104,ok,ok,ok,ok,"{""source"": ""A0""}","{""source"": ""A0""}","{""source"": ""A0""}"
confirmation-F02-4096-3000-base,F02,4096,3000,False,4096,320,320,320,320,680,216,320,ok,ok,ok,ok,"{""source"": ""A0""}","{""source"": ""A0""}","{""source"": ""A0""}"
confirmation-F02-4096-3000-ragged,F02,4096,3000,True,4099,328,328,328,328,648,216,328,ok,ok,ok,ok,"{""source"": ""A0""}","{""source"": ""A0""}","{""source"": ""A0""}"
confirmation-F02-4096-3001-base,F02,4096,3001,False,4096,2432,2432,2432,2432,1832,1832,2432,ok,ok,ok,ok,"{""source"": ""A0""}","{""source"": ""A0""}","{""source"": ""A0""}"
confirmation-F02-4096-3001-ragged,F02,4096,3001,True,4099,2512,2512,2512,2512,1856,1856,2512,ok,ok,ok,ok,"{""source"": ""A0""}","{""source"": ""A0""}","{""source"": ""A0""}"
confirmation-F03-1024-3000-base,F03,1024,3000,False,1024,544,544,544,544,584,392,544,ok,ok,ok,ok,"{""source"": ""A0""}","{""source"": ""A0""}","{""source"": ""A0""}"
confirmation-F03-1024-3000-ragged,F03,1024,3000,True,1027,544,544,544,544,584,392,544,ok,ok,ok,ok,"{""source"": ""A0""}","{""source"": ""A0""}","{""source"": ""A0""}"
confirmation-F03-1024-3001-base,F03,1024,3001,False,1024,552,552,552,552,632,392,552,ok,ok,ok,ok,"{""source"": ""A0""}","{""source"": ""A0""}","{""source"": ""A0""}"
confirmation-F03-1024-3001-ragged,F03,1024,3001,True,1027,584,584,584,584,648,392,584,ok,ok,ok,ok,"{""source"": ""A0""}","{""source"": ""A0""}","{""source"": ""A0""}"
confirmation-F03-4096-3000-base,F03,4096,3000,False,4096,576,576,576,576,600,392,576,ok,ok,ok,ok,"{""source"": ""A0""}","{""source"": ""A0""}","{""source"": ""A0""}"
confirmation-F03-4096-3000-ragged,F03,4096,3000,True,4099,576,576,576,576,624,392,576,ok,ok,ok,ok,"{""source"": ""A0""}","{""source"": ""A0""}","{""source"": ""A0""}"
confirmation-F03-4096-3001-base,F03,4096,3001,False,4096,576,576,576,576,672,392,576,ok,ok,ok,ok,"{""source"": ""A0""}","{""source"": ""A0""}","{""source"": ""A0""}"
confirmation-F03-4096-3001-ragged,F03,4096,3001,True,4099,576,576,576,576,664,392,576,ok,ok,ok,ok,"{""source"": ""A0""}","{""source"": ""A0""}","{""source"": ""A0""}"
confirmation-F04-1024-3000-base,F04,1024,3000,False,1024,160,160,160,160,1136,520,160,ok,ok,ok,ok,"{""source"": ""A0""}","{""source"": ""A0""}","{""source"": ""A0""}"
confirmation-F04-1024-3000-ragged,F04,1024,3000,True,1027,160,160,160,160,1128,520,160,ok,ok,ok,ok,"{""source"": ""A0""}","{""source"": ""A0""}","{""source"": ""A0""}"
confirmation-F04-1024-3001-base,F04,1024,3001,False,1024,192,192,192,192,720,520,192,ok,ok,ok,ok,"{""source"": ""A0""}","{""source"": ""A0""}","{""source"": ""A0""}"
confirmation-F04-1024-3001-ragged,F04,1024,3001,True,1027,192,192,192,192,720,520,192,ok,ok,ok,ok,"{""source"": ""A0""}","{""source"": ""A0""}","{""source"": ""A0""}"
confirmation-F04-4096-3000-base,F04,4096,3000,False,4096,176,176,176,176,856,304,176,ok,ok,ok,ok,"{""source"": ""A0""}","{""source"": ""A0""}","{""source"": ""A0""}"
confirmation-F04-4096-3000-ragged,F04,4096,3000,True,4099,176,176,176,176,856,304,176,ok,ok,ok,ok,"{""source"": ""A0""}","{""source"": ""A0""}","{""source"": ""A0""}"
confirmation-F04-4096-3001-base,F04,4096,3001,False,4096,168,168,168,168,2080,1216,168,ok,ok,ok,ok,"{""source"": ""A0""}","{""source"": ""A0""}","{""source"": ""A0""}"
confirmation-F04-4096-3001-ragged,F04,4096,3001,True,4099,168,168,168,168,2224,1216,168,ok,ok,ok,ok,"{""source"": ""A0""}","{""source"": ""A0""}","{""source"": ""A0""}"
confirmation-F05-1024-3000-base,F05,1024,3000,False,1024,144,144,144,144,352,104,144,ok,ok,ok,ok,"{""source"": ""A0""}","{""source"": ""A0""}","{""source"": ""A0""}"
confirmation-F05-1024-3000-ragged,F05,1024,3000,True,1027,200,200,200,200,312,104,200,ok,ok,ok,ok,"{""source"": ""A0""}","{""source"": ""A0""}","{""source"": ""A0""}"
confirmation-F05-1024-3001-base,F05,1024,3001,False,1024,232,232,232,232,416,216,232,ok,ok,ok,ok,"{""source"": ""A0""}","{""source"": ""A0""}","{""source"": ""A0""}"
confirmation-F05-1024-3001-ragged,F05,1024,3001,True,1027,264,264,264,264,432,224,264,ok,ok,ok,ok,"{""source"": ""A0""}","{""source"": ""A0""}","{""source"": ""A0""}"
confirmation-F05-4096-3000-base,F05,4096,3000,False,4096,168,168,168,168,448,208,168,ok,ok,ok,ok,"{""source"": ""A0""}","{""source"": ""A0""}","{""source"": ""A0""}"
confirmation-F05-4096-3000-ragged,F05,4096,3000,True,4099,224,224,224,224,464,208,224,ok,ok,ok,ok,"{""source"": ""A0""}","{""source"": ""A0""}","{""source"": ""A0""}"
confirmation-F05-4096-3001-base,F05,4096,3001,False,4096,304,304,304,304,528,296,304,ok,ok,ok,ok,"{""source"": ""A0""}","{""source"": ""A0""}","{""source"": ""A0""}"
confirmation-F05-4096-3001-ragged,F05,4096,3001,True,4099,336,336,336,336,544,304,336,ok,ok,ok,ok,"{""source"": ""A0""}","{""source"": ""A0""}","{""source"": ""A0""}"
confirmation-F06-1024-3000-base,F06,1024,3000,False,1024,472,472,472,472,1304,976,472,ok,ok,ok,ok,"{""source"": ""A0""}","{""source"": ""A0""}","{""source"": ""A0""}"
confirmation-F06-1024-3000-ragged,F06,1024,3000,True,1027,480,480,480,480,1312,984,480,ok,ok,ok,ok,"{""source"": ""A0""}","{""source"": ""A0""}","{""source"": ""A0""}"
confirmation-F06-1024-3001-base,F06,1024,3001,False,1024,480,480,480,480,1184,904,480,ok,ok,ok,ok,"{""source"": ""A0""}","{""source"": ""A0""}","{""source"": ""A0""}"
confirmation-F06-1024-3001-ragged,F06,1024,3001,True,1027,480,480,480,480,1192,912,480,ok,ok,ok,ok,"{""source"": ""A0""}","{""source"": ""A0""}","{""source"": ""A0""}"
confirmation-F06-4096-3000-base,F06,4096,3000,False,4096,1288,1288,1288,1288,3096,2696,1288,ok,ok,ok,ok,"{""source"": ""A0""}","{""source"": ""A0""}","{""source"": ""A0""}"
confirmation-F06-4096-3000-ragged,F06,4096,3000,True,4099,1288,1288,1288,1288,3096,2696,1288,ok,ok,ok,ok,"{""source"": ""A0""}","{""source"": ""A0""}","{""source"": ""A0""}"
confirmation-F06-4096-3001-base,F06,4096,3001,False,4096,1264,1264,1264,1264,2792,2416,1264,ok,ok,ok,ok,"{""source"": ""A0""}","{""source"": ""A0""}","{""source"": ""A0""}"
confirmation-F06-4096-3001-ragged,F06,4096,3001,True,4099,1264,1264,1264,1264,2784,2424,1264,ok,ok,ok,ok,"{""source"": ""A0""}","{""source"": ""A0""}","{""source"": ""A0""}"
confirmation-F07-1024-3000-base,F07,1024,3000,False,1024,1096,1096,1096,1096,2352,1096,1096,ok,ok,ok,ok,"{""source"": ""A0""}","{""source"": ""A0""}","{""source"": ""A0""}"
confirmation-F07-1024-3000-ragged,F07,1024,3000,True,1027,1104,1104,1104,1104,2368,1104,1104,ok,ok,ok,ok,"{""source"": ""A0""}","{""source"": ""A0""}","{""source"": ""A0""}"
confirmation-F07-1024-3001-base,F07,1024,3001,False,1024,1096,1096,1096,1096,2368,1096,1096,ok,ok,ok,ok,"{""source"": ""A0""}","{""source"": ""A0""}","{""source"": ""A0""}"
confirmation-F07-1024-3001-ragged,F07,1024,3001,True,1027,1104,1104,1104,1104,2368,1104,1104,ok,ok,ok,ok,"{""source"": ""A0""}","{""source"": ""A0""}","{""source"": ""A0""}"
confirmation-F07-4096-3000-base,F07,4096,3000,False,4096,4168,4168,4168,4168,7112,4168,4168,ok,ok,ok,ok,"{""source"": ""A0""}","{""source"": ""A0""}","{""source"": ""A0""}"
confirmation-F07-4096-3000-ragged,F07,4096,3000,True,4099,4176,4176,4176,4176,7128,4176,4176,ok,ok,ok,ok,"{""source"": ""A0""}","{""source"": ""A0""}","{""source"": ""A0""}"
confirmation-F07-4096-3001-base,F07,4096,3001,False,4096,4168,4168,4168,4168,7232,4168,4168,ok,ok,ok,ok,"{""source"": ""A0""}","{""source"": ""A0""}","{""source"": ""A0""}"
confirmation-F07-4096-3001-ragged,F07,4096,3001,True,4099,4176,4176,4176,4176,7232,4176,4176,ok,ok,ok,ok,"{""source"": ""A0""}","{""source"": ""A0""}","{""source"": ""A0""}"
confirmation-F08-1024-3000-base,F08,1024,3000,False,1024,1096,1096,1096,1096,1496,624,1096,ok,ok,ok,ok,"{""source"": ""A0""}","{""source"": ""A0""}","{""source"": ""A0""}"
confirmation-F08-1024-3000-ragged,F08,1024,3000,True,1027,1104,1104,1104,1104,1504,640,1104,ok,ok,ok,ok,"{""source"": ""A0""}","{""source"": ""A0""}","{""source"": ""A0""}"
confirmation-F08-1024-3001-base,F08,1024,3001,False,1024,1096,1096,1096,1096,1488,624,1096,ok,ok,ok,ok,"{""source"": ""A0""}","{""source"": ""A0""}","{""source"": ""A0""}"
confirmation-F08-1024-3001-ragged,F08,1024,3001,True,1027,1104,1104,1104,1104,1504,624,1104,ok,ok,ok,ok,"{""source"": ""A0""}","{""source"": ""A0""}","{""source"": ""A0""}"
confirmation-F08-4096-3000-base,F08,4096,3000,False,4096,4168,4168,4168,4168,4280,2320,4168,ok,ok,ok,ok,"{""source"": ""A0""}","{""source"": ""A0""}","{""source"": ""A0""}"
confirmation-F08-4096-3000-ragged,F08,4096,3000,True,4099,4176,4176,4176,4176,4280,2320,4176,ok,ok,ok,ok,"{""source"": ""A0""}","{""source"": ""A0""}","{""source"": ""A0""}"
confirmation-F08-4096-3001-base,F08,4096,3001,False,4096,4168,4168,4168,4168,4272,2304,4168,ok,ok,ok,ok,"{""source"": ""A0""}","{""source"": ""A0""}","{""source"": ""A0""}"
confirmation-F08-4096-3001-ragged,F08,4096,3001,True,4099,4176,4176,4176,4176,4256,2304,4176,ok,ok,ok,ok,"{""source"": ""A0""}","{""source"": ""A0""}","{""source"": ""A0""}"
confirmation-F09-1024-3000-base,F09,1024,3000,False,1024,920,920,920,920,1104,416,920,ok,ok,ok,ok,"{""source"": ""A0""}","{""source"": ""A0""}","{""source"": ""A0""}"
confirmation-F09-1024-3000-ragged,F09,1024,3000,True,1027,920,920,920,920,1104,416,920,ok,ok,ok,ok,"{""source"": ""A0""}","{""source"": ""A0""}","{""source"": ""A0""}"
confirmation-F09-1024-3001-base,F09,1024,3001,False,1024,1096,1096,1096,1096,2096,960,1096,ok,ok,ok,ok,"{""source"": ""A0""}","{""source"": ""A0""}","{""source"": ""A0""}"
confirmation-F09-1024-3001-ragged,F09,1024,3001,True,1027,1104,1104,1104,1104,2112,960,1104,ok,ok,ok,ok,"{""source"": ""A0""}","{""source"": ""A0""}","{""source"": ""A0""}"
confirmation-F09-4096-3000-base,F09,4096,3000,False,4096,3920,3920,3920,3920,3232,1528,3920,ok,ok,ok,ok,"{""source"": ""A0""}","{""source"": ""A0""}","{""source"": ""A0""}"
confirmation-F09-4096-3000-ragged,F09,4096,3000,True,4099,3920,3920,3920,3920,3232,1528,3920,ok,ok,ok,ok,"{""source"": ""A0""}","{""source"": ""A0""}","{""source"": ""A0""}"
confirmation-F09-4096-3001-base,F09,4096,3001,False,4096,4168,4168,4168,4168,6008,3424,4168,ok,ok,ok,ok,"{""source"": ""A0""}","{""source"": ""A0""}","{""source"": ""A0""}"
confirmation-F09-4096-3001-ragged,F09,4096,3001,True,4099,4176,4176,4176,4176,6000,3440,4176,ok,ok,ok,ok,"{""source"": ""A0""}","{""source"": ""A0""}","{""source"": ""A0""}"
confirmation-F10-1024-3000-base,F10,1024,3000,False,1024,440,440,440,440,504,352,440,ok,ok,ok,ok,"{""source"": ""A0""}","{""source"": ""A0""}","{""source"": ""A0""}"
confirmation-F10-1024-3000-ragged,F10,1024,3000,True,1027,472,472,472,472,504,360,472,ok,ok,ok,ok,"{""source"": ""A0""}","{""source"": ""A0""}","{""source"": ""A0""}"
confirmation-F10-1024-3001-base,F10,1024,3001,False,1024,440,440,440,440,552,328,440,ok,ok,ok,ok,"{""source"": ""A0""}","{""source"": ""A0""}","{""source"": ""A0""}"
confirmation-F10-1024-3001-ragged,F10,1024,3001,True,1027,472,472,472,472,536,336,472,ok,ok,ok,ok,"{""source"": ""A0""}","{""source"": ""A0""}","{""source"": ""A0""}"
confirmation-F10-4096-3000-base,F10,4096,3000,False,4096,696,696,696,696,632,432,696,ok,ok,ok,ok,"{""source"": ""A0""}","{""source"": ""A0""}","{""source"": ""A0""}"
confirmation-F10-4096-3000-ragged,F10,4096,3000,True,4099,728,728,728,728,648,440,728,ok,ok,ok,ok,"{""source"": ""A0""}","{""source"": ""A0""}","{""source"": ""A0""}"
confirmation-F10-4096-3001-base,F10,4096,3001,False,4096,688,688,688,688,648,464,688,ok,ok,ok,ok,"{""source"": ""A0""}","{""source"": ""A0""}","{""source"": ""A0""}"
confirmation-F10-4096-3001-ragged,F10,4096,3001,True,4099,720,720,720,720,600,472,720,ok,ok,ok,ok,"{""source"": ""A0""}","{""source"": ""A0""}","{""source"": ""A0""}"
confirmation-F11-1024-3000-base,F11,1024,3000,False,1024,1096,1096,1096,1096,2304,1096,1096,ok,ok,ok,ok,"{""source"": ""A0""}","{""source"": ""A0""}","{""source"": ""A0""}"
confirmation-F11-1024-3000-ragged,F11,1024,3000,True,1027,1104,1104,1104,1104,2320,1104,1104,ok,ok,ok,ok,"{""source"": ""A0""}","{""source"": ""A0""}","{""source"": ""A0""}"
confirmation-F11-1024-3001-base,F11,1024,3001,False,1024,1096,1096,1096,1096,2184,1096,1096,ok,ok,ok,ok,"{""source"": ""A0""}","{""source"": ""A0""}","{""source"": ""A0""}"
confirmation-F11-1024-3001-ragged,F11,1024,3001,True,1027,1104,1104,1104,1104,2184,1104,1104,ok,ok,ok,ok,"{""source"": ""A0""}","{""source"": ""A0""}","{""source"": ""A0""}"
confirmation-F11-4096-3000-base,F11,4096,3000,False,4096,4168,4168,4168,4168,6040,4096,4168,ok,ok,ok,ok,"{""source"": ""A0""}","{""source"": ""A0""}","{""source"": ""A0""}"
confirmation-F11-4096-3000-ragged,F11,4096,3000,True,4099,4176,4176,4176,4176,6040,4104,4176,ok,ok,ok,ok,"{""source"": ""A0""}","{""source"": ""A0""}","{""source"": ""A0""}"
confirmation-F11-4096-3001-base,F11,4096,3001,False,4096,4168,4168,4168,4168,5992,4016,4168,ok,ok,ok,ok,"{""source"": ""A0""}","{""source"": ""A0""}","{""source"": ""A0""}"
confirmation-F11-4096-3001-ragged,F11,4096,3001,True,4099,4176,4176,4176,4176,6000,4024,4176,ok,ok,ok,ok,"{""source"": ""A0""}","{""source"": ""A0""}","{""source"": ""A0""}"
confirmation-F12-1024-3000-base,F12,1024,3000,False,1024,928,928,928,928,1528,1000,928,ok,ok,ok,ok,"{""source"": ""A0""}","{""source"": ""A0""}","{""source"": ""A0""}"
confirmation-F12-1024-3000-ragged,F12,1024,3000,True,1027,976,976,976,976,1448,1016,976,ok,ok,ok,ok,"{""source"": ""A0""}","{""source"": ""A0""}","{""source"": ""A0""}"
confirmation-F12-1024-3001-base,F12,1024,3001,False,1024,944,944,944,944,1448,992,944,ok,ok,ok,ok,"{""source"": ""A0""}","{""source"": ""A0""}","{""source"": ""A0""}"
confirmation-F12-1024-3001-ragged,F12,1024,3001,True,1027,976,976,976,976,1480,1000,976,ok,ok,ok,ok,"{""source"": ""A0""}","{""source"": ""A0""}","{""source"": ""A0""}"
confirmation-F12-4096-3000-base,F12,4096,3000,False,4096,2384,2384,2384,2384,3424,2176,2384,ok,ok,ok,ok,"{""source"": ""A0""}","{""source"": ""A0""}","{""source"": ""A0""}"
confirmation-F12-4096-3000-ragged,F12,4096,3000,True,4099,2296,2296,2296,2296,3416,2184,2296,ok,ok,ok,ok,"{""source"": ""A0""}","{""source"": ""A0""}","{""source"": ""A0""}"
confirmation-F12-4096-3001-base,F12,4096,3001,False,4096,2328,2328,2328,2328,3424,2200,2328,ok,ok,ok,ok,"{""source"": ""A0""}","{""source"": ""A0""}","{""source"": ""A0""}"
confirmation-F12-4096-3001-ragged,F12,4096,3001,True,4099,2296,2296,2296,2296,3432,2208,2296,ok,ok,ok,ok,"{""source"": ""A0""}","{""source"": ""A0""}","{""source"": ""A0""}"
