contrast,case_id,saving
D0_vs_oldA3,confirmation-F01-1024-3000-base,0.0
D0_vs_oldA3,confirmation-F01-1024-3000-ragged,0.0
D0_vs_oldA3,confirmation-F01-1024-3001-base,0.0
D0_vs_oldA3,confirmation-F01-1024-3001-ragged,0.0
D0_vs_oldA3,confirmation-F01-4096-3000-base,0.0
D0_vs_oldA3,confirmation-F01-4096-3000-ragged,0.0
D0_vs_oldA3,confirmation-F01-4096-3001-base,0.0
D0_vs_oldA3,confirmation-F01-4096-3001-ragged,0.0
D0_vs_oldA3,confirmation-F02-1024-3000-base,0.0
D0_vs_oldA3,confirmation-F02-1024-3000-ragged,0.0
D0_vs_oldA3,confirmation-F02-1024-3001-base,0.0
D0_vs_oldA3,confirmation-F02-1024-3001-ragged,0.0
D0_vs_oldA3,confirmation-F02-4096-3000-base,0.0
D0_vs_oldA3,confirmation-F02-4096-3000-ragged,0.0
D0_vs_oldA3,confirmation-F02-4096-3001-base,0.0
D0_vs_oldA3,confirmation-F02-4096-3001-ragged,0.0
D0_vs_oldA3,confirmation-F03-1024-3000-base,0.0
D0_vs_oldA3,confirmation-F03-1024-3000-ragged,0.0
D0_vs_oldA3,confirmation-F03-1024-3001-base,0.0
D0_vs_oldA3,confirmation-F03-1024-3001-ragged,0.0
D0_vs_oldA3,confirmation-F03-4096-3000-base,0.0
D0_vs_oldA3,confirmation-F03-4096-3000-ragged,0.0
D0_vs_oldA3,confirmation-F03-4096-3001-base,0.0
D0_vs_oldA3,confirmation-F03-4096-3001-ragged,0.0
D0_vs_oldA3,confirmation-F04-1024-3000-base,0.0
D0_vs_oldA3,confirmation-F04-1024-3000-ragged,0.0
D0_vs_oldA3,confirmation-F04-1024-3001-base,0.0
D0_vs_oldA3,confirmation-F04-1024-3001-ragged,0.0
D0_vs_oldA3,confirmation-F04-4096-3000-base,0.0
D0_vs_oldA3,confirmation-F04-4096-3000-ragged,0.0
D0_vs_oldA3,confirmation-F04-4096-3001-base,0.0
D0_vs_oldA3,confirmation-F04-4096-3001-ragged,0.0
D0_vs_oldA3,confirmation-F05-1024-3000-base,0.0
D0_vs_oldA3,confirmation-F05-1024-3000-ragged,0.0
D0_vs_oldA3,confirmation-F05-1024-3001-base,0.0
D0_vs_oldA3,confirmation-F05-1024-3001-ragged,0.0
D0_vs_oldA3,confirmation-F05-4096-3000-base,0.0
D0_vs_oldA3,confirmation-F05-4096-3000-ragged,0.0
D0_vs_oldA3,confirmation-F05-4096-3001-base,0.0
D0_vs_oldA3,confirmation-F05-4096-3001-ragged,0.0
D0_vs_oldA3,confirmation-F06-1024-3000-base,0.0
D0_vs_oldA3,confirmation-F06-1024-3000-ragged,0.0
D0_vs_oldA3,confirmation-F06-1024-3001-base,0.0
D0_vs_oldA3,confirmation-F06-1024-3001-ragged,0.0
D0_vs_oldA3,confirmation-F06-4096-3000-base,0.0
D0_vs_oldA3,confirmation-F06-4096-3000-ragged,0.0
D0_vs_oldA3,confirmation-F06-4096-3001-base,0.0
D0_vs_oldA3,confirmation-F06-4096-3001-ragged,0.0
D0_vs_oldA3,confirmation-F07-1024-3000-base,0.0
D0_vs_oldA3,confirmation-F07-1024-3000-ragged,0.0
D0_vs_oldA3,confirmation-F07-1024-3001-base,0.0
D0_vs_oldA3,confirmation-F07-1024-3001-ragged,0.0
D0_vs_oldA3,confirmation-F07-4096-3000-base,0.0
D0_vs_oldA3,confirmation-F07-4096-3000-ragged,0.0
D0_vs_oldA3,confirmation-F07-4096-3001-base,0.0
D0_vs_oldA3,confirmation-F07-4096-3001-ragged,0.0
D0_vs_oldA3,confirmation-F08-1024-3000-base,0.0
D0_vs_oldA3,confirmation-F08-1024-3000-ragged,0.0
D0_vs_oldA3,confirmation-F08-1024-3001-base,0.0
D0_vs_oldA3,confirmation-F08-1024-3001-ragged,0.0
D0_vs_oldA3,confirmation-F08-4096-3000-base,0.0
D0_vs_oldA3,confirmation-F08-4096-3000-ragged,0.0
D0_vs_oldA3,confirmation-F08-4096-3001-base,0.0
D0_vs_oldA3,confirmation-F08-4096-3001-ragged,0.0
D0_vs_oldA3,confirmation-F09-1024-3000-base,0.0
D0_vs_oldA3,confirmation-F09-1024-3000-ragged,0.0
D0_vs_oldA3,confirmation-F09-1024-3001-base,0.0
D0_vs_oldA3,confirmation-F09-1024-3001-ragged,0.0
D0_vs_oldA3,confirmation-F09-4096-3000-base,0.0
D0_vs_oldA3,confirmation-F09-4096-3000-ragged,0.0
D0_vs_oldA3,confirmation-F09-4096-3001-base,0.0
D0_vs_oldA3,confirmation-F09-4096-3001-ragged,0.0
D0_vs_oldA3,confirmation-F10-1024-3000-base,0.0
D0_vs_oldA3,confirmation-F10-1024-3000-ragged,0.0
D0_vs_oldA3,confirmation-F10-1024-3001-base,0.0
D0_vs_oldA3,confirmation-F10-1024-3001-ragged,0.0
D0_vs_oldA3,confirmation-F10-4096-3000-base,0.0
D0_vs_oldA3,confirmation-F10-4096-3000-ragged,0.0
D0_vs_oldA3,confirmation-F10-4096-3001-base,0.0
D0_vs_oldA3,confirmation-F10-4096-3001-ragged,0.0
D0_vs_oldA3,confirmation-F11-1024-3000-base,0.0
D0_vs_oldA3,confirmation-F11-1024-3000-ragged,0.0
D0_vs_oldA3,confirmation-F11-1024-3001-base,0.0
D0_vs_oldA3,confirmation-F11-1024-3001-ragged,0.0
D0_vs_oldA3,confirmation-F11-4096-3000-base,0.0
D0_vs_oldA3,confirmation-F11-4096-3000-ragged,0.0
D0_vs_oldA3,confirmation-F11-4096-3001-base,0.0
D0_vs_oldA3,confirmation-F11-4096-3001-ragged,0.0
D0_vs_oldA3,confirmation-F12-1024-3000-base,0.0
D0_vs_oldA3,confirmation-F12-1024-3000-ragged,0.0
D0_vs_oldA3,confirmation-F12-1024-3001-base,0.0
D0_vs_oldA3,confirmation-F12-1024-3001-ragged,0.0
D0_vs_oldA3,confirmation-F12-4096-3000-base,0.0
D0_vs_oldA3,confirmation-F12-4096-3000-ragged,0.0
D0_vs_oldA3,confirmation-F12-4096-3001-base,0.0
D0_vs_oldA3,confirmation-F12-4096-3001-ragged,0.0
D1_vs_D0,confirmation-F01-1024-3000-base,0.0
D1_vs_D0,confirmation-F01-1024-3000-ragged,0.0
D1_vs_D0,confirmation-F01-1024-3001-base,0.0
D1_vs_D0,confirmation-F01-1024-3001-ragged,0.0
D1_vs_D0,confirmation-F01-4096-3000-base,0.0
D1_vs_D0,confirmation-F01-4096-3000-ragged,0.0
D1_vs_D0,confirmation-F01-4096-3001-base,0.0
D1_vs_D0,confirmation-F01-4096-3001-ragged,0.0
D1_vs_D0,confirmation-F02-1024-3000-base,0.0
D1_vs_D0,confirmation-F02-1024-3000-ragged,0.0
D1_vs_D0,confirmation-F02-1024-3001-base,0.0
D1_vs_D0,confirmation-F02-1024-3001-ragged,0.0
D1_vs_D0,confirmation-F02-4096-3000-base,0.0
D1_vs_D0,confirmation-F02-4096-3000-ragged,0.0
D1_vs_D0,confirmation-F02-4096-3001-base,0.0
D1_vs_D0,confirmation-F02-4096-3001-ragged,0.0
D1_vs_D0,confirmation-F03-1024-3000-base,0.0
D1_vs_D0,confirmation-F03-1024-3000-ragged,0.0
D1_vs_D0,confirmation-F03-1024-3001-base,0.0
D1_vs_D0,confirmation-F03-1024-3001-ragged,0.0
D1_vs_D0,confirmation-F03-4096-3000-base,0.0
D1_vs_D0,confirmation-F03-4096-3000-ragged,0.0
D1_vs_D0,confirmation-F03-4096-3001-base,0.0
D1_vs_D0,confirmation-F03-4096-3001-ragged,0.0
D1_vs_D0,confirmation-F04-1024-3000-base,0.0
D1_vs_D0,confirmation-F04-1024-3000-ragged,0.0
D1_vs_D0,confirmation-F04-1024-3001-base,0.0
D1_vs_D0,confirmation-F04-1024-3001-ragged,0.0
D1_vs_D0,confirmation-F04-4096-3000-base,0.0
D1_vs_D0,confirmation-F04-4096-3000-ragged,0.0
D1_vs_D0,confirmation-F04-4096-3001-base,0.0
D1_vs_D0,confirmation-F04-4096-3001-ragged,0.0
D1_vs_D0,confirmation-F05-1024-3000-base,0.0
D1_vs_D0,confirmation-F05-1024-3000-ragged,0.0
D1_vs_D0,confirmation-F05-1024-3001-base,0.0
D1_vs_D0,confirmation-F05-1024-3001-ragged,0.0
D1_vs_D0,confirmation-F05-4096-3000-base,0.0
D1_vs_D0,confirmation-F05-4096-3000-ragged,0.0
D1_vs_D0,confirmation-F05-4096-3001-base,0.0
D1_vs_D0,confirmation-F05-4096-3001-ragged,0.0
D1_vs_D0,confirmation-F06-1024-3000-base,0.0
D1_vs_D0,confirmation-F06-1024-3000-ragged,0.0
D1_vs_D0,confirmation-F06-1024-3001-base,0.0
D1_vs_D0,confirmation-F06-1024-3001-ragged,0.0
D1_vs_D0,confirmation-F06-4096-3000-base,0.0
D1_vs_D0,confirmation-F06-4096-3000-ragged,0.0
D1_vs_D0,confirmation-F06-4096-3001-base,0.0
D1_vs_D0,confirmation-F06-4096-3001-ragged,0.0
D1_vs_D0,confirmation-F07-1024-3000-base,0.0
D1_vs_D0,confirmation-F07-1024-3000-ragged,0.0
D1_vs_D0,confirmation-F07-1024-3001-base,0.0
D1_vs_D0,confirmation-F07-1024-3001-ragged,0.0
D1_vs_D0,confirmation-F07-4096-3000-base,0.0
D1_vs_D0,confirmation-F07-4096-3000-ragged,0.0
D1_vs_D0,confirmation-F07-4096-3001-base,0.0
D1_vs_D0,confirmation-F07-4096-3001-ragged,0.0
D1_vs_D0,confirmation-F08-1024-3000-base,0.0
D1_vs_D0,confirmation-F08-1024-3000-ragged,0.0
D1_vs_D0,confirmation-F08-1024-3001-base,0.0
D1_vs_D0,confirmation-F08-1024-3001-ragged,0.0
D1_vs_D0,confirmation-F08-4096-3000-base,0.0
D1_vs_D0,confirmation-F08-4096-3000-ragged,0.0
D1_vs_D0,confirmation-F08-4096-3001-base,0.0
D1_vs_D0,confirmation-F08-4096-3001-ragged,0.0
D1_vs_D0,confirmation-F09-1024-3000-base,0.0
D1_vs_D0,confirmation-F09-1024-3000-ragged,0.0
D1_vs_D0,confirmation-F09-1024-3001-base,0.0
D1_vs_D0,confirmation-F09-1024-3001-ragged,0.0
D1_vs_D0,confirmation-F09-4096-3000-base,0.0
D1_vs_D0,confirmation-F09-4096-3000-ragged,0.0
D1_vs_D0,confirmation-F09-4096-3001-base,0.0
D1_vs_D0,confirmation-F09-4096-3001-ragged,0.0
D1_vs_D0,confirmation-F10-1024-3000-base,0.0
D1_vs_D0,confirmation-F10-1024-3000-ragged,0.0
D1_vs_D0,confirmation-F10-1024-3001-base,0.0
D1_vs_D0,confirmation-F10-1024-3001-ragged,0.0
D1_vs_D0,confirmation-F10-4096-3000-base,0.0
D1_vs_D0,confirmation-F10-4096-3000-ragged,0.0
D1_vs_D0,confirmation-F10-4096-3001-base,0.0
D1_vs_D0,confirmation-F10-4096-3001-ragged,0.0
D1_vs_D0,confirmation-F11-1024-3000-base,0.0
D1_vs_D0,confirmation-F11-1024-3000-ragged,0.0
D1_vs_D0,confirmation-F11-1024-3001-base,0.0
D1_vs_D0,confirmation-F11-1024-3001-ragged,0.0
D1_vs_D0,confirmation-F11-4096-3000-base,0.0
D1_vs_D0,confirmation-F11-4096-3000-ragged,0.0
D1_vs_D0,confirmation-F11-4096-3001-base,0.0
D1_vs_D0,confirmation-F11-4096-3001-ragged,0.0
D1_vs_D0,confirmation-F12-1024-3000-base,0.0
D1_vs_D0,confirmation-F12-1024-3000-ragged,0.0
D1_vs_D0,confirmation-F12-1024-3001-base,0.0
D1_vs_D0,confirmation-F12-1024-3001-ragged,0.0
D1_vs_D0,confirmation-F12-4096-3000-base,0.0
D1_vs_D0,confirmation-F12-4096-3000-ragged,0.0
D1_vs_D0,confirmation-F12-4096-3001-base,0.0
D1_vs_D0,confirmation-F12-4096-3001-ragged,0.0
D2_vs_D1,confirmation-F01-1024-3000-base,0.0
D2_vs_D1,confirmation-F01-1024-3000-ragged,0.0
D2_vs_D1,confirmation-F01-1024-3001-base,0.0
D2_vs_D1,confirmation-F01-1024-3001-ragged,0.0
D2_vs_D1,confirmation-F01-4096-3000-base,0.0
D2_vs_D1,confirmation-F01-4096-3000-ragged,0.0
D2_vs_D1,confirmation-F01-4096-3001-base,0.0
D2_vs_D1,confirmation-F01-4096-3001-ragged,0.0
D2_vs_D1,confirmation-F02-1024-3000-base,0.0
D2_vs_D1,confirmation-F02-1024-3000-ragged,0.0
D2_vs_D1,confirmation-F02-1024-3001-base,0.0
D2_vs_D1,confirmation-F02-1024-3001-ragged,0.0
D2_vs_D1,confirmation-F02-4096-3000-base,0.0
D2_vs_D1,confirmation-F02-4096-3000-ragged,0.0
D2_vs_D1,confirmation-F02-4096-3001-base,0.0
D2_vs_D1,confirmation-F02-4096-3001-ragged,0.0
D2_vs_D1,confirmation-F03-1024-3000-base,0.0
D2_vs_D1,confirmation-F03-1024-3000-ragged,0.0
D2_vs_D1,confirmation-F03-1024-3001-base,0.0
D2_vs_D1,confirmation-F03-1024-3001-ragged,0.0
D2_vs_D1,confirmation-F03-4096-3000-base,0.0
D2_vs_D1,confirmation-F03-4096-3000-ragged,0.0
D2_vs_D1,confirmation-F03-4096-3001-base,0.0
D2_vs_D1,confirmation-F03-4096-3001-ragged,0.0
D2_vs_D1,confirmation-F04-1024-3000-base,0.0
D2_vs_D1,confirmation-F04-1024-3000-ragged,0.0
D2_vs_D1,confirmation-F04-1024-3001-base,0.0
D2_vs_D1,confirmation-F04-1024-3001-ragged,0.0
D2_vs_D1,confirmation-F04-4096-3000-base,0.0
D2_vs_D1,confirmation-F04-4096-3000-ragged,0.0
D2_vs_D1,confirmation-F04-4096-3001-base,0.0
D2_vs_D1,confirmation-F04-4096-3001-ragged,0.0
D2_vs_D1,confirmation-F05-1024-3000-base,0.0
D2_vs_D1,confirmation-F05-1024-3000-ragged,0.0
D2_vs_D1,confirmation-F05-1024-3001-base,0.0
D2_vs_D1,confirmation-F05-1024-3001-ragged,0.0
D2_vs_D1,confirmation-F05-4096-3000-base,0.0
D2_vs_D1,confirmation-F05-4096-3000-ragged,0.0
D2_vs_D1,confirmation-F05-4096-3001-base,0.0
D2_vs_D1,confirmation-F05-4096-3001-ragged,0.0
D2_vs_D1,confirmation-F06-1024-3000-base,0.0
D2_vs_D1,confirmation-F06-1024-3000-ragged,0.0
D2_vs_D1,confirmation-F06-1024-3001-base,0.0
D2_vs_D1,confirmation-F06-1024-3001-ragged,0.0
D2_vs_D1,confirmation-F06-4096-3000-base,0.0
D2_vs_D1,confirmation-F06-4096-3000-ragged,0.0
D2_vs_D1,confirmation-F06-4096-3001-base,0.0
D2_vs_D1,confirmation-F06-4096-3001-ragged,0.0
D2_vs_D1,confirmation-F07-1024-3000-base,0.0
D2_vs_D1,confirmation-F07-1024-3000-ragged,0.0
D2_vs_D1,confirmation-F07-1024-3001-base,0.0
D2_vs_D1,confirmation-F07-1024-3001-ragged,0.0
D2_vs_D1,confirmation-F07-4096-3000-base,0.0
D2_vs_D1,confirmation-F07-4096-3000-ragged,0.0
D2_vs_D1,confirmation-F07-4096-3001-base,0.0
D2_vs_D1,confirmation-F07-4096-3001-ragged,0.0
D2_vs_D1,confirmation-F08-1024-3000-base,0.0
D2_vs_D1,confirmation-F08-1024-3000-ragged,0.0
D2_vs_D1,confirmation-F08-1024-3001-base,0.0
D2_vs_D1,confirmation-F08-1024-3001-ragged,0.0
D2_vs_D1,confirmation-F08-4096-3000-base,0.0
D2_vs_D1,confirmation-F08-4096-3000-ragged,0.0
D2_vs_D1,confirmation-F08-4096-3001-base,0.0
D2_vs_D1,confirmation-F08-4096-3001-ragged,0.0
D2_vs_D1,confirmation-F09-1024-3000-base,0.0
D2_vs_D1,confirmation-F09-1024-3000-ragged,0.0
D2_vs_D1,confirmation-F09-1024-3001-base,0.0
D2_vs_D1,confirmation-F09-1024-3001-ragged,0.0
D2_vs_D1,confirmation-F09-4096-3000-base,0.0
D2_vs_D1,confirmation-F09-4096-3000-ragged,0.0
D2_vs_D1,confirmation-F09-4096-3001-base,0.0
D2_vs_D1,confirmation-F09-4096-3001-ragged,0.0
D2_vs_D1,confirmation-F10-1024-3000-base,0.0
D2_vs_D1,confirmation-F10-1024-3000-ragged,0.0
D2_vs_D1,confirmation-F10-1024-3001-base,0.0
D2_vs_D1,confirmation-F10-1024-3001-ragged,0.0
D2_vs_D1,confirmation-F10-4096-3000-base,0.0
D2_vs_D1,confirmation-F10-4096-3000-ragged,0.0
D2_vs_D1,confirmation-F10-4096-3001-base,0.0
D2_vs_D1,confirmation-F10-4096-3001-ragged,0.0
D2_vs_D1,confirmation-F11-1024-3000-base,0.0
D2_vs_D1,confirmation-F11-1024-3000-ragged,0.0
D2_vs_D1,confirmation-F11-1024-3001-base,0.0
D2_vs_D1,confirmation-F11-1024-3001-ragged,0.0
D2_vs_D1,confirmation-F11-4096-3000-base,0.0
D2_vs_D1,confirmation-F11-4096-3000-ragged,0.0
D2_vs_D1,confirmation-F11-4096-3001-base,0.0
D2_vs_D1,confirmation-F11-4096-3001-ragged,0.0
D2_vs_D1,confirmation-F12-1024-3000-base,0.0
D2_vs_D1,confirmation-F12-1024-3000-ragged,0.0
D2_vs_D1,confirmation-F12-1024-3001-base,0.0
D2_vs_D1,confirmation-F12-1024-3001-ragged,0.0
D2_vs_D1,confirmation-F12-4096-3000-base,0.0
D2_vs_D1,confirmation-F12-4096-3000-ragged,0.0
D2_vs_D1,confirmation-F12-4096-3001-base,0.0
D2_vs_D1,confirmation-F12-4096-3001-ragged,0.0
D0_vs_A0,confirmation-F01-1024-3000-base,0.0
D0_vs_A0,confirmation-F01-1024-3000-ragged,0.0
D0_vs_A0,confirmation-F01-1024-3001-base,0.0
D0_vs_A0,confirmation-F01-1024-3001-ragged,0.0
D0_vs_A0,confirmation-F01-4096-3000-base,0.0
D0_vs_A0,confirmation-F01-4096-3000-ragged,0.0
D0_vs_A0,confirmation-F01-4096-3001-base,0.0
D0_vs_A0,confirmation-F01-4096-3001-ragged,0.0
D0_vs_A0,confirmation-F02-1024-3000-base,0.0
D0_vs_A0,confirmation-F02-1024-3000-ragged,0.0
D0_vs_A0,confirmation-F02-1024-3001-base,0.0
D0_vs_A0,confirmation-F02-1024-3001-ragged,0.0
D0_vs_A0,confirmation-F02-4096-3000-base,0.0
D0_vs_A0,confirmation-F02-4096-3000-ragged,0.0
D0_vs_A0,confirmation-F02-4096-3001-base,0.0
D0_vs_A0,confirmation-F02-4096-3001-ragged,0.0
D0_vs_A0,confirmation-F03-1024-3000-base,0.0
D0_vs_A0,confirmation-F03-1024-3000-ragged,0.0
D0_vs_A0,confirmation-F03-1024-3001-base,0.0
D0_vs_A0,confirmation-F03-1024-3001-ragged,0.0
D0_vs_A0,confirmation-F03-4096-3000-base,0.0
D0_vs_A0,confirmation-F03-4096-3000-ragged,0.0
D0_vs_A0,confirmation-F03-4096-3001-base,0.0
D0_vs_A0,confirmation-F03-4096-3001-ragged,0.0
D0_vs_A0,confirmation-F04-1024-3000-base,0.0
D0_vs_A0,confirmation-F04-1024-3000-ragged,0.0
D0_vs_A0,confirmation-F04-1024-3001-base,0.0
D0_vs_A0,confirmation-F04-1024-3001-ragged,0.0
D0_vs_A0,confirmation-F04-4096-3000-base,0.0
D0_vs_A0,confirmation-F04-4096-3000-ragged,0.0
D0_vs_A0,confirmation-F04-4096-3001-base,0.0
D0_vs_A0,confirmation-F04-4096-3001-ragged,0.0
D0_vs_A0,confirmation-F05-1024-3000-base,0.0
D0_vs_A0,confirmation-F05-1024-3000-ragged,0.0
D0_vs_A0,confirmation-F05-1024-3001-base,0.0
D0_vs_A0,confirmation-F05-1024-3001-ragged,0.0
D0_vs_A0,confirmation-F05-4096-3000-base,0.0
D0_vs_A0,confirmation-F05-4096-3000-ragged,0.0
D0_vs_A0,confirmation-F05-4096-3001-base,0.0
D0_vs_A0,confirmation-F05-4096-3001-ragged,0.0
D0_vs_A0,confirmation-F06-1024-3000-base,0.0
D0_vs_A0,confirmation-F06-1024-3000-ragged,0.0
D0_vs_A0,confirmation-F06-1024-3001-base,0.0
D0_vs_A0,confirmation-F06-1024-3001-ragged,0.0
D0_vs_A0,confirmation-F06-4096-3000-base,0.0
D0_vs_A0,confirmation-F06-4096-3000-ragged,0.0
D0_vs_A0,confirmation-F06-4096-3001-base,0.0
D0_vs_A0,confirmation-F06-4096-3001-ragged,0.0
D0_vs_A0,confirmation-F07-1024-3000-base,0.0
D0_vs_A0,confirmation-F07-1024-3000-ragged,0.0
D0_vs_A0,confirmation-F07-1024-3001-base,0.0
D0_vs_A0,confirmation-F07-1024-3001-ragged,0.0
D0_vs_A0,confirmation-F07-4096-3000-base,0.0
D0_vs_A0,confirmation-F07-4096-3000-ragged,0.0
D0_vs_A0,confirmation-F07-4096-3001-base,0.0
D0_vs_A0,confirmation-F07-4096-3001-ragged,0.0
D0_vs_A0,confirmation-F08-1024-3000-base,0.0
D0_vs_A0,confirmation-F08-1024-3000-ragged,0.0
D0_vs_A0,confirmation-F08-1024-3001-base,0.0
D0_vs_A0,confirmation-F08-1024-3001-ragged,0.0
D0_vs_A0,confirmation-F08-4096-3000-base,0.0
D0_vs_A0,confirmation-F08-4096-3000-ragged,0.0
D0_vs_A0,confirmation-F08-4096-3001-base,0.0
D0_vs_A0,confirmation-F08-4096-3001-ragged,0.0
D0_vs_A0,confirmation-F09-1024-3000-base,0.0
D0_vs_A0,confirmation-F09-1024-3000-ragged,0.0
D0_vs_A0,confirmation-F09-1024-3001-base,0.0
D0_vs_A0,confirmation-F09-1024-3001-ragged,0.0
D0_vs_A0,confirmation-F09-4096-3000-base,0.0
D0_vs_A0,confirmation-F09-4096-3000-ragged,0.0
D0_vs_A0,confirmation-F09-4096-3001-base,0.0
D0_vs_A0,confirmation-F09-4096-3001-ragged,0.0
D0_vs_A0,confirmation-F10-1024-3000-base,0.0
D0_vs_A0,confirmation-F10-1024-3000-ragged,0.0
D0_vs_A0,confirmation-F10-1024-3001-base,0.0
D0_vs_A0,confirmation-F10-1024-3001-ragged,0.0
D0_vs_A0,confirmation-F10-4096-3000-base,0.0
D0_vs_A0,confirmation-F10-4096-3000-ragged,0.0
D0_vs_A0,confirmation-F10-4096-3001-base,0.0
D0_vs_A0,confirmation-F10-4096-3001-ragged,0.0
D0_vs_A0,confirmation-F11-1024-3000-base,0.0
D0_vs_A0,confirmation-F11-1024-3000-ragged,0.0
D0_vs_A0,confirmation-F11-1024-3001-base,0.0
D0_vs_A0,confirmation-F11-1024-3001-ragged,0.0
D0_vs_A0,confirmation-F11-4096-3000-base,0.0
D0_vs_A0,confirmation-F11-4096-3000-ragged,0.0
D0_vs_A0,confirmation-F11-4096-3001-base,0.0
D0_vs_A0,confirmation-F11-4096-3001-ragged,0.0
D0_vs_A0,confirmation-F12-1024-3000-base,0.0
D0_vs_A0,confirmation-F12-1024-3000-ragged,0.0
D0_vs_A0,confirmation-F12-1024-3001-base,0.0
D0_vs_A0,confirmation-F12-1024-3001-ragged,0.0
D0_vs_A0,confirmation-F12-4096-3000-base,0.0
D0_vs_A0,confirmation-F12-4096-3000-ragged,0.0
D0_vs_A0,confirmation-F12-4096-3001-base,0.0
D0_vs_A0,confirmation-F12-4096-3001-ragged,0.0
D1_vs_A0,confirmation-F01-1024-3000-base,0.0
D1_vs_A0,confirmation-F01-1024-3000-ragged,0.0
D1_vs_A0,confirmation-F01-1024-3001-base,0.0
D1_vs_A0,confirmation-F01-1024-3001-ragged,0.0
D1_vs_A0,confirmation-F01-4096-3000-base,0.0
D1_vs_A0,confirmation-F01-4096-3000-ragged,0.0
D1_vs_A0,confirmation-F01-4096-3001-base,0.0
D1_vs_A0,confirmation-F01-4096-3001-ragged,0.0
D1_vs_A0,confirmation-F02-1024-3000-base,0.0
D1_vs_A0,confirmation-F02-1024-3000-ragged,0.0
D1_vs_A0,confirmation-F02-1024-3001-base,0.0
D1_vs_A0,confirmation-F02-1024-3001-ragged,0.0
D1_vs_A0,confirmation-F02-4096-3000-base,0.0
D1_vs_A0,confirmation-F02-4096-3000-ragged,0.0
D1_vs_A0,confirmation-F02-4096-3001-base,0.0
D1_vs_A0,confirmation-F02-4096-3001-ragged,0.0
D1_vs_A0,confirmation-F03-1024-3000-base,0.0
D1_vs_A0,confirmation-F03-1024-3000-ragged,0.0
D1_vs_A0,confirmation-F03-1024-3001-base,0.0
D1_vs_A0,confirmation-F03-1024-3001-ragged,0.0
D1_vs_A0,confirmation-F03-4096-3000-base,0.0
D1_vs_A0,confirmation-F03-4096-3000-ragged,0.0
D1_vs_A0,confirmation-F03-4096-3001-base,0.0
D1_vs_A0,confirmation-F03-4096-3001-ragged,0.0
D1_vs_A0,confirmation-F04-1024-3000-base,0.0
D1_vs_A0,confirmation-F04-1024-3000-ragged,0.0
D1_vs_A0,confirmation-F04-1024-3001-base,0.0
D1_vs_A0,confirmation-F04-1024-3001-ragged,0.0
D1_vs_A0,confirmation-F04-4096-3000-base,0.0
D1_vs_A0,confirmation-F04-4096-3000-ragged,0.0
D1_vs_A0,confirmation-F04-4096-3001-base,0.0
D1_vs_A0,confirmation-F04-4096-3001-ragged,0.0
D1_vs_A0,confirmation-F05-1024-3000-base,0.0
D1_vs_A0,confirmation-F05-1024-3000-ragged,0.0
D1_vs_A0,confirmation-F05-1024-3001-base,0.0
D1_vs_A0,confirmation-F05-1024-3001-ragged,0.0
D1_vs_A0,confirmation-F05-4096-3000-base,0.0
D1_vs_A0,confirmation-F05-4096-3000-ragged,0.0
D1_vs_A0,confirmation-F05-4096-3001-base,0.0
D1_vs_A0,confirmation-F05-4096-3001-ragged,0.0
D1_vs_A0,confirmation-F06-1024-3000-base,0.0
D1_vs_A0,confirmation-F06-1024-3000-ragged,0.0
D1_vs_A0,confirmation-F06-1024-3001-base,0.0
D1_vs_A0,confirmation-F06-1024-3001-ragged,0.0
D1_vs_A0,confirmation-F06-4096-3000-base,0.0
D1_vs_A0,confirmation-F06-4096-3000-ragged,0.0
D1_vs_A0,confirmation-F06-4096-3001-base,0.0
D1_vs_A0,confirmation-F06-4096-3001-ragged,0.0
D1_vs_A0,confirmation-F07-1024-3000-base,0.0
D1_vs_A0,confirmation-F07-1024-3000-ragged,0.0
D1_vs_A0,confirmation-F07-1024-3001-base,0.0
D1_vs_A0,confirmation-F07-1024-3001-ragged,0.0
D1_vs_A0,confirmation-F07-4096-3000-base,0.0
D1_vs_A0,confirmation-F07-4096-3000-ragged,0.0
D1_vs_A0,confirmation-F07-4096-3001-base,0.0
D1_vs_A0,confirmation-F07-4096-3001-ragged,0.0
D1_vs_A0,confirmation-F08-1024-3000-base,0.0
D1_vs_A0,confirmation-F08-1024-3000-ragged,0.0
D1_vs_A0,confirmation-F08-1024-3001-base,0.0
D1_vs_A0,confirmation-F08-1024-3001-ragged,0.0
D1_vs_A0,confirmation-F08-4096-3000-base,0.0
D1_vs_A0,confirmation-F08-4096-3000-ragged,0.0
D1_vs_A0,confirmation-F08-4096-3001-base,0.0
D1_vs_A0,confirmation-F08-4096-3001-ragged,0.0
D1_vs_A0,confirmation-F09-1024-3000-base,0.0
D1_vs_A0,confirmation-F09-1024-3000-ragged,0.0
D1_vs_A0,confirmation-F09-1024-3001-base,0.0
D1_vs_A0,confirmation-F09-1024-3001-ragged,0.0
D1_vs_A0,confirmation-F09-4096-3000-base,0.0
D1_vs_A0,confirmation-F09-4096-3000-ragged,0.0
D1_vs_A0,confirmation-F09-4096-3001-base,0.0
D1_vs_A0,confirmation-F09-4096-3001-ragged,0.0
D1_vs_A0,confirmation-F10-1024-3000-base,0.0
D1_vs_A0,confirmation-F10-1024-3000-ragged,0.0
D1_vs_A0,confirmation-F10-1024-3001-base,0.0
D1_vs_A0,confirmation-F10-1024-3001-ragged,0.0
D1_vs_A0,confirmation-F10-4096-3000-base,0.0
D1_vs_A0,confirmation-F10-4096-3000-ragged,0.0
D1_vs_A0,confirmation-F10-4096-3001-base,0.0
D1_vs_A0,confirmation-F10-4096-3001-ragged,0.0
D1_vs_A0,confirmation-F11-1024-3000-base,0.0
D1_vs_A0,confirmation-F11-1024-3000-ragged,0.0
D1_vs_A0,confirmation-F11-1024-3001-base,0.0
D1_vs_A0,confirmation-F11-1024-3001-ragged,0.0
D1_vs_A0,confirmation-F11-4096-3000-base,0.0
D1_vs_A0,confirmation-F11-4096-3000-ragged,0.0
D1_vs_A0,confirmation-F11-4096-3001-base,0.0
D1_vs_A0,confirmation-F11-4096-3001-ragged,0.0
D1_vs_A0,confirmation-F12-1024-3000-base,0.0
D1_vs_A0,confirmation-F12-1024-3000-ragged,0.0
D1_vs_A0,confirmation-F12-1024-3001-base,0.0
D1_vs_A0,confirmation-F12-1024-3001-ragged,0.0
D1_vs_A0,confirmation-F12-4096-3000-base,0.0
D1_vs_A0,confirmation-F12-4096-3000-ragged,0.0
D1_vs_A0,confirmation-F12-4096-3001-base,0.0
D1_vs_A0,confirmation-F12-4096-3001-ragged,0.0
D2_vs_A0,confirmation-F01-1024-3000-base,0.0
D2_vs_A0,confirmation-F01-1024-3000-ragged,0.0
D2_vs_A0,confirmation-F01-1024-3001-base,0.0
D2_vs_A0,confirmation-F01-1024-3001-ragged,0.0
D2_vs_A0,confirmation-F01-4096-3000-base,0.0
D2_vs_A0,confirmation-F01-4096-3000-ragged,0.0
D2_vs_A0,confirmation-F01-4096-3001-base,0.0
D2_vs_A0,confirmation-F01-4096-3001-ragged,0.0
D2_vs_A0,confirmation-F02-1024-3000-base,0.0
D2_vs_A0,confirmation-F02-1024-3000-ragged,0.0
D2_vs_A0,confirmation-F02-1024-3001-base,0.0
D2_vs_A0,confirmation-F02-1024-3001-ragged,0.0
D2_vs_A0,confirmation-F02-4096-3000-base,0.0
D2_vs_A0,confirmation-F02-4096-3000-ragged,0.0
D2_vs_A0,confirmation-F02-4096-3001-base,0.0
D2_vs_A0,confirmation-F02-4096-3001-ragged,0.0
D2_vs_A0,confirmation-F03-1024-3000-base,0.0
D2_vs_A0,confirmation-F03-1024-3000-ragged,0.0
D2_vs_A0,confirmation-F03-1024-3001-base,0.0
D2_vs_A0,confirmation-F03-1024-3001-ragged,0.0
D2_vs_A0,confirmation-F03-4096-3000-base,0.0
D2_vs_A0,confirmation-F03-4096-3000-ragged,0.0
D2_vs_A0,confirmation-F03-4096-3001-base,0.0
D2_vs_A0,confirmation-F03-4096-3001-ragged,0.0
D2_vs_A0,confirmation-F04-1024-3000-base,0.0
D2_vs_A0,confirmation-F04-1024-3000-ragged,0.0
D2_vs_A0,confirmation-F04-1024-3001-base,0.0
D2_vs_A0,confirmation-F04-1024-3001-ragged,0.0
D2_vs_A0,confirmation-F04-4096-3000-base,0.0
D2_vs_A0,confirmation-F04-4096-3000-ragged,0.0
D2_vs_A0,confirmation-F04-4096-3001-base,0.0
D2_vs_A0,confirmation-F04-4096-3001-ragged,0.0
D2_vs_A0,confirmation-F05-1024-3000-base,0.0
D2_vs_A0,confirmation-F05-1024-3000-ragged,0.0
D2_vs_A0,confirmation-F05-1024-3001-base,0.0
D2_vs_A0,confirmation-F05-1024-3001-ragged,0.0
D2_vs_A0,confirmation-F05-4096-3000-base,0.0
D2_vs_A0,confirmation-F05-4096-3000-ragged,0.0
D2_vs_A0,confirmation-F05-4096-3001-base,0.0
D2_vs_A0,confirmation-F05-4096-3001-ragged,0.0
D2_vs_A0,confirmation-F06-1024-3000-base,0.0
D2_vs_A0,confirmation-F06-1024-3000-ragged,0.0
D2_vs_A0,confirmation-F06-1024-3001-base,0.0
D2_vs_A0,confirmation-F06-1024-3001-ragged,0.0
D2_vs_A0,confirmation-F06-4096-3000-base,0.0
D2_vs_A0,confirmation-F06-4096-3000-ragged,0.0
D2_vs_A0,confirmation-F06-4096-3001-base,0.0
D2_vs_A0,confirmation-F06-4096-3001-ragged,0.0
D2_vs_A0,confirmation-F07-1024-3000-base,0.0
D2_vs_A0,confirmation-F07-1024-3000-ragged,0.0
D2_vs_A0,confirmation-F07-1024-3001-base,0.0
D2_vs_A0,confirmation-F07-1024-3001-ragged,0.0
D2_vs_A0,confirmation-F07-4096-3000-base,0.0
D2_vs_A0,confirmation-F07-4096-3000-ragged,0.0
D2_vs_A0,confirmation-F07-4096-3001-base,0.0
D2_vs_A0,confirmation-F07-4096-3001-ragged,0.0
D2_vs_A0,confirmation-F08-1024-3000-base,0.0
D2_vs_A0,confirmation-F08-1024-3000-ragged,0.0
D2_vs_A0,confirmation-F08-1024-3001-base,0.0
D2_vs_A0,confirmation-F08-1024-3001-ragged,0.0
D2_vs_A0,confirmation-F08-4096-3000-base,0.0
D2_vs_A0,confirmation-F08-4096-3000-ragged,0.0
D2_vs_A0,confirmation-F08-4096-3001-base,0.0
D2_vs_A0,confirmation-F08-4096-3001-ragged,0.0
D2_vs_A0,confirmation-F09-1024-3000-base,0.0
D2_vs_A0,confirmation-F09-1024-3000-ragged,0.0
D2_vs_A0,confirmation-F09-1024-3001-base,0.0
D2_vs_A0,confirmation-F09-1024-3001-ragged,0.0
D2_vs_A0,confirmation-F09-4096-3000-base,0.0
D2_vs_A0,confirmation-F09-4096-3000-ragged,0.0
D2_vs_A0,confirmation-F09-4096-3001-base,0.0
D2_vs_A0,confirmation-F09-4096-3001-ragged,0.0
D2_vs_A0,confirmation-F10-1024-3000-base,0.0
D2_vs_A0,confirmation-F10-1024-3000-ragged,0.0
D2_vs_A0,confirmation-F10-1024-3001-base,0.0
D2_vs_A0,confirmation-F10-1024-3001-ragged,0.0
D2_vs_A0,confirmation-F10-4096-3000-base,0.0
D2_vs_A0,confirmation-F10-4096-3000-ragged,0.0
D2_vs_A0,confirmation-F10-4096-3001-base,0.0
D2_vs_A0,confirmation-F10-4096-3001-ragged,0.0
D2_vs_A0,confirmation-F11-1024-3000-base,0.0
D2_vs_A0,confirmation-F11-1024-3000-ragged,0.0
D2_vs_A0,confirmation-F11-1024-3001-base,0.0
D2_vs_A0,confirmation-F11-1024-3001-ragged,0.0
D2_vs_A0,confirmation-F11-4096-3000-base,0.0
D2_vs_A0,confirmation-F11-4096-3000-ragged,0.0
D2_vs_A0,confirmation-F11-4096-3001-base,0.0
D2_vs_A0,confirmation-F11-4096-3001-ragged,0.0
D2_vs_A0,confirmation-F12-1024-3000-base,0.0
D2_vs_A0,confirmation-F12-1024-3000-ragged,0.0
D2_vs_A0,confirmation-F12-1024-3001-base,0.0
D2_vs_A0,confirmation-F12-1024-3001-ragged,0.0
D2_vs_A0,confirmation-F12-4096-3000-base,0.0
D2_vs_A0,confirmation-F12-4096-3000-ragged,0.0
D2_vs_A0,confirmation-F12-4096-3001-base,0.0
D2_vs_A0,confirmation-F12-4096-3001-ragged,0.0
D0_vs_pair_grammar,confirmation-F01-1024-3000-base,0.1875
D0_vs_pair_grammar,confirmation-F01-1024-3000-ragged,0.186952288218111
D0_vs_pair_grammar,confirmation-F01-1024-3001-base,0.15625
D0_vs_pair_grammar,confirmation-F01-1024-3001-ragged,0.16358325219084713
D0_vs_pair_grammar,confirmation-F01-4096-3000-base,0.05859375
D0_vs_pair_grammar,confirmation-F01-4096-3000-ragged,0.058550866064893875
D0_vs_pair_grammar,confirmation-F01-4096-3001-base,0.052734375
D0_vs_pair_grammar,confirmation-F01-4096-3001-ragged,0.05074408392290802
D0_vs_pair_grammar,confirmation-F02-1024-3000-base,0.5078125
D0_vs_pair_grammar,confirmation-F02-1024-3000-ragged,0.498539435248296
D0_vs_pair_grammar,confirmation-F02-1024-3001-base,0.0078125
D0_vs_pair_grammar,confirmation-F02-1024-3001-ragged,-0.007789678675754625
D0_vs_pair_grammar,confirmation-F02-4096-3000-base,0.087890625
D0_vs_pair_grammar,confirmation-F02-4096-3000-ragged,0.0780678214198585
D0_vs_pair_grammar,confirmation-F02-4096-3001-base,-0.146484375
D0_vs_pair_grammar,confirmation-F02-4096-3001-ragged,-0.16003903391070992
D0_vs_pair_grammar,confirmation-F03-1024-3000-base,0.0390625
D0_vs_pair_grammar,confirmation-F03-1024-3000-ragged,0.03894839337877313
D0_vs_pair_grammar,confirmation-F03-1024-3001-base,0.078125
D0_vs_pair_grammar,confirmation-F03-1024-3001-ragged,0.062317429406037
D0_vs_pair_grammar,confirmation-F03-4096-3000-base,0.005859375
D0_vs_pair_grammar,confirmation-F03-4096-3000-ragged,0.011710173212978776
D0_vs_pair_grammar,confirmation-F03-4096-3001-base,0.0234375
D0_vs_pair_grammar,confirmation-F03-4096-3001-ragged,0.02146865089046109
D0_vs_pair_grammar,confirmation-F04-1024-3000-base,0.953125
D0_vs_pair_grammar,confirmation-F04-1024-3000-ragged,0.9425511197663097
D0_vs_pair_grammar,confirmation-F04-1024-3001-base,0.515625
D0_vs_pair_grammar,confirmation-F04-1024-3001-ragged,0.5141187925998053
D0_vs_pair_grammar,confirmation-F04-4096-3000-base,0.166015625
D0_vs_pair_grammar,confirmation-F04-4096-3000-ragged,0.16589412051719932
D0_vs_pair_grammar,confirmation-F04-4096-3001-base,0.466796875
D0_vs_pair_grammar,confirmation-F04-4096-3001-ragged,0.5015857526225909
D0_vs_pair_grammar,confirmation-F05-1024-3000-base,0.203125
D0_vs_pair_grammar,confirmation-F05-1024-3000-ragged,0.10905550146056475
D0_vs_pair_grammar,confirmation-F05-1024-3001-base,0.1796875
D0_vs_pair_grammar,confirmation-F05-1024-3001-ragged,0.16358325219084713
D0_vs_pair_grammar,confirmation-F05-4096-3000-base,0.068359375
D0_vs_pair_grammar,confirmation-F05-4096-3000-ragged,0.058550866064893875
D0_vs_pair_grammar,confirmation-F05-4096-3001-base,0.0546875
D0_vs_pair_grammar,confirmation-F05-4096-3001-ragged,0.05074408392290802
D0_vs_pair_grammar,confirmation-F06-1024-3000-base,0.8125
D0_vs_pair_grammar,confirmation-F06-1024-3000-ragged,0.810126582278481
D0_vs_pair_grammar,confirmation-F06-1024-3001-base,0.6875
D0_vs_pair_grammar,confirmation-F06-1024-3001-ragged,0.6932814021421616
D0_vs_pair_grammar,confirmation-F06-4096-3000-base,0.44140625
D0_vs_pair_grammar,confirmation-F06-4096-3000-ragged,0.44108319102220056
D0_vs_pair_grammar,confirmation-F06-4096-3001-base,0.373046875
D0_vs_pair_grammar,confirmation-F06-4096-3001-ragged,0.37082215174432787
D0_vs_pair_grammar,confirmation-F07-1024-3000-base,1.2265625
D0_vs_pair_grammar,confirmation-F07-1024-3000-ragged,1.2307692307692308
D0_vs_pair_grammar,confirmation-F07-1024-3001-base,1.2421875
D0_vs_pair_grammar,confirmation-F07-1024-3001-ragged,1.2307692307692308
D0_vs_pair_grammar,confirmation-F07-4096-3000-base,0.71875
D0_vs_pair_grammar,confirmation-F07-4096-3000-ragged,0.7201756525981947
D0_vs_pair_grammar,confirmation-F07-4096-3001-base,0.748046875
D0_vs_pair_grammar,confirmation-F07-4096-3001-ragged,0.7455476945596486
D0_vs_pair_grammar,confirmation-F08-1024-3000-base,0.390625
D0_vs_pair_grammar,confirmation-F08-1024-3000-ragged,0.3894839337877313
D0_vs_pair_grammar,confirmation-F08-1024-3001-base,0.3828125
D0_vs_pair_grammar,confirmation-F08-1024-3001-ragged,0.3894839337877313
D0_vs_pair_grammar,confirmation-F08-4096-3000-base,0.02734375
D0_vs_pair_grammar,confirmation-F08-4096-3000-ragged,0.02537204196145401
D0_vs_pair_grammar,confirmation-F08-4096-3001-base,0.025390625
D0_vs_pair_grammar,confirmation-F08-4096-3001-ragged,0.019516955354964626
D0_vs_pair_grammar,confirmation-F09-1024-3000-base,0.1796875
D0_vs_pair_grammar,confirmation-F09-1024-3000-ragged,0.17916260954235638
D0_vs_pair_grammar,confirmation-F09-1024-3001-base,0.9765625
D0_vs_pair_grammar,confirmation-F09-1024-3001-ragged,0.9814995131450828
D0_vs_pair_grammar,confirmation-F09-4096-3000-base,-0.16796875
D0_vs_pair_grammar,confirmation-F09-4096-3000-ragged,-0.16784581605269577
D0_vs_pair_grammar,confirmation-F09-4096-3001-base,0.44921875
D0_vs_pair_grammar,confirmation-F09-4096-3001-ragged,0.4449865820931935
D0_vs_pair_grammar,confirmation-F10-1024-3000-base,0.0625
D0_vs_pair_grammar,confirmation-F10-1024-3000-ragged,0.0311587147030185
D0_vs_pair_grammar,confirmation-F10-1024-3001-base,0.109375
D0_vs_pair_grammar,confirmation-F10-1024-3001-ragged,0.062317429406037
D0_vs_pair_grammar,confirmation-F10-4096-3000-base,-0.015625
D0_vs_pair_grammar,confirmation-F10-4096-3000-ragged,-0.019516955354964626
D0_vs_pair_grammar,confirmation-F10-4096-3001-base,-0.009765625
D0_vs_pair_grammar,confirmation-F10-4096-3001-ragged,-0.029275433032446938
D0_vs_pair_grammar,confirmation-F11-1024-3000-base,1.1796875
D0_vs_pair_grammar,confirmation-F11-1024-3000-ragged,1.184031158714703
D0_vs_pair_grammar,confirmation-F11-1024-3001-base,1.0625
D0_vs_pair_grammar,confirmation-F11-1024-3001-ragged,1.0516066212268744
D0_vs_pair_grammar,confirmation-F11-4096-3000-base,0.45703125
D0_vs_pair_grammar,confirmation-F11-4096-3000-ragged,0.45474505977067575
D0_vs_pair_grammar,confirmation-F11-4096-3001-base,0.4453125
D0_vs_pair_grammar,confirmation-F11-4096-3001-ragged,0.4449865820931935
D0_vs_pair_grammar,confirmation-F12-1024-3000-base,0.5859375
D0_vs_pair_grammar,confirmation-F12-1024-3000-ragged,0.4595910418695229
D0_vs_pair_grammar,confirmation-F12-1024-3001-base,0.4921875
D0_vs_pair_grammar,confirmation-F12-1024-3001-ragged,0.4907497565725414
D0_vs_pair_grammar,confirmation-F12-4096-3000-base,0.25390625
D0_vs_pair_grammar,confirmation-F12-4096-3000-ragged,0.27323737496950473
D0_vs_pair_grammar,confirmation-F12-4096-3001-base,0.267578125
D0_vs_pair_grammar,confirmation-F12-4096-3001-ragged,0.2771407660404977
D1_vs_pair_grammar,confirmation-F01-1024-3000-base,0.1875
D1_vs_pair_grammar,confirmation-F01-1024-3000-ragged,0.186952288218111
D1_vs_pair_grammar,confirmation-F01-1024-3001-base,0.15625
D1_vs_pair_grammar,confirmation-F01-1024-3001-ragged,0.16358325219084713
D1_vs_pair_grammar,confirmation-F01-4096-3000-base,0.05859375
D1_vs_pair_grammar,confirmation-F01-4096-3000-ragged,0.058550866064893875
D1_vs_pair_grammar,confirmation-F01-4096-3001-base,0.052734375
D1_vs_pair_grammar,confirmation-F01-4096-3001-ragged,0.05074408392290802
D1_vs_pair_grammar,confirmation-F02-1024-3000-base,0.5078125
D1_vs_pair_grammar,confirmation-F02-1024-3000-ragged,0.498539435248296
D1_vs_pair_grammar,confirmation-F02-1024-3001-base,0.0078125
D1_vs_pair_grammar,confirmation-F02-1024-3001-ragged,-0.007789678675754625
D1_vs_pair_grammar,confirmation-F02-4096-3000-base,0.087890625
D1_vs_pair_grammar,confirmation-F02-4096-3000-ragged,0.0780678214198585
D1_vs_pair_grammar,confirmation-F02-4096-3001-base,-0.146484375
D1_vs_pair_grammar,confirmation-F02-4096-3001-ragged,-0.16003903391070992
D1_vs_pair_grammar,confirmation-F03-1024-3000-base,0.0390625
D1_vs_pair_grammar,confirmation-F03-1024-3000-ragged,0.03894839337877313
D1_vs_pair_grammar,confirmation-F03-1024-3001-base,0.078125
D1_vs_pair_grammar,confirmation-F03-1024-3001-ragged,0.062317429406037
D1_vs_pair_grammar,confirmation-F03-4096-3000-base,0.005859375
D1_vs_pair_grammar,confirmation-F03-4096-3000-ragged,0.011710173212978776
D1_vs_pair_grammar,confirmation-F03-4096-3001-base,0.0234375
D1_vs_pair_grammar,confirmation-F03-4096-3001-ragged,0.02146865089046109
D1_vs_pair_grammar,confirmation-F04-1024-3000-base,0.953125
D1_vs_pair_grammar,confirmation-F04-1024-3000-ragged,0.9425511197663097
D1_vs_pair_grammar,confirmation-F04-1024-3001-base,0.515625
D1_vs_pair_grammar,confirmation-F04-1024-3001-ragged,0.5141187925998053
D1_vs_pair_grammar,confirmation-F04-4096-3000-base,0.166015625
D1_vs_pair_grammar,confirmation-F04-4096-3000-ragged,0.16589412051719932
D1_vs_pair_grammar,confirmation-F04-4096-3001-base,0.466796875
D1_vs_pair_grammar,confirmation-F04-4096-3001-ragged,0.5015857526225909
D1_vs_pair_grammar,confirmation-F05-1024-3000-base,0.203125
D1_vs_pair_grammar,confirmation-F05-1024-3000-ragged,0.10905550146056475
D1_vs_pair_grammar,confirmation-F05-1024-3001-base,0.1796875
D1_vs_pair_grammar,confirmation-F05-1024-3001-ragged,0.16358325219084713
D1_vs_pair_grammar,confirmation-F05-4096-3000-base,0.068359375
D1_vs_pair_grammar,confirmation-F05-4096-3000-ragged,0.058550866064893875
D1_vs_pair_grammar,confirmation-F05-4096-3001-base,0.0546875
D1_vs_pair_grammar,confirmation-F05-4096-3001-ragged,0.05074408392290802
D1_vs_pair_grammar,confirmation-F06-1024-3000-base,0.8125
D1_vs_pair_grammar,confirmation-F06-1024-3000-ragged,0.810126582278481
D1_vs_pair_grammar,confirmation-F06-1024-3001-base,0.6875
D1_vs_pair_grammar,confirmation-F06-1024-3001-ragged,0.6932814021421616
D1_vs_pair_grammar,confirmation-F06-4096-3000-base,0.44140625
D1_vs_pair_grammar,confirmation-F06-4096-3000-ragged,0.44108319102220056
D1_vs_pair_grammar,confirmation-F06-4096-3001-base,0.373046875
D1_vs_pair_grammar,confirmation-F06-4096-3001-ragged,0.37082215174432787
D1_vs_pair_grammar,confirmation-F07-1024-3000-base,1.2265625
D1_vs_pair_grammar,confirmation-F07-1024-3000-ragged,1.2307692307692308
D1_vs_pair_grammar,confirmation-F07-1024-3001-base,1.2421875
D1_vs_pair_grammar,confirmation-F07-1024-3001-ragged,1.2307692307692308
D1_vs_pair_grammar,confirmation-F07-4096-3000-base,0.71875
D1_vs_pair_grammar,confirmation-F07-4096-3000-ragged,0.7201756525981947
D1_vs_pair_grammar,confirmation-F07-4096-3001-base,0.748046875
D1_vs_pair_grammar,confirmation-F07-4096-3001-ragged,0.7455476945596486
D1_vs_pair_grammar,confirmation-F08-1024-3000-base,0.390625
D1_vs_pair_grammar,confirmation-F08-1024-3000-ragged,0.3894839337877313
D1_vs_pair_grammar,confirmation-F08-1024-3001-base,0.3828125
D1_vs_pair_grammar,confirmation-F08-1024-3001-ragged,0.3894839337877313
D1_vs_pair_grammar,confirmation-F08-4096-3000-base,0.02734375
D1_vs_pair_grammar,confirmation-F08-4096-3000-ragged,0.02537204196145401
D1_vs_pair_grammar,confirmation-F08-4096-3001-base,0.025390625
D1_vs_pair_grammar,confirmation-F08-4096-3001-ragged,0.019516955354964626
D1_vs_pair_grammar,confirmation-F09-1024-3000-base,0.1796875
D1_vs_pair_grammar,confirmation-F09-1024-3000-ragged,0.17916260954235638
D1_vs_pair_grammar,confirmation-F09-1024-3001-base,0.9765625
D1_vs_pair_grammar,confirmation-F09-1024-3001-ragged,0.9814995131450828
D1_vs_pair_grammar,confirmation-F09-4096-3000-base,-0.16796875
D1_vs_pair_grammar,confirmation-F09-4096-3000-ragged,-0.16784581605269577
D1_vs_pair_grammar,confirmation-F09-4096-3001-base,0.44921875
D1_vs_pair_grammar,confirmation-F09-4096-3001-ragged,0.4449865820931935
D1_vs_pair_grammar,confirmation-F10-1024-3000-base,0.0625
D1_vs_pair_grammar,confirmation-F10-1024-3000-ragged,0.0311587147030185
D1_vs_pair_grammar,confirmation-F10-1024-3001-base,0.109375
D1_vs_pair_grammar,confirmation-F10-1024-3001-ragged,0.062317429406037
D1_vs_pair_grammar,confirmation-F10-4096-3000-base,-0.015625
D1_vs_pair_grammar,confirmation-F10-4096-3000-ragged,-0.019516955354964626
D1_vs_pair_grammar,confirmation-F10-4096-3001-base,-0.009765625
D1_vs_pair_grammar,confirmation-F10-4096-3001-ragged,-0.029275433032446938
D1_vs_pair_grammar,confirmation-F11-1024-3000-base,1.1796875
D1_vs_pair_grammar,confirmation-F11-1024-3000-ragged,1.184031158714703
D1_vs_pair_grammar,confirmation-F11-1024-3001-base,1.0625
D1_vs_pair_grammar,confirmation-F11-1024-3001-ragged,1.0516066212268744
D1_vs_pair_grammar,confirmation-F11-4096-3000-base,0.45703125
D1_vs_pair_grammar,confirmation-F11-4096-3000-ragged,0.45474505977067575
D1_vs_pair_grammar,confirmation-F11-4096-3001-base,0.4453125
D1_vs_pair_grammar,confirmation-F11-4096-3001-ragged,0.4449865820931935
D1_vs_pair_grammar,confirmation-F12-1024-3000-base,0.5859375
D1_vs_pair_grammar,confirmation-F12-1024-3000-ragged,0.4595910418695229
D1_vs_pair_grammar,confirmation-F12-1024-3001-base,0.4921875
D1_vs_pair_grammar,confirmation-F12-1024-3001-ragged,0.4907497565725414
D1_vs_pair_grammar,confirmation-F12-4096-3000-base,0.25390625
D1_vs_pair_grammar,confirmation-F12-4096-3000-ragged,0.27323737496950473
D1_vs_pair_grammar,confirmation-F12-4096-3001-base,0.267578125
D1_vs_pair_grammar,confirmation-F12-4096-3001-ragged,0.2771407660404977
D2_vs_pair_grammar,confirmation-F01-1024-3000-base,0.1875
D2_vs_pair_grammar,confirmation-F01-1024-3000-ragged,0.186952288218111
D2_vs_pair_grammar,confirmation-F01-1024-3001-base,0.15625
D2_vs_pair_grammar,confirmation-F01-1024-3001-ragged,0.16358325219084713
D2_vs_pair_grammar,confirmation-F01-4096-3000-base,0.05859375
D2_vs_pair_grammar,confirmation-F01-4096-3000-ragged,0.058550866064893875
D2_vs_pair_grammar,confirmation-F01-4096-3001-base,0.052734375
D2_vs_pair_grammar,confirmation-F01-4096-3001-ragged,0.05074408392290802
D2_vs_pair_grammar,confirmation-F02-1024-3000-base,0.5078125
D2_vs_pair_grammar,confirmation-F02-1024-3000-ragged,0.498539435248296
D2_vs_pair_grammar,confirmation-F02-1024-3001-base,0.0078125
D2_vs_pair_grammar,confirmation-F02-1024-3001-ragged,-0.007789678675754625
D2_vs_pair_grammar,confirmation-F02-4096-3000-base,0.087890625
D2_vs_pair_grammar,confirmation-F02-4096-3000-ragged,0.0780678214198585
D2_vs_pair_grammar,confirmation-F02-4096-3001-base,-0.146484375
D2_vs_pair_grammar,confirmation-F02-4096-3001-ragged,-0.16003903391070992
D2_vs_pair_grammar,confirmation-F03-1024-3000-base,0.0390625
D2_vs_pair_grammar,confirmation-F03-1024-3000-ragged,0.03894839337877313
D2_vs_pair_grammar,confirmation-F03-1024-3001-base,0.078125
D2_vs_pair_grammar,confirmation-F03-1024-3001-ragged,0.062317429406037
D2_vs_pair_grammar,confirmation-F03-4096-3000-base,0.005859375
D2_vs_pair_grammar,confirmation-F03-4096-3000-ragged,0.011710173212978776
D2_vs_pair_grammar,confirmation-F03-4096-3001-base,0.0234375
D2_vs_pair_grammar,confirmation-F03-4096-3001-ragged,0.02146865089046109
D2_vs_pair_grammar,confirmation-F04-1024-3000-base,0.953125
D2_vs_pair_grammar,confirmation-F04-1024-3000-ragged,0.9425511197663097
D2_vs_pair_grammar,confirmation-F04-1024-3001-base,0.515625
D2_vs_pair_grammar,confirmation-F04-1024-3001-ragged,0.5141187925998053
D2_vs_pair_grammar,confirmation-F04-4096-3000-base,0.166015625
D2_vs_pair_grammar,confirmation-F04-4096-3000-ragged,0.16589412051719932
D2_vs_pair_grammar,confirmation-F04-4096-3001-base,0.466796875
D2_vs_pair_grammar,confirmation-F04-4096-3001-ragged,0.5015857526225909
D2_vs_pair_grammar,confirmation-F05-1024-3000-base,0.203125
D2_vs_pair_grammar,confirmation-F05-1024-3000-ragged,0.10905550146056475
D2_vs_pair_grammar,confirmation-F05-1024-3001-base,0.1796875
D2_vs_pair_grammar,confirmation-F05-1024-3001-ragged,0.16358325219084713
D2_vs_pair_grammar,confirmation-F05-4096-3000-base,0.068359375
D2_vs_pair_grammar,confirmation-F05-4096-3000-ragged,0.058550866064893875
D2_vs_pair_grammar,confirmation-F05-4096-3001-base,0.0546875
D2_vs_pair_grammar,confirmation-F05-4096-3001-ragged,0.05074408392290802
D2_vs_pair_grammar,confirmation-F06-1024-3000-base,0.8125
D2_vs_pair_grammar,confirmation-F06-1024-3000-ragged,0.810126582278481
D2_vs_pair_grammar,confirmation-F06-1024-3001-base,0.6875
D2_vs_pair_grammar,confirmation-F06-1024-3001-ragged,0.6932814021421616
D2_vs_pair_grammar,confirmation-F06-4096-3000-base,0.44140625
D2_vs_pair_grammar,confirmation-F06-4096-3000-ragged,0.44108319102220056
D2_vs_pair_grammar,confirmation-F06-4096-3001-base,0.373046875
D2_vs_pair_grammar,confirmation-F06-4096-3001-ragged,0.37082215174432787
D2_vs_pair_grammar,confirmation-F07-1024-3000-base,1.2265625
D2_vs_pair_grammar,confirmation-F07-1024-3000-ragged,1.2307692307692308
D2_vs_pair_grammar,confirmation-F07-1024-3001-base,1.2421875
D2_vs_pair_grammar,confirmation-F07-1024-3001-ragged,1.2307692307692308
D2_vs_pair_grammar,confirmation-F07-4096-3000-base,0.71875
D2_vs_pair_grammar,confirmation-F07-4096-3000-ragged,0.7201756525981947
D2_vs_pair_grammar,confirmation-F07-4096-3001-base,0.748046875
D2_vs_pair_grammar,confirmation-F07-4096-3001-ragged,0.7455476945596486
D2_vs_pair_grammar,confirmation-F08-1024-3000-base,0.390625
D2_vs_pair_grammar,confirmation-F08-1024-3000-ragged,0.3894839337877313
D2_vs_pair_grammar,confirmation-F08-1024-3001-base,0.3828125
D2_vs_pair_grammar,confirmation-F08-1024-3001-ragged,0.3894839337877313
D2_vs_pair_grammar,confirmation-F08-4096-3000-base,0.02734375
D2_vs_pair_grammar,confirmation-F08-4096-3000-ragged,0.02537204196145401
D2_vs_pair_grammar,confirmation-F08-4096-3001-base,0.025390625
D2_vs_pair_grammar,confirmation-F08-4096-3001-ragged,0.019516955354964626
D2_vs_pair_grammar,confirmation-F09-1024-3000-base,0.1796875
D2_vs_pair_grammar,confirmation-F09-1024-3000-ragged,0.17916260954235638
D2_vs_pair_grammar,confirmation-F09-1024-3001-base,0.9765625
D2_vs_pair_grammar,confirmation-F09-1024-3001-ragged,0.9814995131450828
D2_vs_pair_grammar,confirmation-F09-4096-3000-base,-0.16796875
D2_vs_pair_grammar,confirmation-F09-4096-3000-ragged,-0.16784581605269577
D2_vs_pair_grammar,confirmation-F09-4096-3001-base,0.44921875
D2_vs_pair_grammar,confirmation-F09-4096-3001-ragged,0.4449865820931935
D2_vs_pair_grammar,confirmation-F10-1024-3000-base,0.0625
D2_vs_pair_grammar,confirmation-F10-1024-3000-ragged,0.0311587147030185
D2_vs_pair_grammar,confirmation-F10-1024-3001-base,0.109375
D2_vs_pair_grammar,confirmation-F10-1024-3001-ragged,0.062317429406037
D2_vs_pair_grammar,confirmation-F10-4096-3000-base,-0.015625
D2_vs_pair_grammar,confirmation-F10-4096-3000-ragged,-0.019516955354964626
D2_vs_pair_grammar,confirmation-F10-4096-3001-base,-0.009765625
D2_vs_pair_grammar,confirmation-F10-4096-3001-ragged,-0.029275433032446938
D2_vs_pair_grammar,confirmation-F11-1024-3000-base,1.1796875
D2_vs_pair_grammar,confirmation-F11-1024-3000-ragged,1.184031158714703
D2_vs_pair_grammar,confirmation-F11-1024-3001-base,1.0625
D2_vs_pair_grammar,confirmation-F11-1024-3001-ragged,1.0516066212268744
D2_vs_pair_grammar,confirmation-F11-4096-3000-base,0.45703125
D2_vs_pair_grammar,confirmation-F11-4096-3000-ragged,0.45474505977067575
D2_vs_pair_grammar,confirmation-F11-4096-3001-base,0.4453125
D2_vs_pair_grammar,confirmation-F11-4096-3001-ragged,0.4449865820931935
D2_vs_pair_grammar,confirmation-F12-1024-3000-base,0.5859375
D2_vs_pair_grammar,confirmation-F12-1024-3000-ragged,0.4595910418695229
D2_vs_pair_grammar,confirmation-F12-1024-3001-base,0.4921875
D2_vs_pair_grammar,confirmation-F12-1024-3001-ragged,0.4907497565725414
D2_vs_pair_grammar,confirmation-F12-4096-3000-base,0.25390625
D2_vs_pair_grammar,confirmation-F12-4096-3000-ragged,0.27323737496950473
D2_vs_pair_grammar,confirmation-F12-4096-3001-base,0.267578125
D2_vs_pair_grammar,confirmation-F12-4096-3001-ragged,0.2771407660404977
D0_vs_portfolio,confirmation-F01-1024-3000-base,-0.09375
D0_vs_portfolio,confirmation-F01-1024-3000-ragged,-0.0934761441090555
D0_vs_portfolio,confirmation-F01-1024-3001-base,-0.09375
D0_vs_portfolio,confirmation-F01-1024-3001-ragged,-0.0934761441090555
D0_vs_portfolio,confirmation-F01-4096-3000-base,-0.025390625
D0_vs_portfolio,confirmation-F01-4096-3000-ragged,-0.02537204196145401
D0_vs_portfolio,confirmation-F01-4096-3001-base,-0.025390625
D0_vs_portfolio,confirmation-F01-4096-3001-ragged,-0.02537204196145401
D0_vs_portfolio,confirmation-F02-1024-3000-base,-0.1171875
D0_vs_portfolio,confirmation-F02-1024-3000-ragged,-0.124634858812074
D0_vs_portfolio,confirmation-F02-1024-3001-base,-0.0234375
D0_vs_portfolio,confirmation-F02-1024-3001-ragged,-0.023369036027263874
D0_vs_portfolio,confirmation-F02-4096-3000-base,-0.025390625
D0_vs_portfolio,confirmation-F02-4096-3000-ragged,-0.027323737496950475
D0_vs_portfolio,confirmation-F02-4096-3001-base,-0.146484375
D0_vs_portfolio,confirmation-F02-4096-3001-ragged,-0.16003903391070992
D0_vs_portfolio,confirmation-F03-1024-3000-base,-0.1484375
D0_vs_portfolio,confirmation-F03-1024-3000-ragged,-0.14800389483933787
D0_vs_portfolio,confirmation-F03-1024-3001-base,-0.15625
D0_vs_portfolio,confirmation-F03-1024-3001-ragged,-0.186952288218111
D0_vs_portfolio,confirmation-F03-4096-3000-base,-0.044921875
D0_vs_portfolio,confirmation-F03-4096-3000-ragged,-0.04488899731641864
D0_vs_portfolio,confirmation-F03-4096-3001-base,-0.044921875
D0_vs_portfolio,confirmation-F03-4096-3001-ragged,-0.04488899731641864
D0_vs_portfolio,confirmation-F04-1024-3000-base,0.3515625
D0_vs_portfolio,confirmation-F04-1024-3000-ragged,0.3505355404089581
D0_vs_portfolio,confirmation-F04-1024-3001-base,0.3203125
D0_vs_portfolio,confirmation-F04-1024-3001-ragged,0.3193768257059396
D0_vs_portfolio,confirmation-F04-4096-3000-base,0.03125
D0_vs_portfolio,confirmation-F04-4096-3000-ragged,0.0312271285679434
D0_vs_portfolio,confirmation-F04-4096-3001-base,0.255859375
D0_vs_portfolio,confirmation-F04-4096-3001-ragged,0.25567211515003657
D0_vs_portfolio,confirmation-F05-1024-3000-base,-0.0390625
D0_vs_portfolio,confirmation-F05-1024-3000-ragged,-0.0934761441090555
D0_vs_portfolio,confirmation-F05-1024-3001-base,-0.015625
D0_vs_portfolio,confirmation-F05-1024-3001-ragged,-0.03894839337877313
D0_vs_portfolio,confirmation-F05-4096-3000-base,0.009765625
D0_vs_portfolio,confirmation-F05-4096-3000-ragged,-0.003903391070992925
D0_vs_portfolio,confirmation-F05-4096-3001-base,-0.001953125
D0_vs_portfolio,confirmation-F05-4096-3001-ragged,-0.00780678214198585
D0_vs_portfolio,confirmation-F06-1024-3000-base,0.4921875
D0_vs_portfolio,confirmation-F06-1024-3000-ragged,0.4907497565725414
D0_vs_portfolio,confirmation-F06-1024-3001-base,0.4140625
D0_vs_portfolio,confirmation-F06-1024-3001-ragged,0.4206426484907498
D0_vs_portfolio,confirmation-F06-4096-3000-base,0.34375
D0_vs_portfolio,confirmation-F06-4096-3000-ragged,0.3434984142473774
D0_vs_portfolio,confirmation-F06-4096-3001-base,0.28125
D0_vs_portfolio,confirmation-F06-4096-3001-ragged,0.28299585264698707
D0_vs_portfolio,confirmation-F07-1024-3000-base,0.0
D0_vs_portfolio,confirmation-F07-1024-3000-ragged,0.0
D0_vs_portfolio,confirmation-F07-1024-3001-base,0.0
D0_vs_portfolio,confirmation-F07-1024-3001-ragged,0.0
D0_vs_portfolio,confirmation-F07-4096-3000-base,0.0
D0_vs_portfolio,confirmation-F07-4096-3000-ragged,0.0
D0_vs_portfolio,confirmation-F07-4096-3001-base,0.0
D0_vs_portfolio,confirmation-F07-4096-3001-ragged,0.0
D0_vs_portfolio,confirmation-F08-1024-3000-base,-0.4609375
D0_vs_portfolio,confirmation-F08-1024-3000-ragged,-0.45180136319376824
D0_vs_portfolio,confirmation-F08-1024-3001-base,-0.4609375
D0_vs_portfolio,confirmation-F08-1024-3001-ragged,-0.4673807205452775
D0_vs_portfolio,confirmation-F08-4096-3000-base,-0.451171875
D0_vs_portfolio,confirmation-F08-4096-3000-ragged,-0.4527933642351793
D0_vs_portfolio,confirmation-F08-4096-3001-base,-0.455078125
D0_vs_portfolio,confirmation-F08-4096-3001-ragged,-0.45669675530617226
D0_vs_portfolio,confirmation-F09-1024-3000-base,-0.4921875
D0_vs_portfolio,confirmation-F09-1024-3000-ragged,-0.4907497565725414
D0_vs_portfolio,confirmation-F09-1024-3001-base,-0.1328125
D0_vs_portfolio,confirmation-F09-1024-3001-ragged,-0.14021421616358326
D0_vs_portfolio,confirmation-F09-4096-3000-base,-0.583984375
D0_vs_portfolio,confirmation-F09-4096-3000-ragged,-0.5835569651134423
D0_vs_portfolio,confirmation-F09-4096-3001-base,-0.181640625
D0_vs_portfolio,confirmation-F09-4096-3001-ragged,-0.17955598926567456
D0_vs_portfolio,confirmation-F10-1024-3000-base,-0.0859375
D0_vs_portfolio,confirmation-F10-1024-3000-ragged,-0.10905550146056475
D0_vs_portfolio,confirmation-F10-1024-3001-base,-0.109375
D0_vs_portfolio,confirmation-F10-1024-3001-ragged,-0.13242453748782862
D0_vs_portfolio,confirmation-F10-4096-3000-base,-0.064453125
D0_vs_portfolio,confirmation-F10-4096-3000-ragged,-0.07026103927787265
D0_vs_portfolio,confirmation-F10-4096-3001-base,-0.0546875
D0_vs_portfolio,confirmation-F10-4096-3001-ragged,-0.06050256160039034
D0_vs_portfolio,confirmation-F11-1024-3000-base,0.0
D0_vs_portfolio,confirmation-F11-1024-3000-ragged,0.0
D0_vs_portfolio,confirmation-F11-1024-3001-base,0.0
D0_vs_portfolio,confirmation-F11-1024-3001-ragged,0.0
D0_vs_portfolio,confirmation-F11-4096-3000-base,-0.017578125
D0_vs_portfolio,confirmation-F11-4096-3000-ragged,-0.017565259819468163
D0_vs_portfolio,confirmation-F11-4096-3001-base,-0.037109375
D0_vs_portfolio,confirmation-F11-4096-3001-ragged,-0.03708221517443279
D0_vs_portfolio,confirmation-F12-1024-3000-base,0.0703125
D0_vs_portfolio,confirmation-F12-1024-3000-ragged,0.03894839337877313
D0_vs_portfolio,confirmation-F12-1024-3001-base,0.046875
D0_vs_portfolio,confirmation-F12-1024-3001-ragged,0.023369036027263874
D0_vs_portfolio,confirmation-F12-4096-3000-base,-0.05078125
D0_vs_portfolio,confirmation-F12-4096-3000-ragged,-0.027323737496950475
D0_vs_portfolio,confirmation-F12-4096-3001-base,-0.03125
D0_vs_portfolio,confirmation-F12-4096-3001-ragged,-0.02146865089046109
D1_vs_portfolio,confirmation-F01-1024-3000-base,-0.09375
D1_vs_portfolio,confirmation-F01-1024-3000-ragged,-0.0934761441090555
D1_vs_portfolio,confirmation-F01-1024-3001-base,-0.09375
D1_vs_portfolio,confirmation-F01-1024-3001-ragged,-0.0934761441090555
D1_vs_portfolio,confirmation-F01-4096-3000-base,-0.025390625
D1_vs_portfolio,confirmation-F01-4096-3000-ragged,-0.02537204196145401
D1_vs_portfolio,confirmation-F01-4096-3001-base,-0.025390625
D1_vs_portfolio,confirmation-F01-4096-3001-ragged,-0.02537204196145401
D1_vs_portfolio,confirmation-F02-1024-3000-base,-0.1171875
D1_vs_portfolio,confirmation-F02-1024-3000-ragged,-0.124634858812074
D1_vs_portfolio,confirmation-F02-1024-3001-base,-0.0234375
D1_vs_portfolio,confirmation-F02-1024-3001-ragged,-0.023369036027263874
D1_vs_portfolio,confirmation-F02-4096-3000-base,-0.025390625
D1_vs_portfolio,confirmation-F02-4096-3000-ragged,-0.027323737496950475
D1_vs_portfolio,confirmation-F02-4096-3001-base,-0.146484375
D1_vs_portfolio,confirmation-F02-4096-3001-ragged,-0.16003903391070992
D1_vs_portfolio,confirmation-F03-1024-3000-base,-0.1484375
D1_vs_portfolio,confirmation-F03-1024-3000-ragged,-0.14800389483933787
D1_vs_portfolio,confirmation-F03-1024-3001-base,-0.15625
D1_vs_portfolio,confirmation-F03-1024-3001-ragged,-0.186952288218111
D1_vs_portfolio,confirmation-F03-4096-3000-base,-0.044921875
D1_vs_portfolio,confirmation-F03-4096-3000-ragged,-0.04488899731641864
D1_vs_portfolio,confirmation-F03-4096-3001-base,-0.044921875
D1_vs_portfolio,confirmation-F03-4096-3001-ragged,-0.04488899731641864
D1_vs_portfolio,confirmation-F04-1024-3000-base,0.3515625
D1_vs_portfolio,confirmation-F04-1024-3000-ragged,0.3505355404089581
D1_vs_portfolio,confirmation-F04-1024-3001-base,0.3203125
D1_vs_portfolio,confirmation-F04-1024-3001-ragged,0.3193768257059396
D1_vs_portfolio,confirmation-F04-4096-3000-base,0.03125
D1_vs_portfolio,confirmation-F04-4096-3000-ragged,0.0312271285679434
D1_vs_portfolio,confirmation-F04-4096-3001-base,0.255859375
D1_vs_portfolio,confirmation-F04-4096-3001-ragged,0.25567211515003657
D1_vs_portfolio,confirmation-F05-1024-3000-base,-0.0390625
D1_vs_portfolio,confirmation-F05-1024-3000-ragged,-0.0934761441090555
D1_vs_portfolio,confirmation-F05-1024-3001-base,-0.015625
D1_vs_portfolio,confirmation-F05-1024-3001-ragged,-0.03894839337877313
D1_vs_portfolio,confirmation-F05-4096-3000-base,0.009765625
D1_vs_portfolio,confirmation-F05-4096-3000-ragged,-0.003903391070992925
D1_vs_portfolio,confirmation-F05-4096-3001-base,-0.001953125
D1_vs_portfolio,confirmation-F05-4096-3001-ragged,-0.00780678214198585
D1_vs_portfolio,confirmation-F06-1024-3000-base,0.4921875
D1_vs_portfolio,confirmation-F06-1024-3000-ragged,0.4907497565725414
D1_vs_portfolio,confirmation-F06-1024-3001-base,0.4140625
D1_vs_portfolio,confirmation-F06-1024-3001-ragged,0.4206426484907498
D1_vs_portfolio,confirmation-F06-4096-3000-base,0.34375
D1_vs_portfolio,confirmation-F06-4096-3000-ragged,0.3434984142473774
D1_vs_portfolio,confirmation-F06-4096-3001-base,0.28125
D1_vs_portfolio,confirmation-F06-4096-3001-ragged,0.28299585264698707
D1_vs_portfolio,confirmation-F07-1024-3000-base,0.0
D1_vs_portfolio,confirmation-F07-1024-3000-ragged,0.0
D1_vs_portfolio,confirmation-F07-1024-3001-base,0.0
D1_vs_portfolio,confirmation-F07-1024-3001-ragged,0.0
D1_vs_portfolio,confirmation-F07-4096-3000-base,0.0
D1_vs_portfolio,confirmation-F07-4096-3000-ragged,0.0
D1_vs_portfolio,confirmation-F07-4096-3001-base,0.0
D1_vs_portfolio,confirmation-F07-4096-3001-ragged,0.0
D1_vs_portfolio,confirmation-F08-1024-3000-base,-0.4609375
D1_vs_portfolio,confirmation-F08-1024-3000-ragged,-0.45180136319376824
D1_vs_portfolio,confirmation-F08-1024-3001-base,-0.4609375
D1_vs_portfolio,confirmation-F08-1024-3001-ragged,-0.4673807205452775
D1_vs_portfolio,confirmation-F08-4096-3000-base,-0.451171875
D1_vs_portfolio,confirmation-F08-4096-3000-ragged,-0.4527933642351793
D1_vs_portfolio,confirmation-F08-4096-3001-base,-0.455078125
D1_vs_portfolio,confirmation-F08-4096-3001-ragged,-0.45669675530617226
D1_vs_portfolio,confirmation-F09-1024-3000-base,-0.4921875
D1_vs_portfolio,confirmation-F09-1024-3000-ragged,-0.4907497565725414
D1_vs_portfolio,confirmation-F09-1024-3001-base,-0.1328125
D1_vs_portfolio,confirmation-F09-1024-3001-ragged,-0.14021421616358326
D1_vs_portfolio,confirmation-F09-4096-3000-base,-0.583984375
D1_vs_portfolio,confirmation-F09-4096-3000-ragged,-0.5835569651134423
D1_vs_portfolio,confirmation-F09-4096-3001-base,-0.181640625
D1_vs_portfolio,confirmation-F09-4096-3001-ragged,-0.17955598926567456
D1_vs_portfolio,confirmation-F10-1024-3000-base,-0.0859375
D1_vs_portfolio,confirmation-F10-1024-3000-ragged,-0.10905550146056475
D1_vs_portfolio,confirmation-F10-1024-3001-base,-0.109375
D1_vs_portfolio,confirmation-F10-1024-3001-ragged,-0.13242453748782862
D1_vs_portfolio,confirmation-F10-4096-3000-base,-0.064453125
D1_vs_portfolio,confirmation-F10-4096-3000-ragged,-0.07026103927787265
D1_vs_portfolio,confirmation-F10-4096-3001-base,-0.0546875
D1_vs_portfolio,confirmation-F10-4096-3001-ragged,-0.06050256160039034
D1_vs_portfolio,confirmation-F11-1024-3000-base,0.0
D1_vs_portfolio,confirmation-F11-1024-3000-ragged,0.0
D1_vs_portfolio,confirmation-F11-1024-3001-base,0.0
D1_vs_portfolio,confirmation-F11-1024-3001-ragged,0.0
D1_vs_portfolio,confirmation-F11-4096-3000-base,-0.017578125
D1_vs_portfolio,confirmation-F11-4096-3000-ragged,-0.017565259819468163
D1_vs_portfolio,confirmation-F11-4096-3001-base,-0.037109375
D1_vs_portfolio,confirmation-F11-4096-3001-ragged,-0.03708221517443279
D1_vs_portfolio,confirmation-F12-1024-3000-base,0.0703125
D1_vs_portfolio,confirmation-F12-1024-3000-ragged,0.03894839337877313
D1_vs_portfolio,confirmation-F12-1024-3001-base,0.046875
D1_vs_portfolio,confirmation-F12-1024-3001-ragged,0.023369036027263874
D1_vs_portfolio,confirmation-F12-4096-3000-base,-0.05078125
D1_vs_portfolio,confirmation-F12-4096-3000-ragged,-0.027323737496950475
D1_vs_portfolio,confirmation-F12-4096-3001-base,-0.03125
D1_vs_portfolio,confirmation-F12-4096-3001-ragged,-0.02146865089046109
D2_vs_portfolio,confirmation-F01-1024-3000-base,-0.09375
D2_vs_portfolio,confirmation-F01-1024-3000-ragged,-0.0934761441090555
D2_vs_portfolio,confirmation-F01-1024-3001-base,-0.09375
D2_vs_portfolio,confirmation-F01-1024-3001-ragged,-0.0934761441090555
D2_vs_portfolio,confirmation-F01-4096-3000-base,-0.025390625
D2_vs_portfolio,confirmation-F01-4096-3000-ragged,-0.02537204196145401
D2_vs_portfolio,confirmation-F01-4096-3001-base,-0.025390625
D2_vs_portfolio,confirmation-F01-4096-3001-ragged,-0.02537204196145401
D2_vs_portfolio,confirmation-F02-1024-3000-base,-0.1171875
D2_vs_portfolio,confirmation-F02-1024-3000-ragged,-0.124634858812074
D2_vs_portfolio,confirmation-F02-1024-3001-base,-0.0234375
D2_vs_portfolio,confirmation-F02-1024-3001-ragged,-0.023369036027263874
D2_vs_portfolio,confirmation-F02-4096-3000-base,-0.025390625
D2_vs_portfolio,confirmation-F02-4096-3000-ragged,-0.027323737496950475
D2_vs_portfolio,confirmation-F02-4096-3001-base,-0.146484375
D2_vs_portfolio,confirmation-F02-4096-3001-ragged,-0.16003903391070992
D2_vs_portfolio,confirmation-F03-1024-3000-base,-0.1484375
D2_vs_portfolio,confirmation-F03-1024-3000-ragged,-0.14800389483933787
D2_vs_portfolio,confirmation-F03-1024-3001-base,-0.15625
D2_vs_portfolio,confirmation-F03-1024-3001-ragged,-0.186952288218111
D2_vs_portfolio,confirmation-F03-4096-3000-base,-0.044921875
D2_vs_portfolio,confirmation-F03-4096-3000-ragged,-0.04488899731641864
D2_vs_portfolio,confirmation-F03-4096-3001-base,-0.044921875
D2_vs_portfolio,confirmation-F03-4096-3001-ragged,-0.04488899731641864
D2_vs_portfolio,confirmation-F04-1024-3000-base,0.3515625
D2_vs_portfolio,confirmation-F04-1024-3000-ragged,0.3505355404089581
D2_vs_portfolio,confirmation-F04-1024-3001-base,0.3203125
D2_vs_portfolio,confirmation-F04-1024-3001-ragged,0.3193768257059396
D2_vs_portfolio,confirmation-F04-4096-3000-base,0.03125
D2_vs_portfolio,confirmation-F04-4096-3000-ragged,0.0312271285679434
D2_vs_portfolio,confirmation-F04-4096-3001-base,0.255859375
D2_vs_portfolio,confirmation-F04-4096-3001-ragged,0.25567211515003657
D2_vs_portfolio,confirmation-F05-1024-3000-base,-0.0390625
D2_vs_portfolio,confirmation-F05-1024-3000-ragged,-0.0934761441090555
D2_vs_portfolio,confirmation-F05-1024-3001-base,-0.015625
D2_vs_portfolio,confirmation-F05-1024-3001-ragged,-0.03894839337877313
D2_vs_portfolio,confirmation-F05-4096-3000-base,0.009765625
D2_vs_portfolio,confirmation-F05-4096-3000-ragged,-0.003903391070992925
D2_vs_portfolio,confirmation-F05-4096-3001-base,-0.001953125
D2_vs_portfolio,confirmation-F05-4096-3001-ragged,-0.00780678214198585
D2_vs_portfolio,confirmation-F06-1024-3000-base,0.4921875
D2_vs_portfolio,confirmation-F06-1024-3000-ragged,0.4907497565725414
D2_vs_portfolio,confirmation-F06-1024-3001-base,0.4140625
D2_vs_portfolio,confirmation-F06-1024-3001-ragged,0.4206426484907498
D2_vs_portfolio,confirmation-F06-4096-3000-base,0.34375
D2_vs_portfolio,confirmation-F06-4096-3000-ragged,0.3434984142473774
D2_vs_portfolio,confirmation-F06-4096-3001-base,0.28125
D2_vs_portfolio,confirmation-F06-4096-3001-ragged,0.28299585264698707
D2_vs_portfolio,confirmation-F07-1024-3000-base,0.0
D2_vs_portfolio,confirmation-F07-1024-3000-ragged,0.0
D2_vs_portfolio,confirmation-F07-1024-3001-base,0.0
D2_vs_portfolio,confirmation-F07-1024-3001-ragged,0.0
D2_vs_portfolio,confirmation-F07-4096-3000-base,0.0
D2_vs_portfolio,confirmation-F07-4096-3000-ragged,0.0
D2_vs_portfolio,confirmation-F07-4096-3001-base,0.0
D2_vs_portfolio,confirmation-F07-4096-3001-ragged,0.0
D2_vs_portfolio,confirmation-F08-1024-3000-base,-0.4609375
D2_vs_portfolio,confirmation-F08-1024-3000-ragged,-0.45180136319376824
D2_vs_portfolio,confirmation-F08-1024-3001-base,-0.4609375
D2_vs_portfolio,confirmation-F08-1024-3001-ragged,-0.4673807205452775
D2_vs_portfolio,confirmation-F08-4096-3000-base,-0.451171875
D2_vs_portfolio,confirmation-F08-4096-3000-ragged,-0.4527933642351793
D2_vs_portfolio,confirmation-F08-4096-3001-base,-0.455078125
D2_vs_portfolio,confirmation-F08-4096-3001-ragged,-0.45669675530617226
D2_vs_portfolio,confirmation-F09-1024-3000-base,-0.4921875
D2_vs_portfolio,confirmation-F09-1024-3000-ragged,-0.4907497565725414
D2_vs_portfolio,confirmation-F09-1024-3001-base,-0.1328125
D2_vs_portfolio,confirmation-F09-1024-3001-ragged,-0.14021421616358326
D2_vs_portfolio,confirmation-F09-4096-3000-base,-0.583984375
D2_vs_portfolio,confirmation-F09-4096-3000-ragged,-0.5835569651134423
D2_vs_portfolio,confirmation-F09-4096-3001-base,-0.181640625
D2_vs_portfolio,confirmation-F09-4096-3001-ragged,-0.17955598926567456
D2_vs_portfolio,confirmation-F10-1024-3000-base,-0.0859375
D2_vs_portfolio,confirmation-F10-1024-3000-ragged,-0.10905550146056475
D2_vs_portfolio,confirmation-F10-1024-3001-base,-0.109375
D2_vs_portfolio,confirmation-F10-1024-3001-ragged,-0.13242453748782862
D2_vs_portfolio,confirmation-F10-4096-3000-base,-0.064453125
D2_vs_portfolio,confirmation-F10-4096-3000-ragged,-0.07026103927787265
D2_vs_portfolio,confirmation-F10-4096-3001-base,-0.0546875
D2_vs_portfolio,confirmation-F10-4096-3001-ragged,-0.06050256160039034
D2_vs_portfolio,confirmation-F11-1024-3000-base,0.0
D2_vs_portfolio,confirmation-F11-1024-3000-ragged,0.0
D2_vs_portfolio,confirmation-F11-1024-3001-base,0.0
D2_vs_portfolio,confirmation-F11-1024-3001-ragged,0.0
D2_vs_portfolio,confirmation-F11-4096-3000-base,-0.017578125
D2_vs_portfolio,confirmation-F11-4096-3000-ragged,-0.017565259819468163
D2_vs_portfolio,confirmation-F11-4096-3001-base,-0.037109375
D2_vs_portfolio,confirmation-F11-4096-3001-ragged,-0.03708221517443279
D2_vs_portfolio,confirmation-F12-1024-3000-base,0.0703125
D2_vs_portfolio,confirmation-F12-1024-3000-ragged,0.03894839337877313
D2_vs_portfolio,confirmation-F12-1024-3001-base,0.046875
D2_vs_portfolio,confirmation-F12-1024-3001-ragged,0.023369036027263874
D2_vs_portfolio,confirmation-F12-4096-3000-base,-0.05078125
D2_vs_portfolio,confirmation-F12-4096-3000-ragged,-0.027323737496950475
D2_vs_portfolio,confirmation-F12-4096-3001-base,-0.03125
D2_vs_portfolio,confirmation-F12-4096-3001-ragged,-0.02146865089046109
A0_vs_pair_grammar,confirmation-F01-1024-3000-base,0.1875
A0_vs_pair_grammar,confirmation-F01-1024-3000-ragged,0.186952288218111
A0_vs_pair_grammar,confirmation-F01-1024-3001-base,0.15625
A0_vs_pair_grammar,confirmation-F01-1024-3001-ragged,0.16358325219084713
A0_vs_pair_grammar,confirmation-F01-4096-3000-base,0.05859375
A0_vs_pair_grammar,confirmation-F01-4096-3000-ragged,0.058550866064893875
A0_vs_pair_grammar,confirmation-F01-4096-3001-base,0.052734375
A0_vs_pair_grammar,confirmation-F01-4096-3001-ragged,0.05074408392290802
A0_vs_pair_grammar,confirmation-F02-1024-3000-base,0.5078125
A0_vs_pair_grammar,confirmation-F02-1024-3000-ragged,0.498539435248296
A0_vs_pair_grammar,confirmation-F02-1024-3001-base,0.0078125
A0_vs_pair_grammar,confirmation-F02-1024-3001-ragged,-0.007789678675754625
A0_vs_pair_grammar,confirmation-F02-4096-3000-base,0.087890625
A0_vs_pair_grammar,confirmation-F02-4096-3000-ragged,0.0780678214198585
A0_vs_pair_grammar,confirmation-F02-4096-3001-base,-0.146484375
A0_vs_pair_grammar,confirmation-F02-4096-3001-ragged,-0.16003903391070992
A0_vs_pair_grammar,confirmation-F03-1024-3000-base,0.0390625
A0_vs_pair_grammar,confirmation-F03-1024-3000-ragged,0.03894839337877313
A0_vs_pair_grammar,confirmation-F03-1024-3001-base,0.078125
A0_vs_pair_grammar,confirmation-F03-1024-3001-ragged,0.062317429406037
A0_vs_pair_grammar,confirmation-F03-4096-3000-base,0.005859375
A0_vs_pair_grammar,confirmation-F03-4096-3000-ragged,0.011710173212978776
A0_vs_pair_grammar,confirmation-F03-4096-3001-base,0.0234375
A0_vs_pair_grammar,confirmation-F03-4096-3001-ragged,0.02146865089046109
A0_vs_pair_grammar,confirmation-F04-1024-3000-base,0.953125
A0_vs_pair_grammar,confirmation-F04-1024-3000-ragged,0.9425511197663097
A0_vs_pair_grammar,confirmation-F04-1024-3001-base,0.515625
A0_vs_pair_grammar,confirmation-F04-1024-3001-ragged,0.5141187925998053
A0_vs_pair_grammar,confirmation-F04-4096-3000-base,0.166015625
A0_vs_pair_grammar,confirmation-F04-4096-3000-ragged,0.16589412051719932
A0_vs_pair_grammar,confirmation-F04-4096-3001-base,0.466796875
A0_vs_pair_grammar,confirmation-F04-4096-3001-ragged,0.5015857526225909
A0_vs_pair_grammar,confirmation-F05-1024-3000-base,0.203125
A0_vs_pair_grammar,confirmation-F05-1024-3000-ragged,0.10905550146056475
A0_vs_pair_grammar,confirmation-F05-1024-3001-base,0.1796875
A0_vs_pair_grammar,confirmation-F05-1024-3001-ragged,0.16358325219084713
A0_vs_pair_grammar,confirmation-F05-4096-3000-base,0.068359375
A0_vs_pair_grammar,confirmation-F05-4096-3000-ragged,0.058550866064893875
A0_vs_pair_grammar,confirmation-F05-4096-3001-base,0.0546875
A0_vs_pair_grammar,confirmation-F05-4096-3001-ragged,0.05074408392290802
A0_vs_pair_grammar,confirmation-F06-1024-3000-base,0.8125
A0_vs_pair_grammar,confirmation-F06-1024-3000-ragged,0.810126582278481
A0_vs_pair_grammar,confirmation-F06-1024-3001-base,0.6875
A0_vs_pair_grammar,confirmation-F06-1024-3001-ragged,0.6932814021421616
A0_vs_pair_grammar,confirmation-F06-4096-3000-base,0.44140625
A0_vs_pair_grammar,confirmation-F06-4096-3000-ragged,0.44108319102220056
A0_vs_pair_grammar,confirmation-F06-4096-3001-base,0.373046875
A0_vs_pair_grammar,confirmation-F06-4096-3001-ragged,0.37082215174432787
A0_vs_pair_grammar,confirmation-F07-1024-3000-base,1.2265625
A0_vs_pair_grammar,confirmation-F07-1024-3000-ragged,1.2307692307692308
A0_vs_pair_grammar,confirmation-F07-1024-3001-base,1.2421875
A0_vs_pair_grammar,confirmation-F07-1024-3001-ragged,1.2307692307692308
A0_vs_pair_grammar,confirmation-F07-4096-3000-base,0.71875
A0_vs_pair_grammar,confirmation-F07-4096-3000-ragged,0.7201756525981947
A0_vs_pair_grammar,confirmation-F07-4096-3001-base,0.748046875
A0_vs_pair_grammar,confirmation-F07-4096-3001-ragged,0.7455476945596486
A0_vs_pair_grammar,confirmation-F08-1024-3000-base,0.390625
A0_vs_pair_grammar,confirmation-F08-1024-3000-ragged,0.3894839337877313
A0_vs_pair_grammar,confirmation-F08-1024-3001-base,0.3828125
A0_vs_pair_grammar,confirmation-F08-1024-3001-ragged,0.3894839337877313
A0_vs_pair_grammar,confirmation-F08-4096-3000-base,0.02734375
A0_vs_pair_grammar,confirmation-F08-4096-3000-ragged,0.02537204196145401
A0_vs_pair_grammar,confirmation-F08-4096-3001-base,0.025390625
A0_vs_pair_grammar,confirmation-F08-4096-3001-ragged,0.019516955354964626
A0_vs_pair_grammar,confirmation-F09-1024-3000-base,0.1796875
A0_vs_pair_grammar,confirmation-F09-1024-3000-ragged,0.17916260954235638
A0_vs_pair_grammar,confirmation-F09-1024-3001-base,0.9765625
A0_vs_pair_grammar,confirmation-F09-1024-3001-ragged,0.9814995131450828
A0_vs_pair_grammar,confirmation-F09-4096-3000-base,-0.16796875
A0_vs_pair_grammar,confirmation-F09-4096-3000-ragged,-0.16784581605269577
A0_vs_pair_grammar,confirmation-F09-4096-3001-base,0.44921875
A0_vs_pair_grammar,confirmation-F09-4096-3001-ragged,0.4449865820931935
A0_vs_pair_grammar,confirmation-F10-1024-3000-base,0.0625
A0_vs_pair_grammar,confirmation-F10-1024-3000-ragged,0.0311587147030185
A0_vs_pair_grammar,confirmation-F10-1024-3001-base,0.109375
A0_vs_pair_grammar,confirmation-F10-1024-3001-ragged,0.062317429406037
A0_vs_pair_grammar,confirmation-F10-4096-3000-base,-0.015625
A0_vs_pair_grammar,confirmation-F10-4096-3000-ragged,-0.019516955354964626
A0_vs_pair_grammar,confirmation-F10-4096-3001-base,-0.009765625
A0_vs_pair_grammar,confirmation-F10-4096-3001-ragged,-0.029275433032446938
A0_vs_pair_grammar,confirmation-F11-1024-3000-base,1.1796875
A0_vs_pair_grammar,confirmation-F11-1024-3000-ragged,1.184031158714703
A0_vs_pair_grammar,confirmation-F11-1024-3001-base,1.0625
A0_vs_pair_grammar,confirmation-F11-1024-3001-ragged,1.0516066212268744
A0_vs_pair_grammar,confirmation-F11-4096-3000-base,0.45703125
A0_vs_pair_grammar,confirmation-F11-4096-3000-ragged,0.45474505977067575
A0_vs_pair_grammar,confirmation-F11-4096-3001-base,0.4453125
A0_vs_pair_grammar,confirmation-F11-4096-3001-ragged,0.4449865820931935
A0_vs_pair_grammar,confirmation-F12-1024-3000-base,0.5859375
A0_vs_pair_grammar,confirmation-F12-1024-3000-ragged,0.4595910418695229
A0_vs_pair_grammar,confirmation-F12-1024-3001-base,0.4921875
A0_vs_pair_grammar,confirmation-F12-1024-3001-ragged,0.4907497565725414
A0_vs_pair_grammar,confirmation-F12-4096-3000-base,0.25390625
A0_vs_pair_grammar,confirmation-F12-4096-3000-ragged,0.27323737496950473
A0_vs_pair_grammar,confirmation-F12-4096-3001-base,0.267578125
A0_vs_pair_grammar,confirmation-F12-4096-3001-ragged,0.2771407660404977
A0_vs_portfolio,confirmation-F01-1024-3000-base,-0.09375
A0_vs_portfolio,confirmation-F01-1024-3000-ragged,-0.0934761441090555
A0_vs_portfolio,confirmation-F01-1024-3001-base,-0.09375
A0_vs_portfolio,confirmation-F01-1024-3001-ragged,-0.0934761441090555
A0_vs_portfolio,confirmation-F01-4096-3000-base,-0.025390625
A0_vs_portfolio,confirmation-F01-4096-3000-ragged,-0.02537204196145401
A0_vs_portfolio,confirmation-F01-4096-3001-base,-0.025390625
A0_vs_portfolio,confirmation-F01-4096-3001-ragged,-0.02537204196145401
A0_vs_portfolio,confirmation-F02-1024-3000-base,-0.1171875
A0_vs_portfolio,confirmation-F02-1024-3000-ragged,-0.124634858812074
A0_vs_portfolio,confirmation-F02-1024-3001-base,-0.0234375
A0_vs_portfolio,confirmation-F02-1024-3001-ragged,-0.023369036027263874
A0_vs_portfolio,confirmation-F02-4096-3000-base,-0.025390625
A0_vs_portfolio,confirmation-F02-4096-3000-ragged,-0.027323737496950475
A0_vs_portfolio,confirmation-F02-4096-3001-base,-0.146484375
A0_vs_portfolio,confirmation-F02-4096-3001-ragged,-0.16003903391070992
A0_vs_portfolio,confirmation-F03-1024-3000-base,-0.1484375
A0_vs_portfolio,confirmation-F03-1024-3000-ragged,-0.14800389483933787
A0_vs_portfolio,confirmation-F03-1024-3001-base,-0.15625
A0_vs_portfolio,confirmation-F03-1024-3001-ragged,-0.186952288218111
A0_vs_portfolio,confirmation-F03-4096-3000-base,-0.044921875
A0_vs_portfolio,confirmation-F03-4096-3000-ragged,-0.04488899731641864
A0_vs_portfolio,confirmation-F03-4096-3001-base,-0.044921875
A0_vs_portfolio,confirmation-F03-4096-3001-ragged,-0.04488899731641864
A0_vs_portfolio,confirmation-F04-1024-3000-base,0.3515625
A0_vs_portfolio,confirmation-F04-1024-3000-ragged,0.3505355404089581
A0_vs_portfolio,confirmation-F04-1024-3001-base,0.3203125
A0_vs_portfolio,confirmation-F04-1024-3001-ragged,0.3193768257059396
A0_vs_portfolio,confirmation-F04-4096-3000-base,0.03125
A0_vs_portfolio,confirmation-F04-4096-3000-ragged,0.0312271285679434
A0_vs_portfolio,confirmation-F04-4096-3001-base,0.255859375
A0_vs_portfolio,confirmation-F04-4096-3001-ragged,0.25567211515003657
A0_vs_portfolio,confirmation-F05-1024-3000-base,-0.0390625
A0_vs_portfolio,confirmation-F05-1024-3000-ragged,-0.0934761441090555
A0_vs_portfolio,confirmation-F05-1024-3001-base,-0.015625
A0_vs_portfolio,confirmation-F05-1024-3001-ragged,-0.03894839337877313
A0_vs_portfolio,confirmation-F05-4096-3000-base,0.009765625
A0_vs_portfolio,confirmation-F05-4096-3000-ragged,-0.003903391070992925
A0_vs_portfolio,confirmation-F05-4096-3001-base,-0.001953125
A0_vs_portfolio,confirmation-F05-4096-3001-ragged,-0.00780678214198585
A0_vs_portfolio,confirmation-F06-1024-3000-base,0.4921875
A0_vs_portfolio,confirmation-F06-1024-3000-ragged,0.4907497565725414
A0_vs_portfolio,confirmation-F06-1024-3001-base,0.4140625
A0_vs_portfolio,confirmation-F06-1024-3001-ragged,0.4206426484907498
A0_vs_portfolio,confirmation-F06-4096-3000-base,0.34375
A0_vs_portfolio,confirmation-F06-4096-3000-ragged,0.3434984142473774
A0_vs_portfolio,confirmation-F06-4096-3001-base,0.28125
A0_vs_portfolio,confirmation-F06-4096-3001-ragged,0.28299585264698707
A0_vs_portfolio,confirmation-F07-1024-3000-base,0.0
A0_vs_portfolio,confirmation-F07-1024-3000-ragged,0.0
A0_vs_portfolio,confirmation-F07-1024-3001-base,0.0
A0_vs_portfolio,confirmation-F07-1024-3001-ragged,0.0
A0_vs_portfolio,confirmation-F07-4096-3000-base,0.0
A0_vs_portfolio,confirmation-F07-4096-3000-ragged,0.0
A0_vs_portfolio,confirmation-F07-4096-3001-base,0.0
A0_vs_portfolio,confirmation-F07-4096-3001-ragged,0.0
A0_vs_portfolio,confirmation-F08-1024-3000-base,-0.4609375
A0_vs_portfolio,confirmation-F08-1024-3000-ragged,-0.45180136319376824
A0_vs_portfolio,confirmation-F08-1024-3001-base,-0.4609375
A0_vs_portfolio,confirmation-F08-1024-3001-ragged,-0.4673807205452775
A0_vs_portfolio,confirmation-F08-4096-3000-base,-0.451171875
A0_vs_portfolio,confirmation-F08-4096-3000-ragged,-0.4527933642351793
A0_vs_portfolio,confirmation-F08-4096-3001-base,-0.455078125
A0_vs_portfolio,confirmation-F08-4096-3001-ragged,-0.45669675530617226
A0_vs_portfolio,confirmation-F09-1024-3000-base,-0.4921875
A0_vs_portfolio,confirmation-F09-1024-3000-ragged,-0.4907497565725414
A0_vs_portfolio,confirmation-F09-1024-3001-base,-0.1328125
A0_vs_portfolio,confirmation-F09-1024-3001-ragged,-0.14021421616358326
A0_vs_portfolio,confirmation-F09-4096-3000-base,-0.583984375
A0_vs_portfolio,confirmation-F09-4096-3000-ragged,-0.5835569651134423
A0_vs_portfolio,confirmation-F09-4096-3001-base,-0.181640625
A0_vs_portfolio,confirmation-F09-4096-3001-ragged,-0.17955598926567456
A0_vs_portfolio,confirmation-F10-1024-3000-base,-0.0859375
A0_vs_portfolio,confirmation-F10-1024-3000-ragged,-0.10905550146056475
A0_vs_portfolio,confirmation-F10-1024-3001-base,-0.109375
A0_vs_portfolio,confirmation-F10-1024-3001-ragged,-0.13242453748782862
A0_vs_portfolio,confirmation-F10-4096-3000-base,-0.064453125
A0_vs_portfolio,confirmation-F10-4096-3000-ragged,-0.07026103927787265
A0_vs_portfolio,confirmation-F10-4096-3001-base,-0.0546875
A0_vs_portfolio,confirmation-F10-4096-3001-ragged,-0.06050256160039034
A0_vs_portfolio,confirmation-F11-1024-3000-base,0.0
A0_vs_portfolio,confirmation-F11-1024-3000-ragged,0.0
A0_vs_portfolio,confirmation-F11-1024-3001-base,0.0
A0_vs_portfolio,confirmation-F11-1024-3001-ragged,0.0
A0_vs_portfolio,confirmation-F11-4096-3000-base,-0.017578125
A0_vs_portfolio,confirmation-F11-4096-3000-ragged,-0.017565259819468163
A0_vs_portfolio,confirmation-F11-4096-3001-base,-0.037109375
A0_vs_portfolio,confirmation-F11-4096-3001-ragged,-0.03708221517443279
A0_vs_portfolio,confirmation-F12-1024-3000-base,0.0703125
A0_vs_portfolio,confirmation-F12-1024-3000-ragged,0.03894839337877313
A0_vs_portfolio,confirmation-F12-1024-3001-base,0.046875
A0_vs_portfolio,confirmation-F12-1024-3001-ragged,0.023369036027263874
A0_vs_portfolio,confirmation-F12-4096-3000-base,-0.05078125
A0_vs_portfolio,confirmation-F12-4096-3000-ragged,-0.027323737496950475
A0_vs_portfolio,confirmation-F12-4096-3001-base,-0.03125
A0_vs_portfolio,confirmation-F12-4096-3001-ragged,-0.02146865089046109
oldA3_vs_A0,confirmation-F01-1024-3000-base,0.0
oldA3_vs_A0,confirmation-F01-1024-3000-ragged,0.0
oldA3_vs_A0,confirmation-F01-1024-3001-base,0.0
oldA3_vs_A0,confirmation-F01-1024-3001-ragged,0.0
oldA3_vs_A0,confirmation-F01-4096-3000-base,0.0
oldA3_vs_A0,confirmation-F01-4096-3000-ragged,0.0
oldA3_vs_A0,confirmation-F01-4096-3001-base,0.0
oldA3_vs_A0,confirmation-F01-4096-3001-ragged,0.0
oldA3_vs_A0,confirmation-F02-1024-3000-base,0.0
oldA3_vs_A0,confirmation-F02-1024-3000-ragged,0.0
oldA3_vs_A0,confirmation-F02-1024-3001-base,0.0
oldA3_vs_A0,confirmation-F02-1024-3001-ragged,0.0
oldA3_vs_A0,confirmation-F02-4096-3000-base,0.0
oldA3_vs_A0,confirmation-F02-4096-3000-ragged,0.0
oldA3_vs_A0,confirmation-F02-4096-3001-base,0.0
oldA3_vs_A0,confirmation-F02-4096-3001-ragged,0.0
oldA3_vs_A0,confirmation-F03-1024-3000-base,0.0
oldA3_vs_A0,confirmation-F03-1024-3000-ragged,0.0
oldA3_vs_A0,confirmation-F03-1024-3001-base,0.0
oldA3_vs_A0,confirmation-F03-1024-3001-ragged,0.0
oldA3_vs_A0,confirmation-F03-4096-3000-base,0.0
oldA3_vs_A0,confirmation-F03-4096-3000-ragged,0.0
oldA3_vs_A0,confirmation-F03-4096-3001-base,0.0
oldA3_vs_A0,confirmation-F03-4096-3001-ragged,0.0
oldA3_vs_A0,confirmation-F04-1024-3000-base,0.0
oldA3_vs_A0,confirmation-F04-1024-3000-ragged,0.0
oldA3_vs_A0,confirmation-F04-1024-3001-base,0.0
oldA3_vs_A0,confirmation-F04-1024-3001-ragged,0.0
oldA3_vs_A0,confirmation-F04-4096-3000-base,0.0
oldA3_vs_A0,confirmation-F04-4096-3000-ragged,0.0
oldA3_vs_A0,confirmation-F04-4096-3001-base,0.0
oldA3_vs_A0,confirmation-F04-4096-3001-ragged,0.0
oldA3_vs_A0,confirmation-F05-1024-3000-base,0.0
oldA3_vs_A0,confirmation-F05-1024-3000-ragged,0.0
oldA3_vs_A0,confirmation-F05-1024-3001-base,0.0
oldA3_vs_A0,confirmation-F05-1024-3001-ragged,0.0
oldA3_vs_A0,confirmation-F05-4096-3000-base,0.0
oldA3_vs_A0,confirmation-F05-4096-3000-ragged,0.0
oldA3_vs_A0,confirmation-F05-4096-3001-base,0.0
oldA3_vs_A0,confirmation-F05-4096-3001-ragged,0.0
oldA3_vs_A0,confirmation-F06-1024-3000-base,0.0
oldA3_vs_A0,confirmation-F06-1024-3000-ragged,0.0
oldA3_vs_A0,confirmation-F06-1024-3001-base,0.0
oldA3_vs_A0,confirmation-F06-1024-3001-ragged,0.0
oldA3_vs_A0,confirmation-F06-4096-3000-base,0.0
oldA3_vs_A0,confirmation-F06-4096-3000-ragged,0.0
oldA3_vs_A0,confirmation-F06-4096-3001-base,0.0
oldA3_vs_A0,confirmation-F06-4096-3001-ragged,0.0
oldA3_vs_A0,confirmation-F07-1024-3000-base,0.0
oldA3_vs_A0,confirmation-F07-1024-3000-ragged,0.0
oldA3_vs_A0,confirmation-F07-1024-3001-base,0.0
oldA3_vs_A0,confirmation-F07-1024-3001-ragged,0.0
oldA3_vs_A0,confirmation-F07-4096-3000-base,0.0
oldA3_vs_A0,confirmation-F07-4096-3000-ragged,0.0
oldA3_vs_A0,confirmation-F07-4096-3001-base,0.0
oldA3_vs_A0,confirmation-F07-4096-3001-ragged,0.0
oldA3_vs_A0,confirmation-F08-1024-3000-base,0.0
oldA3_vs_A0,confirmation-F08-1024-3000-ragged,0.0
oldA3_vs_A0,confirmation-F08-1024-3001-base,0.0
oldA3_vs_A0,confirmation-F08-1024-3001-ragged,0.0
oldA3_vs_A0,confirmation-F08-4096-3000-base,0.0
oldA3_vs_A0,confirmation-F08-4096-3000-ragged,0.0
oldA3_vs_A0,confirmation-F08-4096-3001-base,0.0
oldA3_vs_A0,confirmation-F08-4096-3001-ragged,0.0
oldA3_vs_A0,confirmation-F09-1024-3000-base,0.0
oldA3_vs_A0,confirmation-F09-1024-3000-ragged,0.0
oldA3_vs_A0,confirmation-F09-1024-3001-base,0.0
oldA3_vs_A0,confirmation-F09-1024-3001-ragged,0.0
oldA3_vs_A0,confirmation-F09-4096-3000-base,0.0
oldA3_vs_A0,confirmation-F09-4096-3000-ragged,0.0
oldA3_vs_A0,confirmation-F09-4096-3001-base,0.0
oldA3_vs_A0,confirmation-F09-4096-3001-ragged,0.0
oldA3_vs_A0,confirmation-F10-1024-3000-base,0.0
oldA3_vs_A0,confirmation-F10-1024-3000-ragged,0.0
oldA3_vs_A0,confirmation-F10-1024-3001-base,0.0
oldA3_vs_A0,confirmation-F10-1024-3001-ragged,0.0
oldA3_vs_A0,confirmation-F10-4096-3000-base,0.0
oldA3_vs_A0,confirmation-F10-4096-3000-ragged,0.0
oldA3_vs_A0,confirmation-F10-4096-3001-base,0.0
oldA3_vs_A0,confirmation-F10-4096-3001-ragged,0.0
oldA3_vs_A0,confirmation-F11-1024-3000-base,0.0
oldA3_vs_A0,confirmation-F11-1024-3000-ragged,0.0
oldA3_vs_A0,confirmation-F11-1024-3001-base,0.0
oldA3_vs_A0,confirmation-F11-1024-3001-ragged,0.0
oldA3_vs_A0,confirmation-F11-4096-3000-base,0.0
oldA3_vs_A0,confirmation-F11-4096-3000-ragged,0.0
oldA3_vs_A0,confirmation-F11-4096-3001-base,0.0
oldA3_vs_A0,confirmation-F11-4096-3001-ragged,0.0
oldA3_vs_A0,confirmation-F12-1024-3000-base,0.0
oldA3_vs_A0,confirmation-F12-1024-3000-ragged,0.0
oldA3_vs_A0,confirmation-F12-1024-3001-base,0.0
oldA3_vs_A0,confirmation-F12-1024-3001-ragged,0.0
oldA3_vs_A0,confirmation-F12-4096-3000-base,0.0
oldA3_vs_A0,confirmation-F12-4096-3000-ragged,0.0
oldA3_vs_A0,confirmation-F12-4096-3001-base,0.0
oldA3_vs_A0,confirmation-F12-4096-3001-ragged,0.0
