model,parents,k,n_patterns,structure_bits,parameter_bits,data_bits,model_bits,total_bits,bits_per_observation,n_free_parameters,n_errors,map_accuracy
cpt,WTI_CL,1,3,4.81,21.29,111.96,26.1,138.07,1.0078,6.0,,
cpt,WTI_CL+CPI,2,3,6.39,21.29,111.96,27.69,139.65,1.0193,6.0,,
cpt,WTI_Spot,1,3,4.81,21.29,116.4,26.1,142.5,1.0402,6.0,,
cpt,CPI+WTI_Spot,2,3,6.39,21.29,116.4,27.69,144.09,1.0517,6.0,,
cpt,Brent_BZ,1,3,4.81,21.29,126.28,26.1,152.38,1.1122,6.0,,
index-set,WTI_CL,1,3,4.81,4.75,144.07,9.56,153.63,1.1214,,31.0,0.7737
index-set,WTI_Spot,1,3,4.81,4.75,144.07,9.56,153.63,1.1214,,31.0,0.7737
index-set,WTI_CL+WTI_Spot,2,7,6.39,11.09,136.43,17.49,153.92,1.1235,,29.0,0.7883
index-set,Brent_BZ+WTI_Spot,2,7,6.39,11.09,136.43,17.49,153.92,1.1235,,29.0,0.7883
cpt,Brent_BZ+CPI,2,3,6.39,21.29,126.28,27.69,153.96,1.1238,6.0,,
index-set,Brent_BZ+CPI+WTI_Spot,3,7,7.13,11.09,136.43,18.22,154.66,1.1289,,29.0,0.7883
index-set,WTI_CL+CPI+WTI_Spot,3,7,7.13,11.09,136.43,18.22,154.66,1.1289,,29.0,0.7883
index-set,Ind_Prod+WTI_Spot,2,6,6.39,9.51,139.28,15.9,155.18,1.1327,,30.0,0.781
index-set,WTI_CL+Ind_Prod,2,6,6.39,9.51,139.28,15.9,155.18,1.1327,,30.0,0.781
index-set,USD_Idx+WTI_Spot,2,6,6.39,9.51,139.28,15.9,155.18,1.1327,,30.0,0.781
index-set,CPI+WTI_Spot,2,3,6.39,4.75,144.07,11.15,155.22,1.133,,31.0,0.7737
index-set,WTI_CL+CPI,2,3,6.39,4.75,144.07,11.15,155.22,1.133,,31.0,0.7737
index-set,WTI_CL+CPI+Ind_Prod,3,6,7.13,9.51,139.28,16.64,155.92,1.1381,,30.0,0.781
index-set,CPI+Ind_Prod+WTI_Spot,3,6,7.13,9.51,139.28,16.64,155.92,1.1381,,30.0,0.781
index-set,USD_Idx+CPI+WTI_Spot,3,6,7.13,9.51,139.28,16.64,155.92,1.1381,,30.0,0.781
index-set,WTI_CL+USD_Idx+WTI_Spot,3,12,7.13,19.02,130.55,26.15,156.7,1.1438,,27.0,0.8029
index-set,WTI_CL+Brent_BZ+USD_Idx,3,12,7.13,19.02,130.55,26.15,156.7,1.1438,,27.0,0.8029
index-set,WTI_CL+Brent_BZ,2,7,6.39,11.09,139.28,17.49,156.77,1.1443,,30.0,0.781
index-set,WTI_CL+Brent_BZ+CPI,3,7,7.13,11.09,139.28,18.22,157.51,1.1497,,30.0,0.781
index-set,USD_Idx+Ind_Prod+WTI_Spot,3,9,7.13,14.26,136.43,21.39,157.83,1.152,,29.0,0.7883
index-set,WTI_CL+Ind_Prod+WTI_Spot,3,11,7.13,17.43,133.52,24.56,158.09,1.1539,,28.0,0.7956
index-set,Brent_BZ+USD_Idx+WTI_Spot,3,13,7.13,20.6,130.55,27.73,158.28,1.1554,,27.0,0.8029
index-set,Brent_BZ+Ind_Prod+WTI_Spot,3,10,7.13,15.85,136.43,22.98,159.41,1.1636,,29.0,0.7883
index-set,WTI_CL+Fed_Funds+WTI_Spot,3,14,7.13,22.19,130.55,29.32,159.87,1.1669,,27.0,0.8029
index-set,WTI_CL+USD_Idx,2,6,6.39,9.51,144.07,15.9,159.97,1.1677,,31.0,0.7737
index-set,Brent_BZ+Fed_Funds+WTI_Spot,3,16,7.13,25.36,127.51,32.49,160.0,1.1679,,26.0,0.8102
cpt,Brent_BZ+Ind_Prod,2,4,6.39,28.39,125.36,34.78,160.15,1.169,8.0,,
index-set,WTI_CL+USD_Idx+Ind_Prod,3,9,7.13,14.26,139.28,21.39,160.68,1.1728,,30.0,0.781
index-set,WTI_CL+USD_Idx+CPI,3,6,7.13,9.51,144.07,16.64,160.71,1.1731,,31.0,0.7737
cpt,Brent_BZ+CPI+Ind_Prod,3,4,7.13,28.39,125.36,35.52,160.89,1.1743,8.0,,
index-set,USD_Idx+Fed_Funds+WTI_Spot,3,11,7.13,17.43,136.43,24.56,161.0,1.1752,,29.0,0.7883
index-set,WTI_CL+Brent_BZ+WTI_Spot,3,13,7.13,20.6,133.52,27.73,161.26,1.1771,,28.0,0.7956
index-set,WTI_CL+Brent_BZ+Fed_Funds,3,15,7.13,23.77,130.55,30.9,161.45,1.1785,,27.0,0.8029
cpt,WTI_CL+Ind_Prod,2,6,6.39,42.59,112.5,48.98,161.48,1.1787,12.0,,
index-set,WTI_CL+Fed_Funds,2,7,6.39,11.09,144.07,17.49,161.56,1.1792,,31.0,0.7737
index-set,Fed_Funds+WTI_Spot,2,7,6.39,11.09,144.07,17.49,161.56,1.1792,,31.0,0.7737
index-set,Brent_BZ,1,3,4.81,4.75,152.08,9.56,161.64,1.1799,,34.0,0.7518
cpt,Brent_BZ+USD_Idx,2,5,6.39,35.49,119.79,41.88,161.68,1.1801,10.0,,
cpt,WTI_CL+CPI+Ind_Prod,3,6,7.13,42.59,112.5,49.72,162.22,1.1841,12.0,,
index-set,WTI_CL+Fed_Funds+Ind_Prod,3,10,7.13,15.85,139.28,22.98,162.26,1.1844,,30.0,0.781
index-set,Fed_Funds+Ind_Prod+WTI_Spot,3,10,7.13,15.85,139.28,22.98,162.26,1.1844,,30.0,0.781
index-set,WTI_CL+Brent_BZ+Ind_Prod,3,10,7.13,15.85,139.28,22.98,162.26,1.1844,,30.0,0.781
index-set,WTI_CL+CPI+Fed_Funds,3,7,7.13,11.09,144.07,18.22,162.29,1.1846,,31.0,0.7737
index-set,CPI+Fed_Funds+WTI_Spot,3,7,7.13,11.09,144.07,18.22,162.29,1.1846,,31.0,0.7737
cpt,Brent_BZ+USD_Idx+CPI,3,5,7.13,35.49,119.79,42.62,162.41,1.1855,10.0,,
cpt,WTI_CL+USD_Idx,2,6,6.39,42.59,114.05,48.98,163.03,1.19,12.0,,
cpt,USD_Idx+WTI_Spot,2,6,6.39,42.59,114.16,48.98,163.14,1.1908,12.0,,
index-set,Brent_BZ+CPI,2,3,6.39,4.75,152.08,11.15,163.23,1.1914,,34.0,0.7518
cpt,WTI_CL+USD_Idx+CPI,3,6,7.13,42.59,114.05,49.72,163.77,1.1954,12.0,,
cpt,USD_Idx+CPI+WTI_Spot,3,6,7.13,42.59,114.16,49.72,163.88,1.1962,12.0,,
cpt,WTI_CL+Brent_BZ,2,7,6.39,49.69,107.94,56.08,164.02,1.1972,14.0,,
cpt,WTI_CL+WTI_Spot,2,7,6.39,49.69,108.06,56.08,164.14,1.1981,14.0,,
cpt,WTI_CL+Brent_BZ+CPI,3,7,7.13,49.69,107.94,56.82,164.75,1.2026,14.0,,
index-set,Brent_BZ+Ind_Prod,2,4,6.39,6.34,152.08,12.73,164.81,1.203,,34.0,0.7518
cpt,WTI_CL+CPI+WTI_Spot,3,7,7.13,49.69,108.06,56.82,164.88,1.2035,14.0,,
cpt,Brent_BZ+WTI_Spot,2,7,6.39,49.69,109.08,56.08,165.16,1.2055,14.0,,
index-set,Brent_BZ+CPI+Ind_Prod,3,4,7.13,6.34,152.08,13.47,165.55,1.2084,,34.0,0.7518
cpt,Brent_BZ+CPI+WTI_Spot,3,7,7.13,49.69,109.08,56.82,165.89,1.2109,14.0,,
cpt,Ind_Prod+WTI_Spot,2,6,6.39,42.59,117.07,48.98,166.05,1.212,12.0,,
index-set,Brent_BZ+USD_Idx,2,5,6.39,7.92,152.08,14.32,166.4,1.2146,,34.0,0.7518
cpt,CPI+Ind_Prod+WTI_Spot,3,6,7.13,42.59,117.07,49.72,166.78,1.2174,12.0,,
index-set,Brent_BZ+USD_Idx+CPI,3,5,7.13,7.92,152.08,15.05,167.13,1.22,,34.0,0.7518
cpt,WTI_CL+Fed_Funds,2,7,6.39,49.69,112.02,56.08,168.09,1.227,14.0,,
index-set,Brent_BZ+Fed_Funds,2,8,6.39,12.68,149.47,19.07,168.54,1.2302,,33.0,0.7591
index-set,WTI_CL+USD_Idx+Fed_Funds,3,11,7.13,17.43,144.07,24.56,168.63,1.2309,,31.0,0.7737
index-set,Brent_BZ+USD_Idx+Ind_Prod,3,6,7.13,9.51,152.08,16.64,168.72,1.2315,,34.0,0.7518
cpt,Brent_BZ+USD_Idx+Ind_Prod,3,6,7.13,42.59,119.1,49.72,168.82,1.2323,12.0,,
cpt,WTI_CL+CPI+Fed_Funds,3,7,7.13,49.69,112.02,56.82,168.83,1.2323,14.0,,
index-set,Brent_BZ+CPI+Fed_Funds,3,8,7.13,12.68,149.47,19.81,169.28,1.2356,,33.0,0.7591
cpt,Fed_Funds+WTI_Spot,2,7,6.39,49.69,114.73,56.08,170.8,1.2468,14.0,,
index-set,Brent_BZ+Fed_Funds+Ind_Prod,3,9,7.13,14.26,149.47,21.39,170.86,1.2472,,33.0,0.7591
cpt,CPI+Fed_Funds+WTI_Spot,3,7,7.13,49.69,114.73,56.82,171.54,1.2521,14.0,,
index-set,Brent_BZ+USD_Idx+Fed_Funds,3,11,7.13,17.43,149.47,24.56,174.03,1.2703,,33.0,0.7591
cpt,(none),0,1,2.0,7.1,169.04,9.1,178.14,1.3003,2.0,,
cpt,CPI,1,1,4.81,7.1,169.04,11.91,180.95,1.3208,2.0,,
cpt,Brent_BZ+Fed_Funds,2,8,6.39,56.78,121.45,63.18,184.63,1.3477,16.0,,
cpt,Brent_BZ+CPI+Fed_Funds,3,8,7.13,56.78,121.45,63.91,185.37,1.353,16.0,,
cpt,WTI_CL+USD_Idx+Ind_Prod,3,9,7.13,63.88,114.42,71.01,185.43,1.3535,18.0,,
index-set,CPI,1,1,4.81,1.58,179.34,6.39,185.73,1.3557,,46.0,0.6642
cpt,USD_Idx+Ind_Prod+WTI_Spot,3,9,7.13,63.88,114.8,71.01,185.81,1.3563,18.0,,
cpt,Ind_Prod,1,2,4.81,14.2,166.93,19.0,185.93,1.3572,4.0,,
cpt,WTI_CL+Brent_BZ+Ind_Prod,3,10,7.13,70.98,108.44,78.11,186.55,1.3617,20.0,,
index-set,Fed_Funds,1,3,4.81,4.75,177.34,9.56,186.9,1.3643,,45.0,0.6715
cpt,USD_Idx,1,2,4.81,14.2,167.91,19.0,186.92,1.3644,4.0,,
index-set,Ind_Prod,1,2,4.81,3.17,179.34,7.98,187.32,1.3673,,46.0,0.6642
index-set,USD_Idx,1,2,4.81,3.17,179.34,7.98,187.32,1.3673,,46.0,0.6642
cpt,CPI+Ind_Prod,2,2,6.39,14.2,166.93,20.59,187.52,1.3687,4.0,,
cpt,Brent_BZ+Ind_Prod+WTI_Spot,3,10,7.13,70.98,109.41,78.11,187.52,1.3687,20.0,,
index-set,CPI+Fed_Funds,2,3,6.39,4.75,177.34,11.15,188.49,1.3758,,45.0,0.6715
cpt,USD_Idx+CPI,2,2,6.39,14.2,167.91,20.59,188.5,1.3759,4.0,,
index-set,USD_Idx+CPI,2,2,6.39,3.17,179.34,9.56,188.9,1.3789,,46.0,0.6642
index-set,CPI+Ind_Prod,2,2,6.39,3.17,179.34,9.56,188.9,1.3789,,46.0,0.6642
index-set,Fed_Funds+Ind_Prod,2,5,6.39,7.92,175.29,14.32,189.61,1.384,,44.0,0.6788
index-set,CPI+Fed_Funds+Ind_Prod,3,5,7.13,7.92,175.29,15.05,190.35,1.3894,,44.0,0.6788
cpt,Brent_BZ+Fed_Funds+Ind_Prod,3,9,7.13,63.88,119.36,71.01,190.38,1.3896,18.0,,
index-set,USD_Idx+Ind_Prod,2,3,6.39,4.75,179.34,11.15,190.49,1.3904,,46.0,0.6642
cpt,WTI_CL+Fed_Funds+Ind_Prod,3,10,7.13,70.98,112.75,78.11,190.85,1.3931,20.0,,
cpt,Fed_Funds,1,3,4.81,21.29,165.06,26.1,191.17,1.3954,6.0,,
index-set,USD_Idx+CPI+Ind_Prod,3,3,7.13,4.75,179.34,11.88,191.23,1.3958,,46.0,0.6642
index-set,USD_Idx+Fed_Funds,2,5,6.39,7.92,177.34,14.32,191.66,1.399,,45.0,0.6715
index-set,USD_Idx+CPI+Fed_Funds,3,5,7.13,7.92,177.34,15.05,192.4,1.4043,,45.0,0.6715
cpt,CPI+Fed_Funds,2,3,6.39,21.29,165.06,27.69,192.75,1.4069,6.0,,
cpt,USD_Idx+Ind_Prod,2,3,6.39,21.29,165.71,27.69,193.4,1.4117,6.0,,
index-set,USD_Idx+Fed_Funds+Ind_Prod,3,7,7.13,11.09,175.29,18.22,193.52,1.4125,,44.0,0.6788
cpt,Fed_Funds+Ind_Prod+WTI_Spot,3,10,7.13,70.98,115.91,78.11,194.02,1.4162,20.0,,
cpt,USD_Idx+CPI+Ind_Prod,3,3,7.13,21.29,165.71,28.42,194.14,1.417,6.0,,
cpt,WTI_CL+Ind_Prod+WTI_Spot,3,11,7.13,78.08,109.4,85.21,194.6,1.4205,22.0,,
cpt,USD_Idx+Fed_Funds+WTI_Spot,3,11,7.13,78.08,111.22,85.21,196.43,1.4338,22.0,,
cpt,WTI_CL+USD_Idx+Fed_Funds,3,11,7.13,78.08,112.84,85.21,198.05,1.4456,22.0,,
cpt,WTI_CL+Brent_BZ+USD_Idx,3,12,7.13,85.18,107.08,92.31,199.38,1.4554,24.0,,
cpt,Brent_BZ+USD_Idx+Fed_Funds,3,11,7.13,78.08,115.69,85.21,200.9,1.4664,22.0,,
cpt,WTI_CL+USD_Idx+WTI_Spot,3,12,7.13,85.18,108.9,92.31,201.21,1.4687,24.0,,
cpt,USD_Idx+Fed_Funds,2,5,6.39,35.49,161.81,41.88,203.69,1.4868,10.0,,
cpt,USD_Idx+CPI+Fed_Funds,3,5,7.13,35.49,161.81,42.62,204.43,1.4922,10.0,,
cpt,Brent_BZ+USD_Idx+WTI_Spot,3,13,7.13,92.27,105.6,99.4,205.0,1.4964,26.0,,
cpt,WTI_CL+Brent_BZ+WTI_Spot,3,13,7.13,92.27,105.84,99.4,205.24,1.4981,26.0,,
cpt,Fed_Funds+Ind_Prod,2,5,6.39,35.49,163.6,41.88,205.48,1.4999,10.0,,
cpt,CPI+Fed_Funds+Ind_Prod,3,5,7.13,35.49,163.6,42.62,206.22,1.5052,10.0,,
cpt,WTI_CL+Fed_Funds+WTI_Spot,3,14,7.13,99.37,108.29,106.5,214.79,1.5678,28.0,,
cpt,USD_Idx+Fed_Funds+Ind_Prod,3,7,7.13,49.69,160.21,56.82,217.02,1.5841,14.0,,
cpt,WTI_CL+Brent_BZ+Fed_Funds,3,15,7.13,106.47,105.8,113.6,219.4,1.6014,30.0,,
cpt,Brent_BZ+Fed_Funds+WTI_Spot,3,16,7.13,113.57,104.55,120.7,225.25,1.6442,32.0,,
