contrast,cell,saving
A1_vs_A0,F01-1024,0.0
A1_vs_A0,F01-4096,0.0
A1_vs_A0,F02-1024,0.0
A1_vs_A0,F02-4096,0.0
A1_vs_A0,F03-1024,0.0
A1_vs_A0,F03-4096,0.0
A1_vs_A0,F04-1024,0.0
A1_vs_A0,F04-4096,0.0
A1_vs_A0,F05-1024,0.0
A1_vs_A0,F05-4096,0.0
A1_vs_A0,F06-1024,0.0
A1_vs_A0,F06-4096,0.0
A1_vs_A0,F07-1024,0.0
A1_vs_A0,F07-4096,0.0
A1_vs_A0,F08-1024,0.0
A1_vs_A0,F08-4096,0.0
A1_vs_A0,F09-1024,0.0
A1_vs_A0,F09-4096,0.0
A1_vs_A0,F10-1024,0.0
A1_vs_A0,F10-4096,0.0
A1_vs_A0,F11-1024,0.0
A1_vs_A0,F11-4096,0.0
A1_vs_A0,F12-1024,0.0
A1_vs_A0,F12-4096,0.0
A2_vs_A1,F01-1024,0.0
A2_vs_A1,F01-4096,0.0
A2_vs_A1,F02-1024,0.0
A2_vs_A1,F02-4096,0.0
A2_vs_A1,F03-1024,0.0
A2_vs_A1,F03-4096,0.0
A2_vs_A1,F04-1024,0.0
A2_vs_A1,F04-4096,0.0
A2_vs_A1,F05-1024,0.0
A2_vs_A1,F05-4096,0.0
A2_vs_A1,F06-1024,0.0
A2_vs_A1,F06-4096,0.0
A2_vs_A1,F07-1024,0.0
A2_vs_A1,F07-4096,0.0
A2_vs_A1,F08-1024,0.0
A2_vs_A1,F08-4096,0.0
A2_vs_A1,F09-1024,0.0
A2_vs_A1,F09-4096,0.0
A2_vs_A1,F10-1024,0.0
A2_vs_A1,F10-4096,0.0
A2_vs_A1,F11-1024,0.0
A2_vs_A1,F11-4096,0.0
A2_vs_A1,F12-1024,0.0
A2_vs_A1,F12-4096,0.0
A3_vs_A2,F01-1024,0.0
A3_vs_A2,F01-4096,0.0
A3_vs_A2,F02-1024,0.0
A3_vs_A2,F02-4096,0.0
A3_vs_A2,F03-1024,0.0
A3_vs_A2,F03-4096,0.0
A3_vs_A2,F04-1024,0.0
A3_vs_A2,F04-4096,0.0
A3_vs_A2,F05-1024,0.0
A3_vs_A2,F05-4096,0.0
A3_vs_A2,F06-1024,0.0
A3_vs_A2,F06-4096,0.0
A3_vs_A2,F07-1024,0.0
A3_vs_A2,F07-4096,0.0
A3_vs_A2,F08-1024,0.0
A3_vs_A2,F08-4096,0.0
A3_vs_A2,F09-1024,0.0
A3_vs_A2,F09-4096,0.0
A3_vs_A2,F10-1024,0.0
A3_vs_A2,F10-4096,0.0
A3_vs_A2,F11-1024,0.0
A3_vs_A2,F11-4096,0.0
A3_vs_A2,F12-1024,0.0
A3_vs_A2,F12-4096,0.0
A2_vs_A0,F01-1024,0.0
A2_vs_A0,F01-4096,0.0
A2_vs_A0,F02-1024,0.0
A2_vs_A0,F02-4096,0.0
A2_vs_A0,F03-1024,0.0
A2_vs_A0,F03-4096,0.0
A2_vs_A0,F04-1024,0.0
A2_vs_A0,F04-4096,0.0
A2_vs_A0,F05-1024,0.0
A2_vs_A0,F05-4096,0.0
A2_vs_A0,F06-1024,0.0
A2_vs_A0,F06-4096,0.0
A2_vs_A0,F07-1024,0.0
A2_vs_A0,F07-4096,0.0
A2_vs_A0,F08-1024,0.0
A2_vs_A0,F08-4096,0.0
A2_vs_A0,F09-1024,0.0
A2_vs_A0,F09-4096,0.0
A2_vs_A0,F10-1024,0.0
A2_vs_A0,F10-4096,0.0
A2_vs_A0,F11-1024,0.0
A2_vs_A0,F11-4096,0.0
A2_vs_A0,F12-1024,0.0
A2_vs_A0,F12-4096,0.0
A3_vs_A0,F01-1024,0.0
A3_vs_A0,F01-4096,0.0
A3_vs_A0,F02-1024,0.0
A3_vs_A0,F02-4096,0.0
A3_vs_A0,F03-1024,0.0
A3_vs_A0,F03-4096,0.0
A3_vs_A0,F04-1024,0.0
A3_vs_A0,F04-4096,0.0
A3_vs_A0,F05-1024,0.0
A3_vs_A0,F05-4096,0.0
A3_vs_A0,F06-1024,0.0
A3_vs_A0,F06-4096,0.0
A3_vs_A0,F07-1024,0.0
A3_vs_A0,F07-4096,0.0
A3_vs_A0,F08-1024,0.0
A3_vs_A0,F08-4096,0.0
A3_vs_A0,F09-1024,0.0
A3_vs_A0,F09-4096,0.0
A3_vs_A0,F10-1024,0.0
A3_vs_A0,F10-4096,0.0
A3_vs_A0,F11-1024,0.0
A3_vs_A0,F11-4096,0.0
A3_vs_A0,F12-1024,0.0
A3_vs_A0,F12-4096,0.0
A1_vs_pair_grammar,F01-1024,0.17357138510223952
A1_vs_pair_grammar,F01-4096,0.055155768746950475
A1_vs_pair_grammar,F02-1024,0.2515936891431354
A1_vs_pair_grammar,F02-4096,-0.03514124062271286
A1_vs_pair_grammar,F03-1024,0.054613330696202535
A1_vs_pair_grammar,F03-4096,0.015618924775859966
A1_vs_pair_grammar,F04-1024,0.7313549780915287
A1_vs_pair_grammar,F04-4096,0.32507309328494755
A1_vs_pair_grammar,F05-1024,0.16386281341285297
A1_vs_pair_grammar,F05-4096,0.058085456246950475
A1_vs_pair_grammar,F06-1024,0.7508519961051606
A1_vs_pair_grammar,F06-4096,0.4065896169416321
A1_vs_pair_grammar,F07-1024,1.2325721153846154
A1_vs_pair_grammar,F07-4096,0.7331300555394609
A1_vs_pair_grammar,F08-1024,0.38810134189386564
A1_vs_pair_grammar,F08-4096,0.02440584307910466
A1_vs_pair_grammar,F09-1024,0.5792280306718598
A1_vs_pair_grammar,F09-4096,0.13959769151012444
A1_vs_pair_grammar,F10-1024,0.06633778602726388
A1_vs_pair_grammar,F10-4096,-0.018545753346852892
A1_vs_pair_grammar,F11-1024,1.1194563199853942
A1_vs_pair_grammar,F11-4096,0.4505188479659673
A1_vs_pair_grammar,F12-1024,0.507116449610516
A1_vs_pair_grammar,F12-4096,0.2679656290025006
A2_vs_pair_grammar,F01-1024,0.17357138510223952
A2_vs_pair_grammar,F01-4096,0.055155768746950475
A2_vs_pair_grammar,F02-1024,0.2515936891431354
A2_vs_pair_grammar,F02-4096,-0.03514124062271286
A2_vs_pair_grammar,F03-1024,0.054613330696202535
A2_vs_pair_grammar,F03-4096,0.015618924775859966
A2_vs_pair_grammar,F04-1024,0.7313549780915287
A2_vs_pair_grammar,F04-4096,0.32507309328494755
A2_vs_pair_grammar,F05-1024,0.16386281341285297
A2_vs_pair_grammar,F05-4096,0.058085456246950475
A2_vs_pair_grammar,F06-1024,0.7508519961051606
A2_vs_pair_grammar,F06-4096,0.4065896169416321
A2_vs_pair_grammar,F07-1024,1.2325721153846154
A2_vs_pair_grammar,F07-4096,0.7331300555394609
A2_vs_pair_grammar,F08-1024,0.38810134189386564
A2_vs_pair_grammar,F08-4096,0.02440584307910466
A2_vs_pair_grammar,F09-1024,0.5792280306718598
A2_vs_pair_grammar,F09-4096,0.13959769151012444
A2_vs_pair_grammar,F10-1024,0.06633778602726388
A2_vs_pair_grammar,F10-4096,-0.018545753346852892
A2_vs_pair_grammar,F11-1024,1.1194563199853942
A2_vs_pair_grammar,F11-4096,0.4505188479659673
A2_vs_pair_grammar,F12-1024,0.507116449610516
A2_vs_pair_grammar,F12-4096,0.2679656290025006
A3_vs_pair_grammar,F01-1024,0.17357138510223952
A3_vs_pair_grammar,F01-4096,0.055155768746950475
A3_vs_pair_grammar,F02-1024,0.2515936891431354
A3_vs_pair_grammar,F02-4096,-0.03514124062271286
A3_vs_pair_grammar,F03-1024,0.054613330696202535
A3_vs_pair_grammar,F03-4096,0.015618924775859966
A3_vs_pair_grammar,F04-1024,0.7313549780915287
A3_vs_pair_grammar,F04-4096,0.32507309328494755
A3_vs_pair_grammar,F05-1024,0.16386281341285297
A3_vs_pair_grammar,F05-4096,0.058085456246950475
A3_vs_pair_grammar,F06-1024,0.7508519961051606
A3_vs_pair_grammar,F06-4096,0.4065896169416321
A3_vs_pair_grammar,F07-1024,1.2325721153846154
A3_vs_pair_grammar,F07-4096,0.7331300555394609
A3_vs_pair_grammar,F08-1024,0.38810134189386564
A3_vs_pair_grammar,F08-4096,0.02440584307910466
A3_vs_pair_grammar,F09-1024,0.5792280306718598
A3_vs_pair_grammar,F09-4096,0.13959769151012444
A3_vs_pair_grammar,F10-1024,0.06633778602726388
A3_vs_pair_grammar,F10-4096,-0.018545753346852892
A3_vs_pair_grammar,F11-1024,1.1194563199853942
A3_vs_pair_grammar,F11-4096,0.4505188479659673
A3_vs_pair_grammar,F12-1024,0.507116449610516
A3_vs_pair_grammar,F12-4096,0.2679656290025006
A1_vs_portfolio,F01-1024,-0.09361307205452775
A1_vs_portfolio,F01-4096,-0.025381333480727006
A1_vs_portfolio,F02-1024,-0.07215722370983448
A1_vs_portfolio,F02-4096,-0.08980944285191511
A1_vs_portfolio,F03-1024,-0.1599109207643622
A1_vs_portfolio,F03-4096,-0.04490543615820932
A1_vs_portfolio,F04-1024,0.3354468415287244
A1_vs_portfolio,F04-4096,0.14350215467949498
A1_vs_portfolio,F05-1024,-0.046778009371957155
A1_vs_portfolio,F05-4096,-0.0009744183032446938
A1_vs_portfolio,F06-1024,0.4544106012658228
A1_vs_portfolio,F06-4096,0.3128735667235911
A1_vs_portfolio,F07-1024,0.0
A1_vs_portfolio,F07-4096,0.0
A1_vs_portfolio,F08-1024,-0.46026427093476147
A1_vs_portfolio,F08-4096,-0.4539350298853379
A1_vs_portfolio,F09-1024,-0.3139909931840312
A1_vs_portfolio,F09-4096,-0.3821844885947792
A1_vs_portfolio,F10-1024,-0.10919813473709834
A1_vs_portfolio,F10-4096,-0.06247605646956574
A1_vs_portfolio,F11-1024,0.0
A1_vs_portfolio,F11-4096,-0.027333743748475237
A1_vs_portfolio,F12-1024,0.04487623235150925
A1_vs_portfolio,F12-4096,-0.03270590959685289
A2_vs_portfolio,F01-1024,-0.09361307205452775
A2_vs_portfolio,F01-4096,-0.025381333480727006
A2_vs_portfolio,F02-1024,-0.07215722370983448
A2_vs_portfolio,F02-4096,-0.08980944285191511
A2_vs_portfolio,F03-1024,-0.1599109207643622
A2_vs_portfolio,F03-4096,-0.04490543615820932
A2_vs_portfolio,F04-1024,0.3354468415287244
A2_vs_portfolio,F04-4096,0.14350215467949498
A2_vs_portfolio,F05-1024,-0.046778009371957155
A2_vs_portfolio,F05-4096,-0.0009744183032446938
A2_vs_portfolio,F06-1024,0.4544106012658228
A2_vs_portfolio,F06-4096,0.3128735667235911
A2_vs_portfolio,F07-1024,0.0
A2_vs_portfolio,F07-4096,0.0
A2_vs_portfolio,F08-1024,-0.46026427093476147
A2_vs_portfolio,F08-4096,-0.4539350298853379
A2_vs_portfolio,F09-1024,-0.3139909931840312
A2_vs_portfolio,F09-4096,-0.3821844885947792
A2_vs_portfolio,F10-1024,-0.10919813473709834
A2_vs_portfolio,F10-4096,-0.06247605646956574
A2_vs_portfolio,F11-1024,0.0
A2_vs_portfolio,F11-4096,-0.027333743748475237
A2_vs_portfolio,F12-1024,0.04487623235150925
A2_vs_portfolio,F12-4096,-0.03270590959685289
A3_vs_portfolio,F01-1024,-0.09361307205452775
A3_vs_portfolio,F01-4096,-0.025381333480727006
A3_vs_portfolio,F02-1024,-0.07215722370983448
A3_vs_portfolio,F02-4096,-0.08980944285191511
A3_vs_portfolio,F03-1024,-0.1599109207643622
A3_vs_portfolio,F03-4096,-0.04490543615820932
A3_vs_portfolio,F04-1024,0.3354468415287244
A3_vs_portfolio,F04-4096,0.14350215467949498
A3_vs_portfolio,F05-1024,-0.046778009371957155
A3_vs_portfolio,F05-4096,-0.0009744183032446938
A3_vs_portfolio,F06-1024,0.4544106012658228
A3_vs_portfolio,F06-4096,0.3128735667235911
A3_vs_portfolio,F07-1024,0.0
A3_vs_portfolio,F07-4096,0.0
A3_vs_portfolio,F08-1024,-0.46026427093476147
A3_vs_portfolio,F08-4096,-0.4539350298853379
A3_vs_portfolio,F09-1024,-0.3139909931840312
A3_vs_portfolio,F09-4096,-0.3821844885947792
A3_vs_portfolio,F10-1024,-0.10919813473709834
A3_vs_portfolio,F10-4096,-0.06247605646956574
A3_vs_portfolio,F11-1024,0.0
A3_vs_portfolio,F11-4096,-0.027333743748475237
A3_vs_portfolio,F12-1024,0.04487623235150925
A3_vs_portfolio,F12-4096,-0.03270590959685289
A0_vs_pair_grammar,F01-1024,0.17357138510223952
A0_vs_pair_grammar,F01-4096,0.055155768746950475
A0_vs_pair_grammar,F02-1024,0.2515936891431354
A0_vs_pair_grammar,F02-4096,-0.03514124062271286
A0_vs_pair_grammar,F03-1024,0.054613330696202535
A0_vs_pair_grammar,F03-4096,0.015618924775859966
A0_vs_pair_grammar,F04-1024,0.7313549780915287
A0_vs_pair_grammar,F04-4096,0.32507309328494755
A0_vs_pair_grammar,F05-1024,0.16386281341285297
A0_vs_pair_grammar,F05-4096,0.058085456246950475
A0_vs_pair_grammar,F06-1024,0.7508519961051606
A0_vs_pair_grammar,F06-4096,0.4065896169416321
A0_vs_pair_grammar,F07-1024,1.2325721153846154
A0_vs_pair_grammar,F07-4096,0.7331300555394609
A0_vs_pair_grammar,F08-1024,0.38810134189386564
A0_vs_pair_grammar,F08-4096,0.02440584307910466
A0_vs_pair_grammar,F09-1024,0.5792280306718598
A0_vs_pair_grammar,F09-4096,0.13959769151012444
A0_vs_pair_grammar,F10-1024,0.06633778602726388
A0_vs_pair_grammar,F10-4096,-0.018545753346852892
A0_vs_pair_grammar,F11-1024,1.1194563199853942
A0_vs_pair_grammar,F11-4096,0.4505188479659673
A0_vs_pair_grammar,F12-1024,0.507116449610516
A0_vs_pair_grammar,F12-4096,0.2679656290025006
A0_vs_portfolio,F01-1024,-0.09361307205452775
A0_vs_portfolio,F01-4096,-0.025381333480727006
A0_vs_portfolio,F02-1024,-0.07215722370983448
A0_vs_portfolio,F02-4096,-0.08980944285191511
A0_vs_portfolio,F03-1024,-0.1599109207643622
A0_vs_portfolio,F03-4096,-0.04490543615820932
A0_vs_portfolio,F04-1024,0.3354468415287244
A0_vs_portfolio,F04-4096,0.14350215467949498
A0_vs_portfolio,F05-1024,-0.046778009371957155
A0_vs_portfolio,F05-4096,-0.0009744183032446938
A0_vs_portfolio,F06-1024,0.4544106012658228
A0_vs_portfolio,F06-4096,0.3128735667235911
A0_vs_portfolio,F07-1024,0.0
A0_vs_portfolio,F07-4096,0.0
A0_vs_portfolio,F08-1024,-0.46026427093476147
A0_vs_portfolio,F08-4096,-0.4539350298853379
A0_vs_portfolio,F09-1024,-0.3139909931840312
A0_vs_portfolio,F09-4096,-0.3821844885947792
A0_vs_portfolio,F10-1024,-0.10919813473709834
A0_vs_portfolio,F10-4096,-0.06247605646956574
A0_vs_portfolio,F11-1024,0.0
A0_vs_portfolio,F11-4096,-0.027333743748475237
A0_vs_portfolio,F12-1024,0.04487623235150925
A0_vs_portfolio,F12-4096,-0.03270590959685289
