contrast,aggregate,strings_better,strings_tie,strings_worse,strings_available,strings_unavailable,cells_better,cells_tie,cells_worse,cells_available,cells_unavailable
A1_vs_A0,0.0,0,96,0,96,0,0,24,0,24,0
A2_vs_A1,0.0,0,96,0,96,0,0,24,0,24,0
A3_vs_A2,0.0,0,96,0,96,0,0,24,0,24,0
A2_vs_A0,0.0,0,96,0,96,0,0,24,0,24,0
A3_vs_A0,0.0,0,96,0,96,0,0,24,0,24,0
A1_vs_pair_grammar,0.351713090385357,87,0,9,96,0,22,0,2,24,0
A2_vs_pair_grammar,0.351713090385357,87,0,9,96,0,22,0,2,24,0
A3_vs_pair_grammar,0.351713090385357,87,0,9,96,0,22,0,2,24,0
A1_vs_portfolio,-0.04518787863735571,21,12,63,96,0,5,3,16,24,0
A2_vs_portfolio,-0.04518787863735571,21,12,63,96,0,5,3,16,24,0
A3_vs_portfolio,-0.04518787863735571,21,12,63,96,0,5,3,16,24,0
A0_vs_pair_grammar,0.351713090385357,87,0,9,96,0,22,0,2,24,0
A0_vs_portfolio,-0.04518787863735571,21,12,63,96,0,5,3,16,24,0
