width,level,instances,evaluated,ineligible_short,saturated_branch,single_symbol_branch,cap_not_reached,median_k_over_m,views_saturated_k_eq_m,median_weak_support_fraction,median_pooled_irregular_fraction,irregular_fraction_unavailable,shorter_than_a0,no_shorter_candidate,no_admissible_candidate,median_minus_a0_per_bit,median_vs_previous_level_bits,selected_views
4,1,192,192,0,0,0,0,0.015625,0,0.0009765625,0.6942892800102729,0,0,192,0,0.6716291321053915,,0
4,2,192,192,0,0,0,0,0.162109375,0,0.04562088314222981,0.6661985018726592,0,0,192,0,1.229192861298253,708.0,0
4,3,192,192,0,0,0,0,0.51171875,24,0.32131663826679646,0.4365079365079365,24,0,192,0,1.9112668877799415,1068.0,0
4,4,192,168,0,24,0,0,0.828125,42,0.7347857838364167,0.4,42,0,168,0,2.528421566235667,952.0,0
8,1,192,192,0,0,0,0,0.16275529035433073,0,0.04820178130336668,0.6644822170294038,0,0,192,0,0.83203125,,0
8,2,192,192,0,0,0,0,0.5127527573529411,22,0.32837086789460845,0.4107142857142857,22,0,192,0,1.552734375,1068.0,0
8,3,192,170,0,22,0,0,0.84251968503937,44,0.750365141187926,0.4,44,0,170,0,2.2442959601427175,936.0,0
8,4,192,122,0,66,4,0,0.8571428571428571,40,0.71875,0.0,40,0,122,0,2.0234004153481013,520.0,0
12,1,192,192,0,0,0,0,0.34558823529411764,4,0.20458049829523575,0.5433576569372252,4,0,192,0,1.0297437925998052,,0
12,2,192,188,0,4,0,0,0.7261904761904763,42,0.519713506724201,0.4444444444444444,42,0,188,0,1.780597449454135,960.0,0
12,3,192,146,0,46,0,0,0.9047619047619048,46,0.8127738558909445,0.23076923076923078,46,0,146,0,1.8851022395326194,504.0,0
12,4,192,100,0,92,0,0,0.9285714285714286,48,0.8594779214442547,0.3333333333333333,48,0,100,0,1.0601587753872894,432.0,0
16,1,192,192,0,0,0,0,0.5263939950980392,26,0.33618336789460845,0.4444444444444444,26,0,192,0,0.9893823106925407,,0
16,2,192,166,0,26,0,0,0.828125,40,0.7191607838364167,0.4146341463414634,40,0,166,0,1.6030839216163584,744.0,0
16,3,192,122,0,66,4,0,0.8666666666666667,40,0.75,0.0,40,0,122,0,1.614848314264849,576.0,0
16,4,192,82,0,106,4,0,0.9032258064516129,36,0.8125,0.3333333333333333,36,0,82,0,0.9453125,224.0,0
24,1,192,192,0,0,0,0,0.7380952380952381,38,0.5460656848469139,0.42857142857142855,38,0,192,0,0.9599609375,,0
24,2,192,154,0,38,0,0,0.9411764705882353,58,0.8828125,0.2596153846153846,58,0,154,0,1.354940395607925,504.0,0
24,3,192,96,0,96,0,0,0.9285714285714286,44,0.8594264607221274,0.3333333333333333,44,0,96,0,0.8697984169157111,396.0,0
24,4,192,48,0,140,4,0,0.8,12,0.625,0.0,12,0,48,0,0.6201352543816943,120.0,0
32,1,192,192,0,0,0,0,0.9047379032258065,66,0.8166801058909445,0.4146341463414634,66,0,192,0,0.7748231275920956,,0
32,2,192,122,0,66,4,0,0.9333333333333333,42,0.875,0.12295081967213115,42,0,122,0,1.119706216455233,576.0,0
32,3,192,80,0,108,4,0,0.8891129032258065,34,0.7813414857282264,0.3333333333333333,34,0,80,0,0.8619923495059771,192.0,0
32,4,192,42,0,142,8,0,0.8666666666666667,20,0.7500914857282264,0.14285714285714285,20,0,42,0,0.5141187925998053,200.0,0
48,1,192,192,0,0,0,0,0.9705882352941176,90,0.947287066967553,0.23076923076923078,90,0,192,0,0.5625,,0
48,2,192,102,0,90,0,0,0.9285714285714286,50,0.8594779214442547,0.3333333333333333,50,0,102,0,0.8125,432.0,0
48,3,192,48,0,140,4,0,0.8,12,0.625,0.0,12,0,48,0,0.5371106021774137,120.0,0
48,4,192,36,0,152,4,0,1.0,20,1.0,0.375,20,0,36,0,0.5603424615759942,248.0,0
64,1,192,192,0,0,0,0,1.0,112,1.0,0.12295081967213115,112,0,192,0,0.4453125,,0
64,2,192,76,0,112,4,0,0.875,30,0.7500914857282264,0.3333333333333333,30,0,76,0,0.6747885223953263,192.0,0
64,3,192,42,0,142,8,0,0.8666666666666667,20,0.7500914857282264,0.14285714285714285,20,0,42,0,0.5141187925998053,200.0,0
64,4,192,22,0,162,8,0,0.5714285714285714,10,0.2505489143693584,0.29166666666666663,10,0,22,0,0.265625,64.0,0
