"Case","TargetPattern","Index","InputVector","OutputVector"
"F1"
"1111111111"
143
"0111000100"
"1111111111"
"F1"
"1111111111"
215
"0110101100"
"1111111111"
"F1"
"1111111111"
399
"0111000110"
"1111111111"
"F1"
"1111111111"
400
"1111000110"
"1111111111"
"F1"
"1111111111"
471
"0110101110"
"1111111111"
"F1"
"1111111111"
472
"1110101110"
"1111111111"
"F2"
"1111111110"
15
"0111000000"
"1111111110"
"F2"
"1111111110"
87
"0110101000"
"1111111110"
"F2"
"1111111110"
271
"0111000010"
"1111111110"
"F2"
"1111111110"
272
"1111000010"
"1111111110"
"F2"
"1111111110"
343
"0110101010"
"1111111110"
"F2"
"1111111110"
344
"1110101010"
"1111111110"
"F3"
"1111111101"
655
"0111000101"
"1111111101"
"F3"
"1111111101"
727
"0110101101"
"1111111101"
"F3"
"1111111101"
911
"0111000111"
"1111111101"
"F3"
"1111111101"
912
"1111000111"
"1111111101"
"F3"
"1111111101"
983
"0110101111"
"1111111101"
"F3"
"1111111101"
984
"1110101111"
"1111111101"
"F4"
"1111101111"
79
"0111001000"
"1111101111"
"F4"
"1111101111"
207
"0111001100"
"1111101111"
"F4"
"1111101111"
335
"0111001010"
"1111101111"
"F4"
"1111101111"
336
"1111001010"
"1111101111"
"F4"
"1111101111"
463
"0111001110"
"1111101111"
"F4"
"1111101111"
464
"1111001110"
"1111101111"
