"Case","TargetProjection","Index","InputVector","OutputVector","Projection"
"S1"
"0111"
141
"0011000100"
"0110111101"
"0111"
"S1"
"0111"
142
"1011000100"
"0110111001"
"0111"
"S1"
"0111"
217
"0001101100"
"0000111101"
"0111"
"S1"
"0111"
218
"1001101100"
"0100111001"
"0111"
"S1"
"0111"
397
"0011000110"
"0110111101"
"0111"
"S1"
"0111"
398
"1011000110"
"0110111101"
"0111"
"S1"
"0111"
473
"0001101110"
"0000111101"
"0111"
"S1"
"0111"
474
"1001101110"
"0100111101"
"0111"
"S1"
"0111"
653
"0011000101"
"0110111101"
"0111"
"S1"
"0111"
654
"1011000101"
"0110111001"
"0111"
"S1"
"0111"
729
"0001101101"
"0000111101"
"0111"
"S1"
"0111"
730
"1001101101"
"0100111001"
"0111"
"S1"
"0111"
909
"0011000111"
"0110111101"
"0111"
"S1"
"0111"
910
"1011000111"
"0110111101"
"0111"
"S1"
"0111"
985
"0001101111"
"0000111101"
"0111"
"S1"
"0111"
986
"1001101111"
"0100111101"
"0111"
"S2"
"011101"
141
"0011000100"
"0110111101"
"011101"
"S2"
"011101"
217
"0001101100"
"0000111101"
"011101"
"S2"
"011101"
397
"0011000110"
"0110111101"
"011101"
"S2"
"011101"
398
"1011000110"
"0110111101"
"011101"
"S2"
"011101"
473
"0001101110"
"0000111101"
"011101"
"S2"
"011101"
474
"1001101110"
"0100111101"
"011101"
"S2"
"011101"
653
"0011000101"
"0110111101"
"011101"
"S2"
"011101"
729
"0001101101"
"0000111101"
"011101"
"S2"
"011101"
909
"0011000111"
"0110111101"
"011101"
"S2"
"011101"
910
"1011000111"
"0110111101"
"011101"
"S2"
"011101"
985
"0001101111"
"0000111101"
"011101"
"S2"
"011101"
986
"1001101111"
"0100111101"
"011101"
