case_id,n_bits,a0_bits,a0_codec,R_mode,R_proposal,R_view,R_bits,R_margin_bits,R_margin_per_bit,R_identical_a0,O_view,O_bits,O_margin_bits,O_identical_a0,R_minus_O_bits,R_sha256,O_sha256,a0_sha256
confirmation-F01-1024-3000-base,1024,200,hid,R(O),G0,1-64-32,1584,1384,1.3515625,False,1-8-0,1120,920,False,464,c249b7f0d9bbd57ecb65c9480aa0ce112a51b2154607a82bc0ff0a74314da099,eb3c73d199b16363b355f50a0ed5e6da95958e199e3ab098837afdb8fe6a6dd0,1bb19943404e9fb40ecd3afd86e96f3d5c767aaabd7d7319e60c9dc7bd5a8b7d
confirmation-F01-1024-3000-ragged,1027,200,hid,R(O),G0,1-64-32,1640,1440,1.4021421616358325,False,1-8-0,1176,976,False,464,fafc0b8dea5b74e909fcd8010aa1e29acf141142a3a76bfaffcd009ccbbf4da7,087de23519df1989558843acaf5ee4db4c34f478ad3ecf2fc8a7b117cf4a04ae,cee44361134ee472e5cd676a223c63183890a72c4b587b13fbbf05fdf50ade21
confirmation-F01-1024-3001-base,1024,192,hid,R(O),G2,1-4-0,696,504,0.4921875,False,1-4-0,592,400,False,104,c508b613667d89336fa3d5f1e64b333807628dfd650ae67e324db4d2f8d0d02f,2065c37b1e1e950214f22e1531559a7be58b44394a92349ae794b652e4fa2d53,99e284bc511ac079f8a8ce855aaf7d8721e7cafaa43915fed3525f29c562178d
confirmation-F01-1024-3001-ragged,1027,192,hid,R(O),G2,1-4-0,752,560,0.5452775073028238,False,1-4-0,648,456,False,104,ae4c590f2ac96a473a1b407af9e3103127185af3f52c2de26db98f33e8b891dc,b4636f1b7a6d8484af0101edb5332ce0e055de0b3400caa5fbda515d60c8039c,dca6d10b0f56d3bb984c43f75624a6329d69adec4d6071aadb64293e1f8f7bd9
confirmation-F01-4096-3000-base,4096,208,hid,R(O),G2,1-4-0,880,672,0.1640625,False,1-4-0,752,544,False,128,fd86d545c8f8f6de6e71be43a8c3e394cac9d55e7b15247bcdd76d4205ea4c7f,b0c84aa496650162ddba8d8cd1e894732b7a96791e8b7dfc18fe3d39f472cf4b,c70c194310f4ba4ea11ab81e20872c79ca3994e4301d0a4f9843bbb60a380d1c
confirmation-F01-4096-3000-ragged,4099,208,hid,R(O),G2,1-4-0,936,728,0.17760429373017808,False,1-4-0,808,600,False,128,5ba69a7cd2db7053cd639104d5a8bb1949d760b059a15676af5058e6cdae1adb,66d044f5ff884c9f9d37cb5b6c3563bed0c87403dc44d0d46037d4ad6fd84597,2af975fccfcd949c81dcac949c4e1c01833765b6b0e97f20c3c5ae0b08d81ec4
confirmation-F01-4096-3001-base,4096,192,hid,R(O),G2,1-4-0,664,472,0.115234375,False,1-4-0,536,344,False,128,28fd2da4eb5ca50a8e6d91741ad90dd8aff4ee0b3cf0959bea2c11c472c23c65,7e1764672f322880a3446aa3fd98f05efeae9843af7041e1cfc546c5d6cc6f0d,5895b2aa8cd20bde7b1eab75b4864c3dd3bdd44f2f40f85887b90d46c4ddc8d4
confirmation-F01-4096-3001-ragged,4099,192,hid,R(O),G2,1-4-0,720,528,0.12881190534276654,False,1-4-0,592,400,False,128,978a8403cf66202f8352d8c52ca5725792ec2ac144e2425779f976985c866491,2718caa1b4ce62e288e7e551c548f70d43df6c256dbf0aae5880c1e8d0d1bab4,e1ad1be6be65cff68e7858271bb65b015405cb12b25ad06931e795439ff86081
confirmation-F02-1024-3000-base,1024,448,hid,R(O),G0,1-64-0,1504,1056,1.03125,False,1-8-0,1120,672,False,384,3bb2497f6cd335851acd9599b488154bf2babc29bb41b29f8bc269722bb7313c,06647209918759311ed7de4729665a51d9eea3561773cebd5fa22e876cd21a58,75befc54287dc49e88d5a9d598b503ae93b3d70c1f0544e8f31c6196e47be6c3
confirmation-F02-1024-3000-ragged,1027,456,hid,R(O),G0,1-64-0,1560,1104,1.0749756572541382,False,1-8-0,1176,720,False,384,5d196f38b1a3f4f1344ce757eef2ef5d88ca13be2f5c974a951f48c00f46a9f8,ad22670e45d95b6f140cd15d5e6511d057cf5fd0610e0506e189cbd3125718a5,1f2055a9ce8663781f28b4a4f78206c1558f358fc433030e263d9d7807d289a6
confirmation-F02-1024-3001-base,1024,1096,raw,R(O),G0,1-64-0,1504,408,0.3984375,False,1-64-0,1504,408,False,0,ed5dc2f126b00e53cf0fa41a7e83e9c2558fee6297c51a12a52661e70be09eac,ed5dc2f126b00e53cf0fa41a7e83e9c2558fee6297c51a12a52661e70be09eac,2d2c1ed277aff6a2b2bccba4d90a089a10ca591df5cfa13b70c2ce44ab7b8c02
confirmation-F02-1024-3001-ragged,1027,1104,raw,R(O),G0,1-64-0,1560,456,0.44401168451801365,False,1-64-0,1560,456,False,0,286a824e099b4b4e9a1569ccc5cac20d1ba8f4dd620fe86b3132321d7be02559,286a824e099b4b4e9a1569ccc5cac20d1ba8f4dd620fe86b3132321d7be02559,1e109c7b6d56429873fa38acb4b2e58f77dbe9799fb6a5228f78cf1c7b472546
confirmation-F02-4096-3000-base,4096,320,hid,R(O),G2,1-8-0,1072,752,0.18359375,False,1-8-0,672,352,False,400,0758746722fc8254995ebc25867fff36be40ee440472832fc35809e647766d0d,eabc1ef9027c43b25837fe69f23ec24fd462d5d3a0c2ff1f95128e2330e13998,50e3646243a15d2f480a897b9aacadc628f2868a4d936713f44be94caddc95d5
confirmation-F02-4096-3000-ragged,4099,328,hid,R(O),G2,1-8-0,1136,808,0.19712124908514272,False,1-8-0,728,400,False,408,ad89f4b7e0c5a8a224b67a10c007aaf4705c2bdc67d5e17a2a28b0c30c01da39,bff3246174eb4565e57c1773f649c2ba0d49a4e10374c0bf2086acccbbe8a11e,246f213770e66e155fa713616268d70ca4b16dd0fdeb0fee25dc75706fa147cb
confirmation-F02-4096-3001-base,4096,2432,hid,R(O),G1,1-4-0,4400,1968,0.48046875,False,1-4-0,4272,1840,False,128,2cca38d0cd8576c4483792058ccdc3a4b6841386051abdf4b3a7cb91ff04d1f6,d84b43ab38d83552705370e93c5ea6e3faca98f42727c32a61794ae8e38a41f8,c3d84f4e053d5618fb156463333c7a2624f096a707d577ed5f68b4212700e067
confirmation-F02-4096-3001-ragged,4099,2512,hid,R(O),G1,1-4-0,4456,1944,0.4742620151256404,False,1-4-0,4328,1816,False,128,30fbb42609d682a76dd5c4a35834b6fc93a0a4d4f8639ec548489ae510cb39d0,bd154afab3a3fa2fd6e5d750449fd0094c366a5d2deaf4ded115a773ca248e42,135ec194e0c5f7f78ce40f834acad917e7c1fbfe96ad2b4ef88b7260c2f6c333
confirmation-F03-1024-3000-base,1024,544,hid,R(O),G0,1-64-0,1264,720,0.703125,False,1-4-0,1168,624,False,96,7b8dcec35e77ede1a01a9f927a238f201d402be8ebae0b44e2dfeb20fe263018,34b121de1c113c73be6909fd7e7be2256459036e6bd0e489985616150e0c6a13,d936c2d190897a05e3768a7c72b27122af3241f56511d3bfa084617252270ed8
confirmation-F03-1024-3000-ragged,1027,544,hid,R(O),G0,1-64-0,1320,776,0.7555988315481986,False,1-4-0,1224,680,False,96,5ff26beb6370ec89e06a102fbb133b2ed5e13cd30fdd2025420588479a9f749c,13b316b8b9daee94d1924ec6934366354eab101b2ff356404e158938d177a555,337d303cd61f64373a2e543c9e9b4d971d4f7e47a655e199fb2b12a56397bf33
confirmation-F03-1024-3001-base,1024,552,hid,R(O),G1,1-4-0,1072,520,0.5078125,False,1-4-0,1000,448,False,72,fb35f4d4aca30c151e32733eca8032e8ab2977258e42386cdbeea91b2d2dea8c,b33c3432c25ff093510f759223d47770c4c303f22b31d896f7d5946c2fd1e177,4ade7b0613540ad74cd33715c77a587aebba3a31e03312be68d65b6e512be971
confirmation-F03-1024-3001-ragged,1027,584,hid,R(O),G1,1-4-0,1136,552,0.5374878286270691,False,1-4-0,1056,472,False,80,cbda59bf81ff2a215d298273cb0bea292df44a50477f9aed80cf8176c3db5af2,a3e1695fec61965aac47360eca49f2ac7f5e61776dff2e25ea586fe828b780ff,e7b282e348f45464957f63866220f366065dd641da8cf547b87c0615b12c6e8a
confirmation-F03-4096-3000-base,4096,576,hid,R(O),G1,1-4-0,1336,760,0.185546875,False,1-4-0,1224,648,False,112,c929c27a67010f3d386ed1181c5691b7c5c961a77a6c627b3a4b1c904d7777ee,11e791e4c79738c9f07454a1ae83127157decf58edc5279aa8d6f1b7f6915762,373103dac22bf1365890fd144cdaf13d590ea1d23d3aa1c5dd28960e20af09b3
confirmation-F03-4096-3000-ragged,4099,576,hid,R(O),G1,1-4-0,1392,816,0.19907294462063918,False,1-4-2,1272,696,False,120,e2bf2f8fa67d7c9045733d00a17c3a23204be226e65cbd0d83f8af4fe122b215,c4eda9f2f40b812a556cbc44f870e311eddac238b21cb2e5fc693744bb971c59,eaf619f2d9b0bc9003e769f47a5048ffed7e78c22a55cd0e7b921a487fbbafc0
confirmation-F03-4096-3001-base,4096,576,hid,R(O),G1,1-4-0,1336,760,0.185546875,False,1-4-0,1216,640,False,120,9eac4fd93824e1f0ab21ff3e90e64dadcdc0f838157e411a4ff771caaf1dd5f0,2b4c13ca7e2da28a3acdbe56f9ac4d90fe2032b27a0947b0e57d4731e7721664,50495ee88fdeaa1d83a456199e52f1ea416ac2b21ac34d32a5d753be80dd0411
confirmation-F03-4096-3001-ragged,4099,576,hid,R(O),G1,1-4-0,1392,816,0.19907294462063918,False,1-4-0,1272,696,False,120,ccf11b07d8d6e2f9074a47146876380f342bf3a97446617209cc137994e34611,184545c642f6ecc370c4f46c4fcbdd5f488ddd94ca94c5dde573b0e17565c002,1b55a80ae9f5bc28d0eef8a9b191cf06d425255ff8c09300f87ef5a950d2ef16
confirmation-F04-1024-3000-base,1024,160,hid,R(O),G3,1-8-0,1120,960,0.9375,False,1-8-0,1016,856,False,104,c60e94c25de971e6a8a3f08e8fdd4e1d5ea1e76f3f6b10c90041e23ac9391702,faf71a6756d63e01936dee8d3ad348f297a879052b1765a45c2fa09149ccd97f,3bd9cf68db461d962bdead9b3565967b0a76563b02533df756516c746285169a
confirmation-F04-1024-3000-ragged,1027,160,hid,R(O),G3,1-8-0,1176,1016,0.9892891918208374,False,1-8-0,1072,912,False,104,dea86e6648409e0d50f2998df68fb2f6842c87536255a5fddf879f9e0e14c6f3,2292fcf0f8c053e98bde0f76b252784cad90ee36e19df648782569dfc909d893,bacf105bd1a832e54d636b28d7d98aee16ae3933321ff340809446c8cde521d5
confirmation-F04-1024-3001-base,1024,192,hid,R(O),G2,1-8-0,808,616,0.6015625,False,1-8-0,744,552,False,64,64134928773410cfedee24e0c02ab66b3f546382045c158388a415cb41cd7086,c383170cdfe465516532df20a45440f5be7dbc74ee1bf5fa2d3a0850b07d1dfb,9ee9bdcd2eac8ecfc6d023411d7af9be76ace2c9032eb2922903b49754a9789f
confirmation-F04-1024-3001-ragged,1027,192,hid,R(O),G2,1-8-0,864,672,0.6543330087633885,False,1-8-0,800,608,False,64,b758b2d5a5eaf3e8094582f89d559c02495091bf13c8fa10fb7c088c311a3698,d9353944634b2341ead9aa37990c0552a2c6f2c3f13fd200873a800799c400f2,a3531a01fbf1b8088d63daba4f15be55ec5e2505df06898103a8bb2a2f9b4de5
confirmation-F04-4096-3000-base,4096,176,hid,R(O),G1,1-4-0,4504,4328,1.056640625,False,1-4-0,4392,4216,False,112,86819e2a8b1bfc1e63f7dea50f8e1cfb191474c7a8518837fdbde20713a8b504,f2e3308d75c92bd8b6b5d4defd3860e2c01741b95809e70902a7fa2302dbac5c,f160a5ae0b8aad1e3508061f8e53aaad5e6f99240316d3400b92ae63229d0ece
confirmation-F04-4096-3000-ragged,4099,176,hid,R(O),G1,1-4-0,4560,4384,1.0695291534520615,False,1-4-0,4448,4272,False,112,e5de94f5b3bccbdc5dda8591c9e92516c1d1e3381c1eea692ec3fed855495246,1c946c07baa6c4d1d98ae5ec9cb76737b08a066321890de682d15b95f5b8e9fe,81d7010a09430c52260b20ce9df5e30e6873e312022985748daa5b1efa14bff3
confirmation-F04-4096-3001-base,4096,168,hid,R(O),G2,1-64-32,3280,3112,0.759765625,False,1-8-0,3336,3168,False,-56,8c67a366bcb406027709602755c35207ed99b1d76e20ccb827a6f039fbdf5069,a0cfb58e2c6439c1591712be4b39f6801d05c83cdf611ec46b04eb48263a1450,2cc7f0c0ebf5e32d9c746c417fd4fd7bd8289e1d0b2c339e6f610f9fe7d88be2
confirmation-F04-4096-3001-ragged,4099,168,hid,R(O),G2,1-64-32,3288,3120,0.7611612588436204,False,1-8-0,3392,3224,False,-104,a98432707a72cbe953c7ede3059cd9fbdf6100f2b4e7d92cc7a60c45f06284dd,09a8446b6bab2ecf575c1b9615129cc939cd79355a26d023cf3bc30c42f94145,beba2c5731f5e849c32467366ee56fdc142a18bf75b111e2061c494fbdef5632
confirmation-F05-1024-3000-base,1024,144,hid,R(O),G0,1-32-0,144,0,0.0,True,1-32-0,144,0,True,0,14e3276f50bf039ebfcd2d150b412e3bc5a7e2f316511ae6a4e5e935a2f8277b,14e3276f50bf039ebfcd2d150b412e3bc5a7e2f316511ae6a4e5e935a2f8277b,14e3276f50bf039ebfcd2d150b412e3bc5a7e2f316511ae6a4e5e935a2f8277b
confirmation-F05-1024-3000-ragged,1027,200,hid,R(O),G0,1-32-0,200,0,0.0,False,1-32-0,200,0,False,0,f4e94fa7817f1107575a360ecca012863607783eb197d21598f5a95a92a4e126,f4e94fa7817f1107575a360ecca012863607783eb197d21598f5a95a92a4e126,d474b7d7b1634d18df77a14eeb8766c006cb5d9129d3f0060e7c994a2cd4b6d1
confirmation-F05-1024-3001-base,1024,232,hid,R(P),G0,1-64-0,312,80,0.078125,False,1-8-0,304,72,False,8,6158b8378f4f1b579c6524a9415f2ad186be2cd75628394efead026d32db420c,3942095505dc676e8c02a3b542c92722121a3774459fac1c3cf5f81ef0cb88a4,8e58a883a617e8ac8f728f10a2cd4483a6232f37b1346276d646ce51877b93bc
confirmation-F05-1024-3001-ragged,1027,264,hid,R(P),G0,1-64-0,368,104,0.10126582278481013,False,1-8-0,360,96,False,8,bfcdd1e5f1b23c9d44333ab845875a9bf4b6a3a2f7b8ff67e7f544c09b8cb202,02d1c007249e1943fcdb49e8b23eda304acba83cceeb7d62a3d4b678ee942951,7ca5ba991de4b208d8b8cd87483319f0bb5bcb6f6c6b9e42800011cdd363248b
confirmation-F05-4096-3000-base,4096,168,hid,R(P),G2,1-64-0,256,88,0.021484375,False,1-32-0,288,120,False,-32,64a88930147c997eb84391366c52682ae434bb8a0a946efdd08cae821f1273d4,0a013ffbd023076e9cb1c9459d7e227995debda8a6e0a74b1e84149bd9ca8114,8fc8ea6c4e9811ba8741f2606b619bda9d40ed398c4ebb76ef996fe38bb1bb2c
confirmation-F05-4096-3000-ragged,4099,224,hid,R(P),G2,1-64-0,312,88,0.02146865089046109,False,1-32-0,344,120,False,-32,3bb7ab300d73bba8953f7d03fe5538242e04ec1976c0c0f69f193a4eaf9a7b7d,e149bf9e9d599f984cf9df25888426dfd2f1deb623d42ce9a3ed60dd4ec1df6b,d7a40b11f45654c11fb37a446f95b6a2ba0ae13737a0cdaf177ce086ecfa0410
confirmation-F05-4096-3001-base,4096,304,hid,R(P),G0,2-64-0,448,144,0.03515625,False,2-32-0,496,192,False,-48,8674fc03599a71c885b5fbc5ba0681fa0cbdc9e7d04d37a1998e9a94030e9621,5253ad3228887cbf4b699ca528ca309734a46926e1fd1213b11e0f0b324f03ca,776bdc5cd175badbb76d34f3f8dd0609cc20f1ebb312cc6df863a4aac60d2847
confirmation-F05-4096-3001-ragged,4099,336,hid,R(P),G0,2-64-0,504,168,0.040985606245425715,False,2-32-0,552,216,False,-48,508195e5efc8dfcce81d5d1d09093c5b907b757a8f1570d8ee0ea34b1b4e264f,fabee3da5720425835ed23a6fb7bb1f20388ec98ffffeddc9783390194597e59,3bdd5853997f888a48294e7e7e1f0bab4cb8ab17ec30cfa9c6fa0c3925b1b5f0
confirmation-F06-1024-3000-base,1024,472,hid,R(O),G0,1-64-0,1504,1032,1.0078125,False,1-64-0,1504,1032,False,0,7979b1482648f1b55ce17975039afb708116167de1f8b415d471642ae5f4f48d,7979b1482648f1b55ce17975039afb708116167de1f8b415d471642ae5f4f48d,1b85b17f4f3b63d77d3d0631b6158f75155ce5f0f955cc48656721ae9bf81958
confirmation-F06-1024-3000-ragged,1027,480,hid,R(O),G0,1-64-0,1560,1080,1.0516066212268744,False,1-64-0,1560,1080,False,0,0f87b9b47f0610c548065f98e7dbb783d916cca5b4ebacc39d58e6f09d80d310,0f87b9b47f0610c548065f98e7dbb783d916cca5b4ebacc39d58e6f09d80d310,93e48bbf1e87b8e3c6c729f5dbd4975f1d57b0d1076840a1858bfd5c01a3248d
confirmation-F06-1024-3001-base,1024,480,hid,R(O),G2,1-4-0,1048,568,0.5546875,False,1-4-0,952,472,False,96,ac2045e5468e853c120367616a55267a5f59e10d604de6c01a910fadc1c77fe9,719ad0bd26dfc50f8d3aa92ce33a9c798c6af9069b82d87666c6f24759209d7c,ad6f491efc1cda3a28b9d8d50f5a3238ca0e57d8216d67d4be0e118f70824fc7
confirmation-F06-1024-3001-ragged,1027,480,hid,R(O),G2,1-4-0,1112,632,0.6153846153846154,False,1-4-0,1008,528,False,104,0ad5e73b9abd8f43c182bfb8fb7337850b393d4d6d124b90b04605597ea5079c,814cd2f743445f33c402b344a19df4cd06524e964dd0734edc5d4340e677e349,ee2a7b60a5028fc9ca85022256fdf9c9a0d525205de2eef9fab3a60f65591854
confirmation-F06-4096-3000-base,4096,1288,hid,R(O),G1,1-4-0,5112,3824,0.93359375,False,1-4-0,4936,3648,False,176,42a55222ded71ada32e7b59c29eca9d54c1c11d7f7b58a4f4debcaa440ce2af7,038410f68714e2f94d0a4b17142283a5cc0ce08ce4f7372a1ca9828b1a90e374,164eefd1a9a9d72be5565a9806cba72d0d17f585a740734cfb048cf2c4f915d3
confirmation-F06-4096-3000-ragged,4099,1288,hid,R(O),G1,1-4-2,5160,3872,0.9446206391802878,False,1-4-0,4992,3704,False,168,7103fdfeebd8478a9123adfb3b8bf6223897f5f392eb52d902940395e0ea02e8,f77c1d8953e9a8b4bc6ddc641fda5e9db72800f0807b7c79a0a748d8d7bfee84,3c7e411e82c997e489915163ab514df2c110d63714e8879beacfb33f79bc6e06
confirmation-F06-4096-3001-base,4096,1264,hid,R(O),G1,1-4-0,4504,3240,0.791015625,False,1-4-0,4344,3080,False,160,56b2df45ea5557ed8d5a89642388c795b67d87740aa4ee2b2e96680a2f6df97a,c8d773e7eec5a294c7cab51326de730c2201aaca32f9a4de8b3b92d6f8ac83e3,2e0d65a2a6a07d602a16f7201bb837473eb79a8ba66492c6eceee96c84295a71
confirmation-F06-4096-3001-ragged,4099,1264,hid,R(O),G1,1-4-0,4560,3296,0.8040985606245425,False,1-4-0,4400,3136,False,160,8b48b946d2e67ff80e711782b18df1cd27469f42647f1745fdec5e712f34329d,e9dd19b7cb32ec7a62c1a679a8762cc345aacb0cbcf2548d10f4441c0652217d,b1a46e951588b6e51fc8ec65c04cb42d0219711e3d7e9c5beebeea06f79fdb82
confirmation-F07-1024-3000-base,1024,1096,raw,R(O),G0,1-64-0,1504,408,0.3984375,False,1-64-0,1504,408,False,0,77276b41c2f25447700e673d02327da70302e8dc1edf9027c578eb565190b40d,77276b41c2f25447700e673d02327da70302e8dc1edf9027c578eb565190b40d,1d2b893f3f5ebbf23713d196ad36b9313f7a29d9fceae5c721f8ef54d539ced9
confirmation-F07-1024-3000-ragged,1027,1104,raw,R(O),G0,1-64-0,1560,456,0.44401168451801365,False,1-64-0,1560,456,False,0,a3f645aa39428d1298f229d6cf8bd1575a4cfe867c0953497129927a8b705f68,a3f645aa39428d1298f229d6cf8bd1575a4cfe867c0953497129927a8b705f68,50e0d3a77000d7e6270878854768ec3a5753407343a991b014076b89ac2e75a9
confirmation-F07-1024-3001-base,1024,1096,raw,R(O),G0,1-64-0,1504,408,0.3984375,False,1-64-0,1504,408,False,0,57cd3fa5edb44533ede3948114349e018c74cfb5ae08cf092d370759ea1b672f,57cd3fa5edb44533ede3948114349e018c74cfb5ae08cf092d370759ea1b672f,5ec7447fb149fac7195a4979754179338aa48b18460a41c017b2b1cf1ee90697
confirmation-F07-1024-3001-ragged,1027,1104,raw,R(O),G0,1-64-0,1560,456,0.44401168451801365,False,1-64-0,1560,456,False,0,5865af861ecbacdf7d018a10d4b8ea7b183b7fbf6268d730602144b42cba9ab8,5865af861ecbacdf7d018a10d4b8ea7b183b7fbf6268d730602144b42cba9ab8,bf693ed923154f18aafd0270632f96e366c1975d6b004a7305003177f124fb31
confirmation-F07-4096-3000-base,4096,4168,raw,R(O),G0,1-64-0,5728,1560,0.380859375,False,1-64-0,5728,1560,False,0,73cacc209337b33c7863ce58023e2d67f2a06896e1fb113e1a2766fd582d7922,73cacc209337b33c7863ce58023e2d67f2a06896e1fb113e1a2766fd582d7922,6e7bb24700adfa1f44ec6bdcbe9b7dd24a04e63b18d128cd4c4d33267ae22aae
confirmation-F07-4096-3000-ragged,4099,4176,raw,R(O),G0,1-64-0,5784,1608,0.392290802634789,False,1-64-0,5784,1608,False,0,9e927f50ac290fef8ce9eec515e435c875b7fe6d901e99db7f743c8abae07c90,9e927f50ac290fef8ce9eec515e435c875b7fe6d901e99db7f743c8abae07c90,b2ccafdaeabc5b8685d0626d193e8fa91a100d554338d11f5eb860caec9558f3
confirmation-F07-4096-3001-base,4096,4168,raw,R(O),G0,1-64-0,5728,1560,0.380859375,False,1-64-0,5728,1560,False,0,b1bee4653bc6a54c5fb7d53624dd41b98d5c2fe88d5161f112f284fdb0a6f330,b1bee4653bc6a54c5fb7d53624dd41b98d5c2fe88d5161f112f284fdb0a6f330,cb280252c713baae976d4bdc27a571bf3c827851ff4d52e121b605a211901f93
confirmation-F07-4096-3001-ragged,4099,4176,raw,R(O),G0,1-64-0,5784,1608,0.392290802634789,False,1-64-0,5784,1608,False,0,64e592eaeb1ab49a0fb954fb3cf4bb0e06e1922a2054e0226bcef0e7f3fa72e6,64e592eaeb1ab49a0fb954fb3cf4bb0e06e1922a2054e0226bcef0e7f3fa72e6,0b789a0fc67b257156f064792e9da614fc27f50cc8d97131255ae5e683a6acfa
confirmation-F08-1024-3000-base,1024,1096,raw,R(O),G0,1-64-0,1512,416,0.40625,False,1-64-0,1504,408,False,8,a6dc1d41fc6444c46d896c05b8400ae91cf0e13dd728514ed337ffb08e7f84aa,5e5de0ac96e206048d8cee31bf2fc37e5da775b1a50f806285d7c8e9ac140550,216698ab37b05979021607a0939a1d656c2f19fb981b8e34248e73a8f948ad78
confirmation-F08-1024-3000-ragged,1027,1104,raw,R(O),G0,1-64-0,1568,464,0.45180136319376824,False,1-64-0,1560,456,False,8,e52a6f2bba10fd5b23b09b5d2810242ea1bac68480248faead1f26629b788d8e,9cc0b06150a825de241c6024ac47fd77e604a851a645459d077ef00f90210d3b,6f14bdf29e976215d622b259a546206f31a8253fa6112048d6b726d165768355
confirmation-F08-1024-3001-base,1024,1096,raw,R(O),G0,1-64-0,1568,472,0.4609375,False,1-64-0,1504,408,False,64,ca8d134c4208fc8c71e0811e752ec36cb4b8a4f755d24d07b90ea82f0de7d786,9321e019683ef7ec266e8e45a266b5473803b0ffd3a740e02ad3ec684fe4f118,9b83c88ad1282835b8d4aa5b828fc4bfa1dcce4458f7329e8b72f6934309736a
confirmation-F08-1024-3001-ragged,1027,1104,raw,R(O),G0,1-64-32,1600,496,0.48296007789678674,False,1-64-0,1560,456,False,40,0bc4c2e723e7f611264418577d22353b6c23401b2b4751523a62c22f4ded18b8,f86c4abb0b9cfd1be5ad87bc2bb007b65cbf9662e833ec04ac9582ab9713947a,0e89e4af6e9d732afb676310700451e185a37b23549b590bb515d7dabd6bf86e
confirmation-F08-4096-3000-base,4096,4168,raw,R(O),G1,1-4-0,5568,1400,0.341796875,False,1-8-4,5432,1264,False,136,66cfcd84e4c15c9575a24c11025d22dadce2c3732bb8b9465d2e07a517cfb219,0e273551b5274ba6e7726af7db6c16107c992e562969516c12f9878f84b57f61,bf77ea152903d8e8a6b977cff94e887b719c05edd2d088aad9a6e777591ab4bd
confirmation-F08-4096-3000-ragged,4099,4176,raw,R(O),G1,1-4-0,5624,1448,0.3532568919248597,False,1-8-4,5432,1256,False,192,763cbcaedb2e2c42cedbf6ef6773701ad935043730bf40b5fc0c998f76cf447e,53761c79276a3731cb69afdf0f826f2fd37a9a1c7b8a81945f0c379afb203373,b60e83a67edd3b105dfe2ec089aff7fabae2b902785a13b42ccdece0b9da241a
confirmation-F08-4096-3001-base,4096,4168,raw,R(O),G1,1-4-0,5664,1496,0.365234375,False,1-8-0,5456,1288,False,208,b22c5187a409ac7d0d91283df88cb83830b8099bb9243abd3c92328ea7963a6e,20e9be8b03025f8bc78af18b1d61332ca20ec9d298ea7141954f38618745be1b,68eada58d48980822da975c387081a0bd4dd765732665c459c3ad5bf24dc03bb
confirmation-F08-4096-3001-ragged,4099,4176,raw,R(O),G1,1-4-0,5720,1544,0.3766772383508173,False,1-8-0,5512,1336,False,208,c85c56eaf703cf9c85d267005b8588a17ccd7287f73d602ceca4326659dd716c,cc3fc41d2c08f7ea4a88c632155c99f19c66ba1cc285d8528639f7151007c4ab,2b84294fd02399140c3ee5ac7e5430614139253726aa1f037af5a98743002803
confirmation-F09-1024-3000-base,1024,920,hid,R(O),G0,1-4-0,1488,568,0.5546875,False,1-8-0,1392,472,False,96,6309ee2f875ee95f9ca90ba3e5c441e9d956ea5ae331d627891d48fcc34548f9,a3172a9d9f77963f6e15618bb99d6925481bb2fed37624e01f68e1a3d09983d2,93529cd4e9ddc0118d9c5f35e6c489a7eb40b5f993e04dd14c60fd25d1417494
confirmation-F09-1024-3000-ragged,1027,920,hid,R(O),G0,1-4-0,1544,624,0.6075949367088608,False,1-8-0,1448,528,False,96,71c70efc51a2d975dbeeb18391b32ca2406703bb3b2720c1cdb36aab11fc9670,4c2ec503676da2e2ed581dea649d0d54562b51b8f258e3cfae865a1815efffd5,792a2d3deeea8fdb90a14c5b7853041651d78f682a1cacf6bbbefe5a74d87ced
confirmation-F09-1024-3001-base,1024,1096,raw,R(O),G0,1-64-0,1504,408,0.3984375,False,1-64-0,1504,408,False,0,c41a5382966651e86e861b0c84b89e1dd33b5c0a43a85fa44e21b40c1e62c3bf,c41a5382966651e86e861b0c84b89e1dd33b5c0a43a85fa44e21b40c1e62c3bf,b9ba80eb7a0641db3ec2b42742b0b35bf0c0028379f7ff30fd51ff59faa3e2e8
confirmation-F09-1024-3001-ragged,1027,1104,raw,R(O),G0,1-64-0,1560,456,0.44401168451801365,False,1-64-0,1560,456,False,0,2f50470c2001b0af85e5854dca9a4760527d69824901e2047d281bad7e82230d,2f50470c2001b0af85e5854dca9a4760527d69824901e2047d281bad7e82230d,65f7d25eae2cd9fcf26465d40e3dba08067b25f8f91f28dc715c569f99989215
confirmation-F09-4096-3000-base,4096,3920,hid,R(O),G0,1-4-0,4240,320,0.078125,False,1-8-4,4024,104,False,216,0ba789cdbedd3bfd602146ab6dc4a3a6c030833041ea82558269cd1833dd9695,178ce5b482f4b7b34495fcc68be7fd50e427565e5b1c54aa8b785105b3591896,c035c2a236ef5928cbe6edea8f95f1056673372b42edf908da2ffd531a51a326
confirmation-F09-4096-3000-ragged,4099,3920,hid,R(O),G0,1-4-0,4296,376,0.09172969016833374,False,1-8-4,4048,128,False,248,9ebcb8d1d3d49041e812c6c325a3365caea7adaef8cce7471af9e7ff879aef45,2af1efc316afcbbb4ddaea73b9f50966206bdfdf2a33a631802a4f94e7a14b8e,0ed4512d60670e5d503df7f75c2b38ffcdacd3986c09ac9c3faafb0d52b2bacb
confirmation-F09-4096-3001-base,4096,4168,raw,R(O),G0,1-64-0,5728,1560,0.380859375,False,1-64-0,5728,1560,False,0,29dce583f20772bc37673d8d2c6d4a63c3e783e115a517c04a840dee4ca3f099,29dce583f20772bc37673d8d2c6d4a63c3e783e115a517c04a840dee4ca3f099,44a08fb660f7c9b2dc3077f1a2370f2ecd503076f0df87e2d52616ba5a8e0496
confirmation-F09-4096-3001-ragged,4099,4176,raw,R(O),G0,1-64-0,5784,1608,0.392290802634789,False,1-64-0,5784,1608,False,0,63984bb0295fd13169b03ec82dc6df6e94c2e0e3e373ba76f75ef060152097a6,63984bb0295fd13169b03ec82dc6df6e94c2e0e3e373ba76f75ef060152097a6,c567a4c24c83aab9aa0e7a291b919d8584f267833531afcd87d5945faff25ad2
confirmation-F10-1024-3000-base,1024,440,hid,R(O),G0,1-64-0,440,0,0.0,False,1-32-0,536,96,False,-96,5dc94f63285098347a01c6ee7a47872e992759eefd5aa153c9b7928fd7764d8e,3be99e55423ef320e3c912fa472d110bbf55b164016cee5aa08658dfd2c5c9c0,22184c41365ee7cfaae7014f07a33d339e59c3b3cdd21e34bcb227c590207ed1
confirmation-F10-1024-3000-ragged,1027,472,hid,R(O),G0,1-64-0,496,24,0.023369036027263874,False,1-32-0,592,120,False,-96,297bde07ebc506b0e9349d4d4eeab99c05564ce14cdcc0f62298c2570a23f792,17adb83053505df77e1dbfdfe30828392ee2b38a1e9c6d0ef74839645a16277a,7bfc1b3797673229cedbebce20c37c9ca933556b7d695f00eb99a157b9aaa18a
confirmation-F10-1024-3001-base,1024,440,hid,R(O),G0,1-64-0,440,0,0.0,False,1-32-0,536,96,False,-96,163f596bf590ca7dcf3e63467aef56c880399c32a27f29aa3af2058e500a5735,a99251a98cd8129f765d70437ed9c08b20522da2e2cf2a119eada4b17da893d4,619354285c4b72a4abbcee6d9107cce317105730bf69a210badef0b2c2957bfa
confirmation-F10-1024-3001-ragged,1027,472,hid,R(O),G0,1-64-0,496,24,0.023369036027263874,False,1-32-0,592,120,False,-96,e4818dacd9a217628b8d1e32e7cdf7fcf951a2197ab6625c6d8a7ddc2e7f7216,4f0e2dfc172ad0c26b24db60723019a7be9a82ef7ea696911bdbaa15d5af3ef5,2100eec52961e505e0eb96170980564b0c8394356ac79a8c59861b95c6ffbd25
confirmation-F10-4096-3000-base,4096,696,hid,R(O),G1,1-64-0,696,0,0.0,False,1-64-0,792,96,False,-96,62a35a23bb15652056dc31f909f7736117434ba133879be4741ef7c572cd05be,8726224481bdf2e1f61b3e784d66c31d0c243dd82aaa709db664e3dc4994cb5e,b263d341128592b21c991d9e9785b9ffca4c49ac637524a0a5d9d37184081c52
confirmation-F10-4096-3000-ragged,4099,728,hid,R(O),G1,1-64-0,752,24,0.005855086606489388,False,1-64-0,848,120,False,-96,a4ff4e36998e160235e0a201774d4cd5a867b5073ea9f3907fb28c72cd491f51,0efd745812cbc23454a34cd6a300718b90011ba95bba50190348205f56385a03,2bdad06997f1b58adda95224f3f17474b2b6578463a77deace3996a230fdf943
confirmation-F10-4096-3001-base,4096,688,hid,R(O),G1,1-64-0,688,0,0.0,False,1-32-0,760,72,False,-72,0e9494d77751e1573fbd21ebc04041ed56906dd0c967d0063f60a1653d61813c,4fc8625564995d14a0b9e5a0de846637b9eb49f76c0cf27f39b1e4799b651d56,34ce51887132bc20d80dc83d4d3ee7487850cb816ad75b8c98079b942a63d6f0
confirmation-F10-4096-3001-ragged,4099,720,hid,R(O),G1,1-64-0,744,24,0.005855086606489388,False,1-32-0,816,96,False,-72,b88ec424c991101071f0acb2ff19daff4d5b302202d4091f5be76c09811e654d,68737d4871f331a1158ed377c1034242a34f3c20e8c5b281923b64a9e16934c8,1c3e5d10f9963dd232ff8761e97617678f3af1d53a32245dc3a285f3395d027e
confirmation-F11-1024-3000-base,1024,1096,raw,R(O),G0,1-64-0,1504,408,0.3984375,False,1-64-0,1504,408,False,0,44bf62db3cb8e1d2131140f801a8b4100bbda9c780ea3814815d24cd9881ca90,44bf62db3cb8e1d2131140f801a8b4100bbda9c780ea3814815d24cd9881ca90,ea47bd8a7ca08c2ad159ba65566194a5e3e30e18394e1b1c6d6cbc33a3acdb25
confirmation-F11-1024-3000-ragged,1027,1104,raw,R(O),G0,1-64-0,1560,456,0.44401168451801365,False,1-64-0,1560,456,False,0,a587634b627d444c9d22db750fb391cba1fca23256d8ed3c97ec95b6caa2737f,a587634b627d444c9d22db750fb391cba1fca23256d8ed3c97ec95b6caa2737f,46b4105a39e72387a401f65cf08d3e29aaa32f54773ed0eb4ee42cf759313cf9
confirmation-F11-1024-3001-base,1024,1096,raw,R(O),G0,1-64-0,1504,408,0.3984375,False,1-64-0,1504,408,False,0,4c95bd5822e037b75ac7dab5c34553ce459557f4c98ad74a803f678b5be76a1c,4c95bd5822e037b75ac7dab5c34553ce459557f4c98ad74a803f678b5be76a1c,de86311a20f3ddc5ff8c15d3d6684f4bcf962f235a16c61457e3829d9f6c839b
confirmation-F11-1024-3001-ragged,1027,1104,raw,R(O),G0,1-64-0,1560,456,0.44401168451801365,False,1-64-0,1560,456,False,0,d51cac57279c42cb139b951f1e69ab0937e5c42ed86c576029bd05421780527a,d51cac57279c42cb139b951f1e69ab0937e5c42ed86c576029bd05421780527a,84ca09ee93383a5e38bb626f291f84c4aa122f620503434adf7984db2acd605a
confirmation-F11-4096-3000-base,4096,4168,raw,R(O),G0,1-64-0,5728,1560,0.380859375,False,1-64-0,5728,1560,False,0,34053994bda31f0f5007afeab62a18deaa9ead0aaf67a94bc2194e114083654e,34053994bda31f0f5007afeab62a18deaa9ead0aaf67a94bc2194e114083654e,935dd552e872e6ed60d784250087d9f1ae1e4ed39a1f64cb3203c7981b9838ac
confirmation-F11-4096-3000-ragged,4099,4176,raw,R(O),G0,1-64-0,5784,1608,0.392290802634789,False,1-64-0,5784,1608,False,0,33c98f0c45f052f67b1ae630bbb3cacd214a199d6c55f66ffdfc25de5a4fec87,33c98f0c45f052f67b1ae630bbb3cacd214a199d6c55f66ffdfc25de5a4fec87,31dd3d28d7d0ab2554411376c1e17203477a4aade368351320ac93b891ab9e8f
confirmation-F11-4096-3001-base,4096,4168,raw,R(O),G0,1-64-0,5728,1560,0.380859375,False,1-64-0,5728,1560,False,0,bd97dc5a10db2452b9eb24d6d59f97ac69b823351d14a24546ffa756844251f0,bd97dc5a10db2452b9eb24d6d59f97ac69b823351d14a24546ffa756844251f0,8a4ccaab49bba7a101b96085eec60ab4700597ea8df0b8ddcca4427e94ccf72b
confirmation-F11-4096-3001-ragged,4099,4176,raw,R(O),G0,1-64-0,5784,1608,0.392290802634789,False,1-64-0,5784,1608,False,0,90845ea4368bcb61be0abe22471b18b75787c6ac924abd12a1bbaf3d2d2182a8,90845ea4368bcb61be0abe22471b18b75787c6ac924abd12a1bbaf3d2d2182a8,3619d1fb4994ad6c5fb2ee5fb2944818ce857182a5ea7b33ac18fbe90304f44b
confirmation-F12-1024-3000-base,1024,928,hid,R(O),G0,1-64-0,1464,536,0.5234375,False,1-64-0,1424,496,False,40,bd802f2e263ff707ece6c643ffe6686a375b751d5905f99d26463d203f613445,51d4d412a603f8af3387ccf8c36d248125288b5726f2370a1b25c8836ea73628,f229af0d266abfae39b5ef3df168cbf92be38781fd1809ff7042824732ed9e70
confirmation-F12-1024-3000-ragged,1027,976,hid,R(O),G0,1-64-0,1520,544,0.5296981499513145,False,1-64-0,1480,504,False,40,5c220bc8cd3c2b366c2464006467cdbe66d5bd3718a5231101d7b501be64eab8,3e966ccc90e79d6daefe77caec4a3b67f62a20a4c77f6a9ce8fba033ced6d6cc,d81eb9705c34279afddd468d3d4f37a50574b373bc6889c439f48e24724df133
confirmation-F12-1024-3001-base,1024,944,hid,R(O),G0,1-64-0,1424,480,0.46875,False,1-64-0,1424,480,False,0,aa5733ad9d8389aafa286e4bc4625b7d7139ec4534a2906a822d2ae89b7b2ef4,aa5733ad9d8389aafa286e4bc4625b7d7139ec4534a2906a822d2ae89b7b2ef4,f5a1d67554689652649a7a442c87c8bab9e57ac838be166ef2e03610ded7603d
confirmation-F12-1024-3001-ragged,1027,976,hid,R(O),G0,1-64-0,1480,504,0.4907497565725414,False,1-64-0,1480,504,False,0,470102a4db35c6d96ed6188ddbd3734dfa785df79770dfb89605724f4dde1957,470102a4db35c6d96ed6188ddbd3734dfa785df79770dfb89605724f4dde1957,47f65a5589bb130ee640292a8660a22d85216eef9313aa0089298aa15eccaf90
confirmation-F12-4096-3000-base,4096,2384,hid,R(O),G0,1-64-0,4936,2552,0.623046875,False,1-4-0,4928,2544,False,8,d0c9331af7634e3e769db53b08a8b7d07d719a790667e1f21436b263adcd5300,0ed5a8313090feee9e36e325b55ab59077b4121bbfc488f044a62219fa565cf2,186881c086a322c71cffdd46fc0cc60c1e2616e4bdeea497c1b44a1833975362
confirmation-F12-4096-3000-ragged,4099,2296,hid,R(O),G0,1-64-0,4992,2696,0.6577213954623079,False,1-4-2,4952,2656,False,40,e6064d3e45236d50e0ae27ce0fe692b4a471d081f031c61fdf1f455cac5b412a,f1dc29ca2604be12d3cd64a20e663f2be07ee65a2846b60964ad89287c914f6b,ae0a45476ce8027ad8b2379c584449a40f710eea9b6a63e3e6128934d6d269e5
confirmation-F12-4096-3001-base,4096,2328,hid,R(O),G1,1-4-0,5144,2816,0.6875,False,1-64-0,4928,2600,False,216,8f34de84005b4963bc25b6fd1fac2b4a73a3489361196e6a912dae3f14bd6e24,7c6089597894ef44fd42466e7a3663055fcac2407cd3f0591d6252c65ba8996e,f8c5271f7ee5fd765936b8f95a5cc5a628b3a6976701aae9b0e2f38ede82b02c
confirmation-F12-4096-3001-ragged,4099,2296,hid,R(O),G1,1-4-0,5200,2904,0.7084654793852159,False,1-64-0,4984,2688,False,216,1c1c791f92775f4dc55fd2d213dbee188243df12a8d43aec5f15a0bef9a017cd,660b49c982527d374a8f60924aaa72baf09084ada310c9a161f4f391c2a78896,c7157e61acd3b69bc13eebe6f5a94ee1a3920586a37a42424c4f250ad9269c18
