address,y0,y1,y2,y3,y4,y5,y6,y7,y8,y9
0,0,0,0,0,0,0,0,0,0,0
1,0,1,0,0,0,1,0,0,0,0
2,0,0,1,0,0,0,0,0,0,0
3,0,1,1,0,0,1,0,0,0,0
4,0,0,0,0,0,0,0,0,0,0
5,0,1,0,1,0,1,0,0,0,0
6,0,0,1,0,0,0,0,0,0,0
7,0,1,1,1,0,1,0,0,0,0
8,0,0,0,0,1,0,1,0,0,0
9,0,1,0,0,1,1,1,0,0,0
10,0,0,1,0,1,0,1,0,0,0
11,0,1,1,0,1,1,1,0,0,0
12,0,0,0,0,1,0,1,0,0,0
13,0,1,0,1,1,1,1,0,0,0
14,0,0,1,0,1,0,1,0,0,0
15,0,1,1,1,1,1,1,0,0,0
16,0,0,0,0,0,1,0,0,0,0
17,0,1,0,0,0,0,0,0,0,0
18,0,0,1,0,0,1,0,0,0,0
19,0,1,1,0,0,0,0,0,0,0
20,0,0,0,0,0,1,0,0,0,0
21,0,1,0,1,0,0,0,0,0,0
22,0,0,1,0,0,1,0,0,0,0
23,0,1,1,1,0,0,0,0,0,0
24,0,0,0,0,1,1,1,0,0,0
25,0,1,0,0,1,0,1,0,0,0
26,0,0,1,0,1,1,1,0,0,0
27,0,1,1,0,1,0,1,0,0,0
28,0,0,0,0,1,1,1,0,0,0
29,0,1,0,1,1,0,1,0,0,0
30,0,0,1,0,1,1,1,0,0,0
31,0,1,1,1,1,0,1,0,0,0
32,1,0,0,0,0,0,1,0,0,0
33,1,1,0,0,0,1,1,0,0,0
34,1,0,1,0,0,0,1,0,0,0
35,1,1,1,0,0,1,1,0,0,0
36,1,0,0,0,0,0,1,0,0,0
37,1,1,0,1,0,1,1,0,0,0
38,1,0,1,0,0,0,1,0,0,0
39,1,1,1,1,0,1,1,0,0,0
40,1,0,0,0,1,0,1,0,0,0
41,1,1,0,0,1,1,1,0,0,0
42,1,0,1,0,1,0,1,0,0,0
43,1,1,1,0,1,1,1,0,0,0
44,1,0,0,0,1,0,1,0,0,0
45,1,1,0,1,1,1,1,0,0,0
46,1,0,1,0,1,0,1,0,0,0
47,1,1,1,1,1,1,1,0,0,0
48,1,0,0,0,0,1,1,0,0,0
49,1,1,0,0,0,0,1,0,0,0
50,1,0,1,0,0,1,1,0,0,0
51,1,1,1,0,0,0,1,0,0,0
52,1,0,0,0,0,1,1,0,0,0
53,1,1,0,1,0,0,1,0,0,0
54,1,0,1,0,0,1,1,0,0,0
55,1,1,1,1,0,0,1,0,0,0
56,1,0,0,0,1,1,1,0,0,0
57,1,1,0,0,1,0,1,0,0,0
58,1,0,1,0,1,1,1,0,0,0
59,1,1,1,0,1,0,1,0,0,0
60,1,0,0,0,1,1,1,0,0,0
61,1,1,0,1,1,0,1,0,0,0
62,1,0,1,0,1,1,1,0,0,0
63,1,1,1,1,1,0,1,0,0,0
64,0,0,0,0,0,0,0,1,0,1
65,0,1,0,0,0,1,0,1,0,1
66,0,0,1,0,0,0,0,1,0,1
67,0,1,1,0,0,1,0,1,0,1
68,0,0,0,0,0,0,0,1,0,1
69,0,1,0,1,0,1,0,1,0,1
70,0,0,1,0,0,0,0,1,0,1
71,0,1,1,1,0,1,0,1,0,1
72,0,0,0,0,1,0,1,1,0,1
73,0,1,0,0,1,1,1,1,0,1
74,0,0,1,0,1,0,1,1,0,1
75,0,1,1,0,1,1,1,1,0,1
76,0,0,0,0,1,0,1,1,0,1
77,0,1,0,1,1,1,1,1,0,1
78,0,0,1,0,1,0,1,1,0,1
79,0,1,1,1,1,1,1,1,0,1
80,0,0,0,0,0,1,0,1,0,1
81,0,1,0,0,0,0,0,1,0,1
82,0,0,1,0,0,1,0,1,0,1
83,0,1,1,0,0,0,0,1,0,1
84,0,0,0,0,0,1,0,1,0,1
85,0,1,0,1,0,0,0,1,0,1
86,0,0,1,0,0,1,0,1,0,1
87,0,1,1,1,0,0,0,1,0,1
88,0,0,0,0,1,1,1,1,0,1
89,0,1,0,0,1,0,1,1,0,1
90,0,0,1,0,1,1,1,1,0,1
91,0,1,1,0,1,0,1,1,0,1
92,0,0,0,0,1,1,1,1,0,1
93,0,1,0,1,1,0,1,1,0,1
94,0,0,1,0,1,1,1,1,0,1
95,0,1,1,1,1,0,1,1,0,1
96,1,0,0,0,0,0,1,1,0,1
97,1,1,0,0,0,1,1,1,0,1
98,1,0,1,0,0,0,1,1,0,1
99,1,1,1,0,0,1,1,1,0,1
100,1,0,0,0,0,0,1,1,0,1
101,1,1,0,1,0,1,1,1,0,1
102,1,0,1,0,0,0,1,1,0,1
103,1,1,1,1,0,1,1,1,0,1
104,1,0,0,0,1,0,1,1,0,1
105,1,1,0,0,1,1,1,1,0,1
106,1,0,1,0,1,0,1,1,0,1
107,1,1,1,0,1,1,1,1,0,1
108,1,0,0,0,1,0,1,1,0,1
109,1,1,0,1,1,1,1,1,0,1
110,1,0,1,0,1,0,1,1,0,1
111,1,1,1,1,1,1,1,1,0,1
112,1,0,0,0,0,1,1,1,0,1
113,1,1,0,0,0,0,1,1,0,1
114,1,0,1,0,0,1,1,1,0,1
115,1,1,1,0,0,0,1,1,0,1
116,1,0,0,0,0,1,1,1,0,1
117,1,1,0,1,0,0,1,1,0,1
118,1,0,1,0,0,1,1,1,0,1
119,1,1,1,1,0,0,1,1,0,1
120,1,0,0,0,1,1,1,1,0,1
121,1,1,0,0,1,0,1,1,0,1
122,1,0,1,0,1,1,1,1,0,1
123,1,1,1,0,1,0,1,1,0,1
124,1,0,0,0,1,1,1,1,0,1
125,1,1,0,1,1,0,1,1,0,1
126,1,0,1,0,1,1,1,1,0,1
127,1,1,1,1,1,0,1,1,0,1
128,1,0,0,0,0,0,0,0,1,0
129,1,1,0,0,0,1,0,0,1,0
130,1,0,1,0,0,0,0,0,1,0
131,1,1,1,0,0,1,0,0,1,0
132,1,0,0,0,0,0,0,0,1,0
133,1,1,0,1,0,1,0,0,1,0
134,1,0,1,0,0,0,0,0,1,0
135,1,1,1,1,0,1,0,0,1,0
136,1,0,0,0,1,0,1,0,1,0
137,1,1,0,0,1,1,1,0,1,0
138,1,0,1,0,1,0,1,0,1,0
139,1,1,1,0,1,1,1,0,1,0
140,1,0,0,0,1,0,1,0,1,0
141,1,1,0,1,1,1,1,0,1,0
142,1,0,1,0,1,0,1,0,1,0
143,1,1,1,1,1,1,1,0,1,0
144,1,0,0,0,0,1,0,0,1,0
145,1,1,0,0,0,0,0,0,1,0
146,1,0,1,0,0,1,0,0,1,0
147,1,1,1,0,0,0,0,0,1,0
148,1,0,0,0,0,1,0,0,1,0
149,1,1,0,1,0,0,0,0,1,0
150,1,0,1,0,0,1,0,0,1,0
151,1,1,1,1,0,0,0,0,1,0
152,1,0,0,0,1,1,1,0,1,0
153,1,1,0,0,1,0,1,0,1,0
154,1,0,1,0,1,1,1,0,1,0
155,1,1,1,0,1,0,1,0,1,0
156,1,0,0,0,1,1,1,0,1,0
157,1,1,0,1,1,0,1,0,1,0
158,1,0,1,0,1,1,1,0,1,0
159,1,1,1,1,1,0,1,0,1,0
160,0,0,0,0,0,0,1,0,1,0
161,0,1,0,0,0,1,1,0,1,0
162,0,0,1,0,0,0,1,0,1,0
163,0,1,1,0,0,1,1,0,1,0
164,0,0,0,0,0,0,1,0,1,0
165,0,1,0,1,0,1,1,0,1,0
166,0,0,1,0,0,0,1,0,1,0
167,0,1,1,1,0,1,1,0,1,0
168,0,0,0,0,1,0,1,0,1,0
169,0,1,0,0,1,1,1,0,1,0
170,0,0,1,0,1,0,1,0,1,0
171,0,1,1,0,1,1,1,0,1,0
172,0,0,0,0,1,0,1,0,1,0
173,0,1,0,1,1,1,1,0,1,0
174,0,0,1,0,1,0,1,0,1,0
175,0,1,1,1,1,1,1,0,1,0
176,0,0,0,0,0,1,1,0,1,0
177,0,1,0,0,0,0,1,0,1,0
178,0,0,1,0,0,1,1,0,1,0
179,0,1,1,0,0,0,1,0,1,0
180,0,0,0,0,0,1,1,0,1,0
181,0,1,0,1,0,0,1,0,1,0
182,0,0,1,0,0,1,1,0,1,0
183,0,1,1,1,0,0,1,0,1,0
184,0,0,0,0,1,1,1,0,1,0
185,0,1,0,0,1,0,1,0,1,0
186,0,0,1,0,1,1,1,0,1,0
187,0,1,1,0,1,0,1,0,1,0
188,0,0,0,0,1,1,1,0,1,0
189,0,1,0,1,1,0,1,0,1,0
190,0,0,1,0,1,1,1,0,1,0
191,0,1,1,1,1,0,1,0,1,0
192,1,0,0,0,0,0,0,1,1,1
193,1,1,0,0,0,1,0,1,1,1
194,1,0,1,0,0,0,0,1,1,1
195,1,1,1,0,0,1,0,1,1,1
196,1,0,0,0,0,0,0,1,1,1
197,1,1,0,1,0,1,0,1,1,1
198,1,0,1,0,0,0,0,1,1,1
199,1,1,1,1,0,1,0,1,1,1
200,1,0,0,0,1,0,1,1,1,1
201,1,1,0,0,1,1,1,1,1,1
202,1,0,1,0,1,0,1,1,1,1
203,1,1,1,0,1,1,1,1,1,1
204,1,0,0,0,1,0,1,1,1,1
205,1,1,0,1,1,1,1,1,1,1
206,1,0,1,0,1,0,1,1,1,1
207,1,1,1,1,1,1,1,1,1,1
208,1,0,0,0,0,1,0,1,1,1
209,1,1,0,0,0,0,0,1,1,1
210,1,0,1,0,0,1,0,1,1,1
211,1,1,1,0,0,0,0,1,1,1
212,1,0,0,0,0,1,0,1,1,1
213,1,1,0,1,0,0,0,1,1,1
214,1,0,1,0,0,1,0,1,1,1
215,1,1,1,1,0,0,0,1,1,1
216,1,0,0,0,1,1,1,1,1,1
217,1,1,0,0,1,0,1,1,1,1
218,1,0,1,0,1,1,1,1,1,1
219,1,1,1,0,1,0,1,1,1,1
220,1,0,0,0,1,1,1,1,1,1
221,1,1,0,1,1,0,1,1,1,1
222,1,0,1,0,1,1,1,1,1,1
223,1,1,1,1,1,0,1,1,1,1
224,0,0,0,0,0,0,1,1,1,1
225,0,1,0,0,0,1,1,1,1,1
226,0,0,1,0,0,0,1,1,1,1
227,0,1,1,0,0,1,1,1,1,1
228,0,0,0,0,0,0,1,1,1,1
229,0,1,0,1,0,1,1,1,1,1
230,0,0,1,0,0,0,1,1,1,1
231,0,1,1,1,0,1,1,1,1,1
232,0,0,0,0,1,0,1,1,1,1
233,0,1,0,0,1,1,1,1,1,1
234,0,0,1,0,1,0,1,1,1,1
235,0,1,1,0,1,1,1,1,1,1
236,0,0,0,0,1,0,1,1,1,1
237,0,1,0,1,1,1,1,1,1,1
238,0,0,1,0,1,0,1,1,1,1
239,0,1,1,1,1,1,1,1,1,1
240,0,0,0,0,0,1,1,1,1,1
241,0,1,0,0,0,0,1,1,1,1
242,0,0,1,0,0,1,1,1,1,1
243,0,1,1,0,0,0,1,1,1,1
244,0,0,0,0,0,1,1,1,1,1
245,0,1,0,1,0,0,1,1,1,1
246,0,0,1,0,0,1,1,1,1,1
247,0,1,1,1,0,0,1,1,1,1
248,0,0,0,0,1,1,1,1,1,1
249,0,1,0,0,1,0,1,1,1,1
250,0,0,1,0,1,1,1,1,1,1
251,0,1,1,0,1,0,1,1,1,1
252,0,0,0,0,1,1,1,1,1,1
253,0,1,0,1,1,0,1,1,1,1
254,0,0,1,0,1,1,1,1,1,1
255,0,1,1,1,1,0,1,1,1,1
256,0,0,0,0,0,0,0,0,0,1
257,0,1,0,0,0,1,0,0,0,1
258,0,0,1,0,0,0,0,0,0,1
259,0,1,1,0,0,1,0,0,0,1
260,0,0,0,0,0,0,0,0,0,1
261,0,1,0,1,0,1,0,0,0,1
262,0,0,1,0,0,0,0,0,0,1
263,0,1,1,1,0,1,0,0,0,1
264,0,0,0,0,1,0,1,0,0,1
265,0,1,0,0,1,1,1,0,0,1
266,0,0,1,0,1,0,1,0,0,1
267,0,1,1,0,1,1,1,0,0,1
268,0,0,0,0,1,0,1,0,0,1
269,0,1,0,1,1,1,1,0,0,1
270,0,0,1,0,1,0,1,0,0,1
271,0,1,1,1,1,1,1,0,0,1
272,0,0,0,0,0,1,0,0,0,1
273,0,1,0,0,0,0,0,0,0,1
274,0,0,1,0,0,1,0,0,0,1
275,0,1,1,0,0,0,0,0,0,1
276,0,0,0,0,0,1,0,0,0,1
277,0,1,0,1,0,0,0,0,0,1
278,0,0,1,0,0,1,0,0,0,1
279,0,1,1,1,0,0,0,0,0,1
280,0,0,0,0,1,1,1,0,0,1
281,0,1,0,0,1,0,1,0,0,1
282,0,0,1,0,1,1,1,0,0,1
283,0,1,1,0,1,0,1,0,0,1
284,0,0,0,0,1,1,1,0,0,1
285,0,1,0,1,1,0,1,0,0,1
286,0,0,1,0,1,1,1,0,0,1
287,0,1,1,1,1,0,1,0,0,1
288,1,0,0,0,0,0,1,0,0,1
289,1,1,0,0,0,1,1,0,0,1
290,1,0,1,0,0,0,1,0,0,1
291,1,1,1,0,0,1,1,0,0,1
292,1,0,0,0,0,0,1,0,0,1
293,1,1,0,1,0,1,1,0,0,1
294,1,0,1,0,0,0,1,0,0,1
295,1,1,1,1,0,1,1,0,0,1
296,1,0,0,0,1,0,1,0,0,1
297,1,1,0,0,1,1,1,0,0,1
298,1,0,1,0,1,0,1,0,0,1
299,1,1,1,0,1,1,1,0,0,1
300,1,0,0,0,1,0,1,0,0,1
301,1,1,0,1,1,1,1,0,0,1
302,1,0,1,0,1,0,1,0,0,1
303,1,1,1,1,1,1,1,0,0,1
304,1,0,0,0,0,1,1,0,0,1
305,1,1,0,0,0,0,1,0,0,1
306,1,0,1,0,0,1,1,0,0,1
307,1,1,1,0,0,0,1,0,0,1
308,1,0,0,0,0,1,1,0,0,1
309,1,1,0,1,0,0,1,0,0,1
310,1,0,1,0,0,1,1,0,0,1
311,1,1,1,1,0,0,1,0,0,1
312,1,0,0,0,1,1,1,0,0,1
313,1,1,0,0,1,0,1,0,0,1
314,1,0,1,0,1,1,1,0,0,1
315,1,1,1,0,1,0,1,0,0,1
316,1,0,0,0,1,1,1,0,0,1
317,1,1,0,1,1,0,1,0,0,1
318,1,0,1,0,1,1,1,0,0,1
319,1,1,1,1,1,0,1,0,0,1
320,0,0,0,0,0,0,0,1,0,1
321,0,1,0,0,0,1,0,1,0,1
322,0,0,1,0,0,0,0,1,0,1
323,0,1,1,0,0,1,0,1,0,1
324,0,0,0,0,0,0,0,1,0,1
325,0,1,0,1,0,1,0,1,0,1
326,0,0,1,0,0,0,0,1,0,1
327,0,1,1,1,0,1,0,1,0,1
328,0,0,0,0,1,0,1,1,0,1
329,0,1,0,0,1,1,1,1,0,1
330,0,0,1,0,1,0,1,1,0,1
331,0,1,1,0,1,1,1,1,0,1
332,0,0,0,0,1,0,1,1,0,1
333,0,1,0,1,1,1,1,1,0,1
334,0,0,1,0,1,0,1,1,0,1
335,0,1,1,1,1,1,1,1,0,1
336,0,0,0,0,0,1,0,1,0,1
337,0,1,0,0,0,0,0,1,0,1
338,0,0,1,0,0,1,0,1,0,1
339,0,1,1,0,0,0,0,1,0,1
340,0,0,0,0,0,1,0,1,0,1
341,0,1,0,1,0,0,0,1,0,1
342,0,0,1,0,0,1,0,1,0,1
343,0,1,1,1,0,0,0,1,0,1
344,0,0,0,0,1,1,1,1,0,1
345,0,1,0,0,1,0,1,1,0,1
346,0,0,1,0,1,1,1,1,0,1
347,0,1,1,0,1,0,1,1,0,1
348,0,0,0,0,1,1,1,1,0,1
349,0,1,0,1,1,0,1,1,0,1
350,0,0,1,0,1,1,1,1,0,1
351,0,1,1,1,1,0,1,1,0,1
352,1,0,0,0,0,0,1,1,0,1
353,1,1,0,0,0,1,1,1,0,1
354,1,0,1,0,0,0,1,1,0,1
355,1,1,1,0,0,1,1,1,0,1
356,1,0,0,0,0,0,1,1,0,1
357,1,1,0,1,0,1,1,1,0,1
358,1,0,1,0,0,0,1,1,0,1
359,1,1,1,1,0,1,1,1,0,1
360,1,0,0,0,1,0,1,1,0,1
361,1,1,0,0,1,1,1,1,0,1
362,1,0,1,0,1,0,1,1,0,1
363,1,1,1,0,1,1,1,1,0,1
364,1,0,0,0,1,0,1,1,0,1
365,1,1,0,1,1,1,1,1,0,1
366,1,0,1,0,1,0,1,1,0,1
367,1,1,1,1,1,1,1,1,0,1
368,1,0,0,0,0,1,1,1,0,1
369,1,1,0,0,0,0,1,1,0,1
370,1,0,1,0,0,1,1,1,0,1
371,1,1,1,0,0,0,1,1,0,1
372,1,0,0,0,0,1,1,1,0,1
373,1,1,0,1,0,0,1,1,0,1
374,1,0,1,0,0,1,1,1,0,1
375,1,1,1,1,0,0,1,1,0,1
376,1,0,0,0,1,1,1,1,0,1
377,1,1,0,0,1,0,1,1,0,1
378,1,0,1,0,1,1,1,1,0,1
379,1,1,1,0,1,0,1,1,0,1
380,1,0,0,0,1,1,1,1,0,1
381,1,1,0,1,1,0,1,1,0,1
382,1,0,1,0,1,1,1,1,0,1
383,1,1,1,1,1,0,1,1,0,1
384,1,0,0,0,0,0,0,0,1,1
385,1,1,0,0,0,1,0,0,1,1
386,1,0,1,0,0,0,0,0,1,1
387,1,1,1,0,0,1,0,0,1,1
388,1,0,0,0,0,0,0,0,1,1
389,1,1,0,1,0,1,0,0,1,1
390,1,0,1,0,0,0,0,0,1,1
391,1,1,1,1,0,1,0,0,1,1
392,1,0,0,0,1,0,1,0,1,1
393,1,1,0,0,1,1,1,0,1,1
394,1,0,1,0,1,0,1,0,1,1
395,1,1,1,0,1,1,1,0,1,1
396,1,0,0,0,1,0,1,0,1,1
397,1,1,0,1,1,1,1,0,1,1
398,1,0,1,0,1,0,1,0,1,1
399,1,1,1,1,1,1,1,0,1,1
400,1,0,0,0,0,1,0,0,1,1
401,1,1,0,0,0,0,0,0,1,1
402,1,0,1,0,0,1,0,0,1,1
403,1,1,1,0,0,0,0,0,1,1
404,1,0,0,0,0,1,0,0,1,1
405,1,1,0,1,0,0,0,0,1,1
406,1,0,1,0,0,1,0,0,1,1
407,1,1,1,1,0,0,0,0,1,1
408,1,0,0,0,1,1,1,0,1,1
409,1,1,0,0,1,0,1,0,1,1
410,1,0,1,0,1,1,1,0,1,1
411,1,1,1,0,1,0,1,0,1,1
412,1,0,0,0,1,1,1,0,1,1
413,1,1,0,1,1,0,1,0,1,1
414,1,0,1,0,1,1,1,0,1,1
415,1,1,1,1,1,0,1,0,1,1
416,0,0,0,0,0,0,1,0,1,1
417,0,1,0,0,0,1,1,0,1,1
418,0,0,1,0,0,0,1,0,1,1
419,0,1,1,0,0,1,1,0,1,1
420,0,0,0,0,0,0,1,0,1,1
421,0,1,0,1,0,1,1,0,1,1
422,0,0,1,0,0,0,1,0,1,1
423,0,1,1,1,0,1,1,0,1,1
424,0,0,0,0,1,0,1,0,1,1
425,0,1,0,0,1,1,1,0,1,1
426,0,0,1,0,1,0,1,0,1,1
427,0,1,1,0,1,1,1,0,1,1
428,0,0,0,0,1,0,1,0,1,1
429,0,1,0,1,1,1,1,0,1,1
430,0,0,1,0,1,0,1,0,1,1
431,0,1,1,1,1,1,1,0,1,1
432,0,0,0,0,0,1,1,0,1,1
433,0,1,0,0,0,0,1,0,1,1
434,0,0,1,0,0,1,1,0,1,1
435,0,1,1,0,0,0,1,0,1,1
436,0,0,0,0,0,1,1,0,1,1
437,0,1,0,1,0,0,1,0,1,1
438,0,0,1,0,0,1,1,0,1,1
439,0,1,1,1,0,0,1,0,1,1
440,0,0,0,0,1,1,1,0,1,1
441,0,1,0,0,1,0,1,0,1,1
442,0,0,1,0,1,1,1,0,1,1
443,0,1,1,0,1,0,1,0,1,1
444,0,0,0,0,1,1,1,0,1,1
445,0,1,0,1,1,0,1,0,1,1
446,0,0,1,0,1,1,1,0,1,1
447,0,1,1,1,1,0,1,0,1,1
448,1,0,0,0,0,0,0,1,1,1
449,1,1,0,0,0,1,0,1,1,1
450,1,0,1,0,0,0,0,1,1,1
451,1,1,1,0,0,1,0,1,1,1
452,1,0,0,0,0,0,0,1,1,1
453,1,1,0,1,0,1,0,1,1,1
454,1,0,1,0,0,0,0,1,1,1
455,1,1,1,1,0,1,0,1,1,1
456,1,0,0,0,1,0,1,1,1,1
457,1,1,0,0,1,1,1,1,1,1
458,1,0,1,0,1,0,1,1,1,1
459,1,1,1,0,1,1,1,1,1,1
460,1,0,0,0,1,0,1,1,1,1
461,1,1,0,1,1,1,1,1,1,1
462,1,0,1,0,1,0,1,1,1,1
463,1,1,1,1,1,1,1,1,1,1
464,1,0,0,0,0,1,0,1,1,1
465,1,1,0,0,0,0,0,1,1,1
466,1,0,1,0,0,1,0,1,1,1
467,1,1,1,0,0,0,0,1,1,1
468,1,0,0,0,0,1,0,1,1,1
469,1,1,0,1,0,0,0,1,1,1
470,1,0,1,0,0,1,0,1,1,1
471,1,1,1,1,0,0,0,1,1,1
472,1,0,0,0,1,1,1,1,1,1
473,1,1,0,0,1,0,1,1,1,1
474,1,0,1,0,1,1,1,1,1,1
475,1,1,1,0,1,0,1,1,1,1
476,1,0,0,0,1,1,1,1,1,1
477,1,1,0,1,1,0,1,1,1,1
478,1,0,1,0,1,1,1,1,1,1
479,1,1,1,1,1,0,1,1,1,1
480,0,0,0,0,0,0,1,1,1,1
481,0,1,0,0,0,1,1,1,1,1
482,0,0,1,0,0,0,1,1,1,1
483,0,1,1,0,0,1,1,1,1,1
484,0,0,0,0,0,0,1,1,1,1
485,0,1,0,1,0,1,1,1,1,1
486,0,0,1,0,0,0,1,1,1,1
487,0,1,1,1,0,1,1,1,1,1
488,0,0,0,0,1,0,1,1,1,1
489,0,1,0,0,1,1,1,1,1,1
490,0,0,1,0,1,0,1,1,1,1
491,0,1,1,0,1,1,1,1,1,1
492,0,0,0,0,1,0,1,1,1,1
493,0,1,0,1,1,1,1,1,1,1
494,0,0,1,0,1,0,1,1,1,1
495,0,1,1,1,1,1,1,1,1,1
496,0,0,0,0,0,1,1,1,1,1
497,0,1,0,0,0,0,1,1,1,1
498,0,0,1,0,0,1,1,1,1,1
499,0,1,1,0,0,0,1,1,1,1
500,0,0,0,0,0,1,1,1,1,1
501,0,1,0,1,0,0,1,1,1,1
502,0,0,1,0,0,1,1,1,1,1
503,0,1,1,1,0,0,1,1,1,1
504,0,0,0,0,1,1,1,1,1,1
505,0,1,0,0,1,0,1,1,1,1
506,0,0,1,0,1,1,1,1,1,1
507,0,1,1,0,1,0,1,1,1,1
508,0,0,0,0,1,1,1,1,1,1
509,0,1,0,1,1,0,1,1,1,1
510,0,0,1,0,1,1,1,1,1,1
511,0,1,1,1,1,0,1,1,1,1
512,1,0,0,0,0,0,0,0,0,0
513,1,1,0,0,0,1,0,0,0,0
514,1,0,1,0,0,0,0,0,0,0
515,1,1,1,0,0,1,0,0,0,0
516,1,0,0,0,0,0,0,0,0,0
517,1,1,0,1,0,1,0,0,0,0
518,1,0,1,0,0,0,0,0,0,0
519,1,1,1,1,0,1,0,0,0,0
520,1,0,0,0,1,0,1,0,0,0
521,1,1,0,0,1,1,1,0,0,0
522,1,0,1,0,1,0,1,0,0,0
523,1,1,1,0,1,1,1,0,0,0
524,1,0,0,0,1,0,1,0,0,0
525,1,1,0,1,1,1,1,0,0,0
526,1,0,1,0,1,0,1,0,0,0
527,1,1,1,1,1,1,1,0,0,0
528,1,0,0,0,0,1,0,0,0,0
529,1,1,0,0,0,0,0,0,0,0
530,1,0,1,0,0,1,0,0,0,0
531,1,1,1,0,0,0,0,0,0,0
532,1,0,0,0,0,1,0,0,0,0
533,1,1,0,1,0,0,0,0,0,0
534,1,0,1,0,0,1,0,0,0,0
535,1,1,1,1,0,0,0,0,0,0
536,1,0,0,0,1,1,1,0,0,0
537,1,1,0,0,1,0,1,0,0,0
538,1,0,1,0,1,1,1,0,0,0
539,1,1,1,0,1,0,1,0,0,0
540,1,0,0,0,1,1,1,0,0,0
541,1,1,0,1,1,0,1,0,0,0
542,1,0,1,0,1,1,1,0,0,0
543,1,1,1,1,1,0,1,0,0,0
544,0,0,0,0,0,0,1,0,0,0
545,0,1,0,0,0,1,1,0,0,0
546,0,0,1,0,0,0,1,0,0,0
547,0,1,1,0,0,1,1,0,0,0
548,0,0,0,0,0,0,1,0,0,0
549,0,1,0,1,0,1,1,0,0,0
550,0,0,1,0,0,0,1,0,0,0
551,0,1,1,1,0,1,1,0,0,0
552,0,0,0,0,1,0,1,0,0,0
553,0,1,0,0,1,1,1,0,0,0
554,0,0,1,0,1,0,1,0,0,0
555,0,1,1,0,1,1,1,0,0,0
556,0,0,0,0,1,0,1,0,0,0
557,0,1,0,1,1,1,1,0,0,0
558,0,0,1,0,1,0,1,0,0,0
559,0,1,1,1,1,1,1,0,0,0
560,0,0,0,0,0,1,1,0,0,0
561,0,1,0,0,0,0,1,0,0,0
562,0,0,1,0,0,1,1,0,0,0
563,0,1,1,0,0,0,1,0,0,0
564,0,0,0,0,0,1,1,0,0,0
565,0,1,0,1,0,0,1,0,0,0
566,0,0,1,0,0,1,1,0,0,0
567,0,1,1,1,0,0,1,0,0,0
568,0,0,0,0,1,1,1,0,0,0
569,0,1,0,0,1,0,1,0,0,0
570,0,0,1,0,1,1,1,0,0,0
571,0,1,1,0,1,0,1,0,0,0
572,0,0,0,0,1,1,1,0,0,0
573,0,1,0,1,1,0,1,0,0,0
574,0,0,1,0,1,1,1,0,0,0
575,0,1,1,1,1,0,1,0,0,0
576,1,0,0,0,0,0,0,1,0,1
577,1,1,0,0,0,1,0,1,0,1
578,1,0,1,0,0,0,0,1,0,1
579,1,1,1,0,0,1,0,1,0,1
580,1,0,0,0,0,0,0,1,0,1
581,1,1,0,1,0,1,0,1,0,1
582,1,0,1,0,0,0,0,1,0,1
583,1,1,1,1,0,1,0,1,0,1
584,1,0,0,0,1,0,1,1,0,1
585,1,1,0,0,1,1,1,1,0,1
586,1,0,1,0,1,0,1,1,0,1
587,1,1,1,0,1,1,1,1,0,1
588,1,0,0,0,1,0,1,1,0,1
589,1,1,0,1,1,1,1,1,0,1
590,1,0,1,0,1,0,1,1,0,1
591,1,1,1,1,1,1,1,1,0,1
592,1,0,0,0,0,1,0,1,0,1
593,1,1,0,0,0,0,0,1,0,1
594,1,0,1,0,0,1,0,1,0,1
595,1,1,1,0,0,0,0,1,0,1
596,1,0,0,0,0,1,0,1,0,1
597,1,1,0,1,0,0,0,1,0,1
598,1,0,1,0,0,1,0,1,0,1
599,1,1,1,1,0,0,0,1,0,1
600,1,0,0,0,1,1,1,1,0,1
601,1,1,0,0,1,0,1,1,0,1
602,1,0,1,0,1,1,1,1,0,1
603,1,1,1,0,1,0,1,1,0,1
604,1,0,0,0,1,1,1,1,0,1
605,1,1,0,1,1,0,1,1,0,1
606,1,0,1,0,1,1,1,1,0,1
607,1,1,1,1,1,0,1,1,0,1
608,0,0,0,0,0,0,1,1,0,1
609,0,1,0,0,0,1,1,1,0,1
610,0,0,1,0,0,0,1,1,0,1
611,0,1,1,0,0,1,1,1,0,1
612,0,0,0,0,0,0,1,1,0,1
613,0,1,0,1,0,1,1,1,0,1
614,0,0,1,0,0,0,1,1,0,1
615,0,1,1,1,0,1,1,1,0,1
616,0,0,0,0,1,0,1,1,0,1
617,0,1,0,0,1,1,1,1,0,1
618,0,0,1,0,1,0,1,1,0,1
619,0,1,1,0,1,1,1,1,0,1
620,0,0,0,0,1,0,1,1,0,1
621,0,1,0,1,1,1,1,1,0,1
622,0,0,1,0,1,0,1,1,0,1
623,0,1,1,1,1,1,1,1,0,1
624,0,0,0,0,0,1,1,1,0,1
625,0,1,0,0,0,0,1,1,0,1
626,0,0,1,0,0,1,1,1,0,1
627,0,1,1,0,0,0,1,1,0,1
628,0,0,0,0,0,1,1,1,0,1
629,0,1,0,1,0,0,1,1,0,1
630,0,0,1,0,0,1,1,1,0,1
631,0,1,1,1,0,0,1,1,0,1
632,0,0,0,0,1,1,1,1,0,1
633,0,1,0,0,1,0,1,1,0,1
634,0,0,1,0,1,1,1,1,0,1
635,0,1,1,0,1,0,1,1,0,1
636,0,0,0,0,1,1,1,1,0,1
637,0,1,0,1,1,0,1,1,0,1
638,0,0,1,0,1,1,1,1,0,1
639,0,1,1,1,1,0,1,1,0,1
640,0,0,0,0,0,0,0,0,1,0
641,0,1,0,0,0,1,0,0,1,0
642,0,0,1,0,0,0,0,0,1,0
643,0,1,1,0,0,1,0,0,1,0
644,0,0,0,0,0,0,0,0,1,0
645,0,1,0,1,0,1,0,0,1,0
646,0,0,1,0,0,0,0,0,1,0
647,0,1,1,1,0,1,0,0,1,0
648,0,0,0,0,1,0,1,0,1,0
649,0,1,0,0,1,1,1,0,1,0
650,0,0,1,0,1,0,1,0,1,0
651,0,1,1,0,1,1,1,0,1,0
652,0,0,0,0,1,0,1,0,1,0
653,0,1,0,1,1,1,1,0,1,0
654,0,0,1,0,1,0,1,0,1,0
655,0,1,1,1,1,1,1,0,1,0
656,0,0,0,0,0,1,0,0,1,0
657,0,1,0,0,0,0,0,0,1,0
658,0,0,1,0,0,1,0,0,1,0
659,0,1,1,0,0,0,0,0,1,0
660,0,0,0,0,0,1,0,0,1,0
661,0,1,0,1,0,0,0,0,1,0
662,0,0,1,0,0,1,0,0,1,0
663,0,1,1,1,0,0,0,0,1,0
664,0,0,0,0,1,1,1,0,1,0
665,0,1,0,0,1,0,1,0,1,0
666,0,0,1,0,1,1,1,0,1,0
667,0,1,1,0,1,0,1,0,1,0
668,0,0,0,0,1,1,1,0,1,0
669,0,1,0,1,1,0,1,0,1,0
670,0,0,1,0,1,1,1,0,1,0
671,0,1,1,1,1,0,1,0,1,0
672,1,0,0,0,0,0,1,0,1,0
673,1,1,0,0,0,1,1,0,1,0
674,1,0,1,0,0,0,1,0,1,0
675,1,1,1,0,0,1,1,0,1,0
676,1,0,0,0,0,0,1,0,1,0
677,1,1,0,1,0,1,1,0,1,0
678,1,0,1,0,0,0,1,0,1,0
679,1,1,1,1,0,1,1,0,1,0
680,1,0,0,0,1,0,1,0,1,0
681,1,1,0,0,1,1,1,0,1,0
682,1,0,1,0,1,0,1,0,1,0
683,1,1,1,0,1,1,1,0,1,0
684,1,0,0,0,1,0,1,0,1,0
685,1,1,0,1,1,1,1,0,1,0
686,1,0,1,0,1,0,1,0,1,0
687,1,1,1,1,1,1,1,0,1,0
688,1,0,0,0,0,1,1,0,1,0
689,1,1,0,0,0,0,1,0,1,0
690,1,0,1,0,0,1,1,0,1,0
691,1,1,1,0,0,0,1,0,1,0
692,1,0,0,0,0,1,1,0,1,0
693,1,1,0,1,0,0,1,0,1,0
694,1,0,1,0,0,1,1,0,1,0
695,1,1,1,1,0,0,1,0,1,0
696,1,0,0,0,1,1,1,0,1,0
697,1,1,0,0,1,0,1,0,1,0
698,1,0,1,0,1,1,1,0,1,0
699,1,1,1,0,1,0,1,0,1,0
700,1,0,0,0,1,1,1,0,1,0
701,1,1,0,1,1,0,1,0,1,0
702,1,0,1,0,1,1,1,0,1,0
703,1,1,1,1,1,0,1,0,1,0
704,0,0,0,0,0,0,0,1,1,1
705,0,1,0,0,0,1,0,1,1,1
706,0,0,1,0,0,0,0,1,1,1
707,0,1,1,0,0,1,0,1,1,1
708,0,0,0,0,0,0,0,1,1,1
709,0,1,0,1,0,1,0,1,1,1
710,0,0,1,0,0,0,0,1,1,1
711,0,1,1,1,0,1,0,1,1,1
712,0,0,0,0,1,0,1,1,1,1
713,0,1,0,0,1,1,1,1,1,1
714,0,0,1,0,1,0,1,1,1,1
715,0,1,1,0,1,1,1,1,1,1
716,0,0,0,0,1,0,1,1,1,1
717,0,1,0,1,1,1,1,1,1,1
718,0,0,1,0,1,0,1,1,1,1
719,0,1,1,1,1,1,1,1,1,1
720,0,0,0,0,0,1,0,1,1,1
721,0,1,0,0,0,0,0,1,1,1
722,0,0,1,0,0,1,0,1,1,1
723,0,1,1,0,0,0,0,1,1,1
724,0,0,0,0,0,1,0,1,1,1
725,0,1,0,1,0,0,0,1,1,1
726,0,0,1,0,0,1,0,1,1,1
727,0,1,1,1,0,0,0,1,1,1
728,0,0,0,0,1,1,1,1,1,1
729,0,1,0,0,1,0,1,1,1,1
730,0,0,1,0,1,1,1,1,1,1
731,0,1,1,0,1,0,1,1,1,1
732,0,0,0,0,1,1,1,1,1,1
733,0,1,0,1,1,0,1,1,1,1
734,0,0,1,0,1,1,1,1,1,1
735,0,1,1,1,1,0,1,1,1,1
736,1,0,0,0,0,0,1,1,1,1
737,1,1,0,0,0,1,1,1,1,1
738,1,0,1,0,0,0,1,1,1,1
739,1,1,1,0,0,1,1,1,1,1
740,1,0,0,0,0,0,1,1,1,1
741,1,1,0,1,0,1,1,1,1,1
742,1,0,1,0,0,0,1,1,1,1
743,1,1,1,1,0,1,1,1,1,1
744,1,0,0,0,1,0,1,1,1,1
745,1,1,0,0,1,1,1,1,1,1
746,1,0,1,0,1,0,1,1,1,1
747,1,1,1,0,1,1,1,1,1,1
748,1,0,0,0,1,0,1,1,1,1
749,1,1,0,1,1,1,1,1,1,1
750,1,0,1,0,1,0,1,1,1,1
751,1,1,1,1,1,1,1,1,1,1
752,1,0,0,0,0,1,1,1,1,1
753,1,1,0,0,0,0,1,1,1,1
754,1,0,1,0,0,1,1,1,1,1
755,1,1,1,0,0,0,1,1,1,1
756,1,0,0,0,0,1,1,1,1,1
757,1,1,0,1,0,0,1,1,1,1
758,1,0,1,0,0,1,1,1,1,1
759,1,1,1,1,0,0,1,1,1,1
760,1,0,0,0,1,1,1,1,1,1
761,1,1,0,0,1,0,1,1,1,1
762,1,0,1,0,1,1,1,1,1,1
763,1,1,1,0,1,0,1,1,1,1
764,1,0,0,0,1,1,1,1,1,1
765,1,1,0,1,1,0,1,1,1,1
766,1,0,1,0,1,1,1,1,1,1
767,1,1,1,1,1,0,1,1,1,1
768,1,0,0,0,0,0,0,0,0,1
769,1,1,0,0,0,1,0,0,0,1
770,1,0,1,0,0,0,0,0,0,1
771,1,1,1,0,0,1,0,0,0,1
772,1,0,0,0,0,0,0,0,0,1
773,1,1,0,1,0,1,0,0,0,1
774,1,0,1,0,0,0,0,0,0,1
775,1,1,1,1,0,1,0,0,0,1
776,1,0,0,0,1,0,1,0,0,1
777,1,1,0,0,1,1,1,0,0,1
778,1,0,1,0,1,0,1,0,0,1
779,1,1,1,0,1,1,1,0,0,1
780,1,0,0,0,1,0,1,0,0,1
781,1,1,0,1,1,1,1,0,0,1
782,1,0,1,0,1,0,1,0,0,1
783,1,1,1,1,1,1,1,0,0,1
784,1,0,0,0,0,1,0,0,0,1
785,1,1,0,0,0,0,0,0,0,1
786,1,0,1,0,0,1,0,0,0,1
787,1,1,1,0,0,0,0,0,0,1
788,1,0,0,0,0,1,0,0,0,1
789,1,1,0,1,0,0,0,0,0,1
790,1,0,1,0,0,1,0,0,0,1
791,1,1,1,1,0,0,0,0,0,1
792,1,0,0,0,1,1,1,0,0,1
793,1,1,0,0,1,0,1,0,0,1
794,1,0,1,0,1,1,1,0,0,1
795,1,1,1,0,1,0,1,0,0,1
796,1,0,0,0,1,1,1,0,0,1
797,1,1,0,1,1,0,1,0,0,1
798,1,0,1,0,1,1,1,0,0,1
799,1,1,1,1,1,0,1,0,0,1
800,0,0,0,0,0,0,1,0,0,1
801,0,1,0,0,0,1,1,0,0,1
802,0,0,1,0,0,0,1,0,0,1
803,0,1,1,0,0,1,1,0,0,1
804,0,0,0,0,0,0,1,0,0,1
805,0,1,0,1,0,1,1,0,0,1
806,0,0,1,0,0,0,1,0,0,1
807,0,1,1,1,0,1,1,0,0,1
808,0,0,0,0,1,0,1,0,0,1
809,0,1,0,0,1,1,1,0,0,1
810,0,0,1,0,1,0,1,0,0,1
811,0,1,1,0,1,1,1,0,0,1
812,0,0,0,0,1,0,1,0,0,1
813,0,1,0,1,1,1,1,0,0,1
814,0,0,1,0,1,0,1,0,0,1
815,0,1,1,1,1,1,1,0,0,1
816,0,0,0,0,0,1,1,0,0,1
817,0,1,0,0,0,0,1,0,0,1
818,0,0,1,0,0,1,1,0,0,1
819,0,1,1,0,0,0,1,0,0,1
820,0,0,0,0,0,1,1,0,0,1
821,0,1,0,1,0,0,1,0,0,1
822,0,0,1,0,0,1,1,0,0,1
823,0,1,1,1,0,0,1,0,0,1
824,0,0,0,0,1,1,1,0,0,1
825,0,1,0,0,1,0,1,0,0,1
826,0,0,1,0,1,1,1,0,0,1
827,0,1,1,0,1,0,1,0,0,1
828,0,0,0,0,1,1,1,0,0,1
829,0,1,0,1,1,0,1,0,0,1
830,0,0,1,0,1,1,1,0,0,1
831,0,1,1,1,1,0,1,0,0,1
832,1,0,0,0,0,0,0,1,0,1
833,1,1,0,0,0,1,0,1,0,1
834,1,0,1,0,0,0,0,1,0,1
835,1,1,1,0,0,1,0,1,0,1
836,1,0,0,0,0,0,0,1,0,1
837,1,1,0,1,0,1,0,1,0,1
838,1,0,1,0,0,0,0,1,0,1
839,1,1,1,1,0,1,0,1,0,1
840,1,0,0,0,1,0,1,1,0,1
841,1,1,0,0,1,1,1,1,0,1
842,1,0,1,0,1,0,1,1,0,1
843,1,1,1,0,1,1,1,1,0,1
844,1,0,0,0,1,0,1,1,0,1
845,1,1,0,1,1,1,1,1,0,1
846,1,0,1,0,1,0,1,1,0,1
847,1,1,1,1,1,1,1,1,0,1
848,1,0,0,0,0,1,0,1,0,1
849,1,1,0,0,0,0,0,1,0,1
850,1,0,1,0,0,1,0,1,0,1
851,1,1,1,0,0,0,0,1,0,1
852,1,0,0,0,0,1,0,1,0,1
853,1,1,0,1,0,0,0,1,0,1
854,1,0,1,0,0,1,0,1,0,1
855,1,1,1,1,0,0,0,1,0,1
856,1,0,0,0,1,1,1,1,0,1
857,1,1,0,0,1,0,1,1,0,1
858,1,0,1,0,1,1,1,1,0,1
859,1,1,1,0,1,0,1,1,0,1
860,1,0,0,0,1,1,1,1,0,1
861,1,1,0,1,1,0,1,1,0,1
862,1,0,1,0,1,1,1,1,0,1
863,1,1,1,1,1,0,1,1,0,1
864,0,0,0,0,0,0,1,1,0,1
865,0,1,0,0,0,1,1,1,0,1
866,0,0,1,0,0,0,1,1,0,1
867,0,1,1,0,0,1,1,1,0,1
868,0,0,0,0,0,0,1,1,0,1
869,0,1,0,1,0,1,1,1,0,1
870,0,0,1,0,0,0,1,1,0,1
871,0,1,1,1,0,1,1,1,0,1
872,0,0,0,0,1,0,1,1,0,1
873,0,1,0,0,1,1,1,1,0,1
874,0,0,1,0,1,0,1,1,0,1
875,0,1,1,0,1,1,1,1,0,1
876,0,0,0,0,1,0,1,1,0,1
877,0,1,0,1,1,1,1,1,0,1
878,0,0,1,0,1,0,1,1,0,1
879,0,1,1,1,1,1,1,1,0,1
880,0,0,0,0,0,1,1,1,0,1
881,0,1,0,0,0,0,1,1,0,1
882,0,0,1,0,0,1,1,1,0,1
883,0,1,1,0,0,0,1,1,0,1
884,0,0,0,0,0,1,1,1,0,1
885,0,1,0,1,0,0,1,1,0,1
886,0,0,1,0,0,1,1,1,0,1
887,0,1,1,1,0,0,1,1,0,1
888,0,0,0,0,1,1,1,1,0,1
889,0,1,0,0,1,0,1,1,0,1
890,0,0,1,0,1,1,1,1,0,1
891,0,1,1,0,1,0,1,1,0,1
892,0,0,0,0,1,1,1,1,0,1
893,0,1,0,1,1,0,1,1,0,1
894,0,0,1,0,1,1,1,1,0,1
895,0,1,1,1,1,0,1,1,0,1
896,0,0,0,0,0,0,0,0,1,1
897,0,1,0,0,0,1,0,0,1,1
898,0,0,1,0,0,0,0,0,1,1
899,0,1,1,0,0,1,0,0,1,1
900,0,0,0,0,0,0,0,0,1,1
901,0,1,0,1,0,1,0,0,1,1
902,0,0,1,0,0,0,0,0,1,1
903,0,1,1,1,0,1,0,0,1,1
904,0,0,0,0,1,0,1,0,1,1
905,0,1,0,0,1,1,1,0,1,1
906,0,0,1,0,1,0,1,0,1,1
907,0,1,1,0,1,1,1,0,1,1
908,0,0,0,0,1,0,1,0,1,1
909,0,1,0,1,1,1,1,0,1,1
910,0,0,1,0,1,0,1,0,1,1
911,0,1,1,1,1,1,1,0,1,1
912,0,0,0,0,0,1,0,0,1,1
913,0,1,0,0,0,0,0,0,1,1
914,0,0,1,0,0,1,0,0,1,1
915,0,1,1,0,0,0,0,0,1,1
916,0,0,0,0,0,1,0,0,1,1
917,0,1,0,1,0,0,0,0,1,1
918,0,0,1,0,0,1,0,0,1,1
919,0,1,1,1,0,0,0,0,1,1
920,0,0,0,0,1,1,1,0,1,1
921,0,1,0,0,1,0,1,0,1,1
922,0,0,1,0,1,1,1,0,1,1
923,0,1,1,0,1,0,1,0,1,1
924,0,0,0,0,1,1,1,0,1,1
925,0,1,0,1,1,0,1,0,1,1
926,0,0,1,0,1,1,1,0,1,1
927,0,1,1,1,1,0,1,0,1,1
928,1,0,0,0,0,0,1,0,1,1
929,1,1,0,0,0,1,1,0,1,1
930,1,0,1,0,0,0,1,0,1,1
931,1,1,1,0,0,1,1,0,1,1
932,1,0,0,0,0,0,1,0,1,1
933,1,1,0,1,0,1,1,0,1,1
934,1,0,1,0,0,0,1,0,1,1
935,1,1,1,1,0,1,1,0,1,1
936,1,0,0,0,1,0,1,0,1,1
937,1,1,0,0,1,1,1,0,1,1
938,1,0,1,0,1,0,1,0,1,1
939,1,1,1,0,1,1,1,0,1,1
940,1,0,0,0,1,0,1,0,1,1
941,1,1,0,1,1,1,1,0,1,1
942,1,0,1,0,1,0,1,0,1,1
943,1,1,1,1,1,1,1,0,1,1
944,1,0,0,0,0,1,1,0,1,1
945,1,1,0,0,0,0,1,0,1,1
946,1,0,1,0,0,1,1,0,1,1
947,1,1,1,0,0,0,1,0,1,1
948,1,0,0,0,0,1,1,0,1,1
949,1,1,0,1,0,0,1,0,1,1
950,1,0,1,0,0,1,1,0,1,1
951,1,1,1,1,0,0,1,0,1,1
952,1,0,0,0,1,1,1,0,1,1
953,1,1,0,0,1,0,1,0,1,1
954,1,0,1,0,1,1,1,0,1,1
955,1,1,1,0,1,0,1,0,1,1
956,1,0,0,0,1,1,1,0,1,1
957,1,1,0,1,1,0,1,0,1,1
958,1,0,1,0,1,1,1,0,1,1
959,1,1,1,1,1,0,1,0,1,1
960,0,0,0,0,0,0,0,1,1,1
961,0,1,0,0,0,1,0,1,1,1
962,0,0,1,0,0,0,0,1,1,1
963,0,1,1,0,0,1,0,1,1,1
964,0,0,0,0,0,0,0,1,1,1
965,0,1,0,1,0,1,0,1,1,1
966,0,0,1,0,0,0,0,1,1,1
967,0,1,1,1,0,1,0,1,1,1
968,0,0,0,0,1,0,1,1,1,1
969,0,1,0,0,1,1,1,1,1,1
970,0,0,1,0,1,0,1,1,1,1
971,0,1,1,0,1,1,1,1,1,1
972,0,0,0,0,1,0,1,1,1,1
973,0,1,0,1,1,1,1,1,1,1
974,0,0,1,0,1,0,1,1,1,1
975,0,1,1,1,1,1,1,1,1,1
976,0,0,0,0,0,1,0,1,1,1
977,0,1,0,0,0,0,0,1,1,1
978,0,0,1,0,0,1,0,1,1,1
979,0,1,1,0,0,0,0,1,1,1
980,0,0,0,0,0,1,0,1,1,1
981,0,1,0,1,0,0,0,1,1,1
982,0,0,1,0,0,1,0,1,1,1
983,0,1,1,1,0,0,0,1,1,1
984,0,0,0,0,1,1,1,1,1,1
985,0,1,0,0,1,0,1,1,1,1
986,0,0,1,0,1,1,1,1,1,1
987,0,1,1,0,1,0,1,1,1,1
988,0,0,0,0,1,1,1,1,1,1
989,0,1,0,1,1,0,1,1,1,1
990,0,0,1,0,1,1,1,1,1,1
991,0,1,1,1,1,0,1,1,1,1
992,1,0,0,0,0,0,1,1,1,1
993,1,1,0,0,0,1,1,1,1,1
994,1,0,1,0,0,0,1,1,1,1
995,1,1,1,0,0,1,1,1,1,1
996,1,0,0,0,0,0,1,1,1,1
997,1,1,0,1,0,1,1,1,1,1
998,1,0,1,0,0,0,1,1,1,1
999,1,1,1,1,0,1,1,1,1,1
1000,1,0,0,0,1,0,1,1,1,1
1001,1,1,0,0,1,1,1,1,1,1
1002,1,0,1,0,1,0,1,1,1,1
1003,1,1,1,0,1,1,1,1,1,1
1004,1,0,0,0,1,0,1,1,1,1
1005,1,1,0,1,1,1,1,1,1,1
1006,1,0,1,0,1,0,1,1,1,1
1007,1,1,1,1,1,1,1,1,1,1
1008,1,0,0,0,0,1,1,1,1,1
1009,1,1,0,0,0,0,1,1,1,1
1010,1,0,1,0,0,1,1,1,1,1
1011,1,1,1,0,0,0,1,1,1,1
1012,1,0,0,0,0,1,1,1,1,1
1013,1,1,0,1,0,0,1,1,1,1
1014,1,0,1,0,0,1,1,1,1,1
1015,1,1,1,1,0,0,1,1,1,1
1016,1,0,0,0,1,1,1,1,1,1
1017,1,1,0,0,1,0,1,1,1,1
1018,1,0,1,0,1,1,1,1,1,1
1019,1,1,1,0,1,0,1,1,1,1
1020,1,0,0,0,1,1,1,1,1,1
1021,1,1,0,1,1,0,1,1,1,1
1022,1,0,1,0,1,1,1,1,1,1
1023,1,1,1,1,1,0,1,1,1,1
