,WTI_Close,CPIAUCSL,FEDFUNDS,INDPRO,DCOILWTICO
2010-01-31,73.88999938964844,217.488,0.11,89.3426,72.85
2010-02-28,78.33000183105469,217.281,0.13,89.6779,79.72
2010-03-31,82.5,217.353,0.16,90.2928,83.45
2010-04-30,85.58000183105469,217.403,0.2,90.5991,86.07
2010-05-31,74.9000015258789,217.29,0.2,91.823,74.0
2010-06-30,75.45999908447266,217.199,0.18,91.9928,75.59
2010-07-31,78.25,217.605,0.18,92.3421,78.85
2010-08-31,74.06999969482422,217.923,0.19,92.6805,71.93
2010-09-30,77.91000366210938,218.275,0.19,92.9537,79.95
2010-10-31,81.91999816894531,219.035,0.19,92.6903,81.45
2010-11-30,85.80999755859375,219.59,0.19,92.7709,84.12
2010-12-31,89.66999816894531,220.472,0.18,93.6787,91.38
2011-01-31,89.97000122070312,221.187,0.17,93.4814,90.99
2011-02-28,98.5,221.898,0.16,93.1102,97.1
2011-03-31,104.30999755859376,223.046,0.14,94.0788,106.19
2011-04-30,112.81999969482422,224.093,0.1,93.7749,113.39
2011-05-31,100.69000244140624,224.806,0.09,93.888,102.7
2011-06-30,95.08000183105467,224.806,0.09,94.172,95.3
2011-07-31,97.16000366210938,225.395,0.07,94.636,95.68
2011-08-31,88.79000091552734,226.106,0.1,95.2749,88.81
2011-09-30,83.06999969482422,226.597,0.08,95.1961,78.93
2011-10-31,93.52999877929688,226.75,0.07,95.8568,93.19
2011-11-30,99.4800033569336,227.169,0.08,95.8485,100.36
2011-12-31,99.77999877929688,227.223,0.07,96.3571,98.83
2012-01-31,98.87999725341795,227.842,0.08,96.9318,98.46
2012-02-29,106.45999908447266,228.329,0.1,97.2435,107.08
2012-03-31,103.29000091552734,228.807,0.13,96.74,103.03
2012-04-30,104.93000030517578,229.187,0.14,97.4359,104.89
2012-05-31,87.55000305175781,228.713,0.16,97.6609,86.52
2012-06-30,78.45999908447266,228.524,0.16,97.6663,85.04
2012-07-31,89.66999816894531,228.59,0.16,97.8713,88.08
2012-08-31,94.75,229.918,0.13,97.4525,96.47
2012-09-30,92.3499984741211,231.015,0.14,97.381,92.18
2012-10-31,85.7300033569336,231.638,0.16,97.7193,86.23
2012-11-30,87.66000366210938,231.249,0.16,98.0777,88.54
2012-12-31,90.41000366210938,231.221,0.16,98.3101,91.83
2013-01-31,97.95999908447266,231.679,0.14,98.3342,97.65
2013-02-28,92.88999938964844,232.937,0.15,98.7941,92.03
2013-03-31,96.68000030517578,232.282,0.14,99.1921,97.24
2013-04-30,94.41999816894533,231.797,0.15,99.1065,93.22
2013-05-31,93.63999938964844,231.893,0.11,99.1839,91.93
2013-06-30,96.80999755859376,232.445,0.09,99.3897,96.36
2013-07-31,103.1500015258789,232.9,0.09,99.0814,105.1
2013-08-31,108.16999816894533,233.456,0.08,99.6543,107.98
2013-09-30,102.45999908447266,233.544,0.08,100.161,102.36
2013-10-31,96.62000274658205,233.669,0.09,100.082,96.29
2013-11-30,92.33000183105467,234.1,0.08,100.3158,92.55
2013-12-31,99.25,234.719,0.09,100.5175,98.17
2014-01-31,97.97000122070312,235.288,0.07,100.1599,97.55
2014-02-28,102.1500015258789,235.547,0.07,100.9168,102.88
2014-03-31,101.69000244140624,236.028,0.08,101.8942,101.57
2014-04-30,100.76000213623048,236.468,0.09,101.9928,100.07
2014-05-31,103.51000213623048,236.918,0.09,102.3836,103.4
2014-06-30,105.69000244140624,237.231,0.1,102.735,106.07
2014-07-31,99.47000122070312,237.498,0.09,102.9632,98.23
2014-08-31,94.55999755859376,237.46,0.09,102.7688,97.86
2014-09-30,94.33999633789062,237.477,0.09,103.0641,91.17
2014-10-31,81.04000091552734,237.43,0.09,103.0764,80.53
2014-11-30,73.5,236.983,0.09,103.7126,65.94
2014-12-31,53.869998931884766,236.252,0.12,103.7044,53.45
2015-01-31,44.630001068115234,234.747,0.11,102.8905,47.79
2015-02-28,48.970001220703125,235.342,0.11,102.2335,49.84
2015-03-31,48.72999954223633,235.976,0.11,101.8914,47.72
2015-04-30,58.54999923706055,236.222,0.12,101.3355,59.62
2015-05-31,57.970001220703125,237.001,0.12,100.8883,60.25
2015-06-30,58.27000045776367,237.657,0.13,100.571,59.48
2015-07-31,48.470001220703125,238.034,0.13,101.2228,47.11
2015-08-31,45.0,238.033,0.14,101.0367,49.2
2015-09-30,44.91999816894531,237.498,0.14,100.7547,45.06
2015-10-31,45.7400016784668,237.733,0.12,100.2675,46.6
2015-11-30,41.77000045776367,238.017,0.12,99.5298,40.43
2015-12-31,36.810001373291016,237.761,0.24,99.0417,37.13
2016-01-31,33.70000076293945,237.652,0.34,99.5607,33.66
2016-02-29,32.720001220703125,237.336,0.38,99.0445,32.74
2016-03-31,38.29999923706055,238.08,0.36,98.3096,36.94
2016-04-30,45.900001525878906,238.992,0.37,98.6421,45.98
2016-05-31,49.540000915527344,239.557,0.37,98.4184,49.1
2016-06-30,49.54999923706055,240.222,0.38,98.8833,48.27
2016-07-31,41.119998931884766,240.101,0.39,98.9992,41.54
2016-08-31,46.2400016784668,240.545,0.4,98.85,44.68
2016-09-30,47.7599983215332,241.176,0.4,98.7457,47.72
2016-10-31,48.25,241.741,0.4,98.7611,46.83
2016-11-30,45.2400016784668,242.026,0.41,98.3491,49.41
2016-12-31,53.869998931884766,242.637,0.54,99.0214,53.75
2017-01-31,52.599998474121094,243.618,0.65,98.7611,52.75
2017-02-28,54.040000915527344,244.006,0.66,98.3646,54.0
2017-03-31,50.31999969482422,243.892,0.79,99.0137,50.54
2017-04-30,49.27000045776367,244.193,0.9,100.0224,49.31
2017-05-31,49.650001525878906,244.004,0.91,100.1408,48.29
2017-06-30,44.88999938964844,244.163,1.04,100.3471,46.02
2017-07-31,49.849998474121094,244.243,1.15,100.1068,50.21
2017-08-31,45.95000076293945,245.183,1.16,99.6925,47.26
2017-09-30,51.58000183105469,246.435,1.15,99.7954,51.67
2017-10-31,54.08000183105469,246.626,1.15,101.0247,54.36
2017-11-30,57.40999984741211,247.284,1.16,101.2664,57.4
2017-12-31,59.90999984741211,247.805,1.3,101.4644,60.46
2018-01-31,64.02999877929688,248.859,1.41,101.4625,64.82
2018-02-28,62.790000915527344,249.529,1.42,101.7085,61.43
2018-03-31,64.69000244140625,249.577,1.51,102.2067,64.87
2018-04-30,68.1500015258789,250.227,1.69,103.3329,68.56
2018-05-31,68.23999786376953,250.792,1.7,102.4024,66.98
2018-06-30,73.33000183105469,251.018,1.82,103.198,74.13
2018-07-31,70.05000305175781,251.214,1.91,103.3646,69.88
2018-08-31,70.05999755859375,251.663,1.91,104.0327,69.84
2018-09-30,72.18000030517578,252.182,1.95,104.1004,73.16
2018-10-31,66.31999969482422,252.772,2.19,103.9856,65.31
2018-11-30,51.27000045776367,252.594,2.2,104.0681,50.78
2018-12-31,45.220001220703125,252.767,2.27,104.0936,45.15
2019-01-31,54.279998779296875,252.561,2.4,103.4021,53.84
2019-02-28,57.0,253.319,2.4,102.8371,57.21
2019-03-31,59.529998779296875,254.277,2.41,102.8757,60.19
2019-04-30,63.58000183105469,255.233,2.42,102.274,63.83
2019-05-31,56.459999084472656,255.296,2.39,102.392,53.49
2019-06-30,59.220001220703125,255.213,2.38,102.4375,58.2
2019-07-31,58.34000015258789,255.802,2.4,101.9408,58.53
2019-08-31,56.630001068115234,256.036,2.13,102.639,55.07
2019-09-30,56.540000915527344,256.43,2.04,102.2917,54.09
2019-10-31,54.900001525878906,257.155,1.83,101.4281,54.02
2019-11-30,58.130001068115234,257.879,1.55,101.9372,58.12
2019-12-31,61.68000030517578,258.63,1.55,101.7003,61.14
2020-01-31,52.91999816894531,259.127,1.55,101.0338,51.58
2020-02-29,46.4900016784668,259.25,1.58,101.3735,44.83
2020-03-31,20.229999542236328,258.076,0.65,97.4078,20.51
2020-04-30,15.640000343322754,256.032,0.05,89.33149999999998,19.23
2020-05-31,33.68000030517578,255.802,0.05,89.33149999999998,35.57
2020-06-30,39.63999938964844,257.042,0.08,91.5934,39.27
2020-07-31,40.34000015258789,258.352,0.09,95.0256,40.1
2020-08-31,42.90999984741211,259.316,0.1,95.9549,42.61
2020-09-30,39.15999984741211,259.997,0.09,95.9669,40.05
2020-10-31,36.06999969482422,260.319,0.09,96.7394,35.64
2020-11-30,45.34000015258789,260.911,0.09,97.0816,45.2
2020-12-31,48.349998474121094,262.045,0.09,98.363,48.35
2021-01-31,52.150001525878906,262.687,0.09,98.8822,52.16
2021-02-28,63.459999084472656,263.579,0.08,95.6149,61.55
2021-03-31,60.45000076293945,264.961,0.07,98.3856,59.19
2021-04-30,64.87999725341797,266.614,0.07,98.5587,63.5
2021-05-31,66.94999694824219,268.383,0.06,99.4333,66.31
2021-06-30,73.47000122070312,270.654,0.08,99.7987,73.52
2021-07-31,73.41000366210938,271.903,0.1,100.2519,73.93
2021-08-31,69.18000030517578,272.676,0.09,100.0437,68.43
2021-09-30,74.77999877929688,273.91,0.08,98.8579,75.22
2021-10-31,83.08999633789062,276.55,0.08,100.1861,83.5
2021-11-30,70.04000091552734,278.919,0.08,100.8654,66.14
2021-12-31,76.66000366210938,280.845,0.08,100.5726,75.33
2022-01-31,87.44999694824219,282.543,0.08,100.1856,89.16
2022-02-28,94.98999786376952,284.5,0.08,100.8064,96.13
2022-03-31,107.4499969482422,287.674,0.2,101.3907,100.53
2022-04-30,105.16999816894533,288.561,0.33,101.44,104.59
2022-05-31,114.95999908447266,291.298,0.77,101.3335,114.38
2022-06-30,109.6999969482422,294.957,1.21,101.018,107.76
2022-07-31,97.3000030517578,294.913,1.68,101.223,101.31
2022-08-31,92.30999755859376,295.097,2.33,101.0963,90.09
2022-09-30,81.73999786376953,296.349,2.56,101.2918,79.91
2022-10-31,88.38999938964844,298.007,3.08,101.2529,86.54
2022-11-30,79.0,298.786,3.78,100.9552,80.48
2022-12-31,78.7300033569336,298.832,4.1,99.7664,80.16
2023-01-31,77.91000366210938,300.42,4.33,100.505,78.95
2023-02-28,75.76000213623047,301.45,4.57,100.6416,76.88
2023-03-31,74.37000274658203,301.821,4.65,101.0205,75.68
2023-04-30,74.91000366210938,302.845,4.83,101.253,76.78
2023-05-31,69.62000274658203,303.334,5.06,100.9286,68.11
2023-06-30,69.81999969482422,304.014,5.08,100.1196,70.66
2023-07-31,80.6500015258789,304.609,5.12,100.9067,81.8
2023-08-31,81.69999694824219,306.082,5.33,100.8393,83.55
2023-09-30,91.76000213623048,307.276,5.33,101.0211,90.77
2023-10-31,82.58999633789062,307.696,5.33,100.4689,81.64
2023-11-30,77.75,308.148,5.33,100.8639,75.66
2023-12-31,71.98999786376953,308.741,5.33,100.6031,71.89
2024-01-31,77.83999633789062,309.698,5.33,99.2223,76.28
2024-02-29,78.19999694824219,310.967,5.33,100.285,79.22
2024-03-31,81.70999908447266,312.345,5.33,100.4575,83.96
2024-04-30,82.76000213623047,313.023,5.33,100.2434,83.49
2024-05-31,77.91000366210938,313.175,5.33,100.863,77.97
2024-06-30,81.86000061035156,313.044,5.33,100.894,82.83
2024-07-31,75.23999786376953,313.569,5.33,99.9757,79.36
2024-08-31,75.87000274658203,314.062,5.33,100.4309,74.52
2024-09-30,68.62999725341797,314.732,5.13,99.8084,68.75
2024-10-31,69.0999984741211,315.631,4.83,99.4695,69.58
2024-11-30,68.7699966430664,316.528,4.64,99.2925,68.26
2024-12-31,71.1500015258789,317.604,4.48,100.3273,72.44
2025-01-31,73.19999694824219,318.961,4.33,100.0647,72.84
2025-02-28,70.16999816894531,319.679,4.33,101.0993,69.97
2025-03-31,69.43000030517578,319.785,4.33,101.0404,71.87
2025-04-30,60.15999984741211,320.302,4.33,101.1279,59.55
2025-05-31,60.939998626708984,320.62,4.33,100.9655,61.46
2025-06-30,65.1500015258789,321.435,4.33,101.4785,66.3
2025-07-31,70.30000305175781,322.169,4.33,101.894,70.36
2025-08-31,64.26000213623047,323.291,4.33,101.6247,64.36
2025-09-30,63.13999938964844,324.245,4.22,101.668,63.17
2025-10-31,60.29999923706055,324.66070491803276,4.09,101.2195,61.75
2025-11-30,58.58000183105469,325.063,3.88,101.0344,58.58
2025-12-31,57.95000076293945,326.031,3.72,101.4941,57.26
2026-01-31,65.5199966430664,326.588,3.64,101.1235,64.5
2026-02-28,65.3499984741211,327.46,3.64,101.9493,66.96
2026-03-31,105.06999969482422,330.293,3.64,101.6273,102.86
2026-04-30,109.06999969482422,332.407,3.64,102.509,108.64
2026-05-31,88.55000305175781,333.979,3.63,102.6475,91.16
2026-06-30,70.43000030517578,332.568,3.63,102.6475,70.56
2026-07-31,78.04000091552734,332.568,3.63,102.6475,79.2
