role,family,base_length,replicate,unit_saving
boundary,F12,4096,6000,-0.010734325445230545
boundary,F12,4096,6001,-0.014640575445230545
boundary,F12,4096,6002,-0.013671875
boundary,F12,4096,6003,-0.010734325445230545
boundary,F12,4096,6004,-0.013671875
boundary,F12,4096,6005,-0.016593700445230543
boundary,F12,4096,6006,-0.021476512945230543
boundary,F12,4096,6007,-0.013671875
boundary,F12,4096,6008,-0.010734325445230545
boundary,F12,4096,6009,-0.010734325445230545
boundary,F12,4096,6010,-0.014640575445230545
boundary,F12,4096,6011,-0.013671875
boundary,F12,4096,6012,-0.013671875
boundary,F12,4096,6013,-0.010734325445230545
boundary,F12,4096,6014,-0.017570262945230543
boundary,F12,4096,6015,-0.013671875
boundary,F12,4096,6016,-0.010734325445230545
boundary,F12,4096,6017,-0.009765625
boundary,F12,4096,6018,-0.013671875
boundary,F12,4096,6019,-0.014640575445230545
boundary_large,F12,16384,7000,-0.0224609375
boundary_large,F12,16384,7001,-0.023193359375
boundary_large,F12,16384,7002,-0.0244140625
boundary_large,F12,16384,7003,-0.02587890625
boundary_large,F12,16384,7004,-0.024658203125
boundary_large,F12,16384,7005,-0.0244140625
boundary_large,F12,16384,7006,-0.05028832043883871
boundary_large,F12,16384,7007,-0.025146484375
boundary_large,F12,16384,7008,-0.023681640625
boundary_large,F12,16384,7009,-0.051997260118539085
boundary_large,F12,16384,7010,-0.02490234375
boundary_large,F12,16384,7011,-0.02587890625
boundary_large,F12,16384,7012,-0.020263671875
boundary_large,F12,16384,7013,-0.0224609375
boundary_large,F12,16384,7014,-0.023193359375
boundary_large,F12,16384,7015,-0.04418547524333313
boundary_large,F12,16384,7016,-0.05102078700913834
boundary_large,F12,16384,7017,-0.009765625
boundary_large,F12,16384,7018,-0.05297373322793983
boundary_large,F12,16384,7019,-0.02294921875
boundary_large,F12,65536,7000,0.0
boundary_large,F12,65536,7001,0.0
boundary_large,F12,65536,7002,0.0
boundary_large,F12,65536,7003,0.0
boundary_large,F12,65536,7004,0.0
boundary_large,F12,65536,7005,0.0
boundary_large,F12,65536,7006,0.0
boundary_large,F12,65536,7007,0.0
boundary_large,F12,65536,7008,0.0
boundary_large,F12,65536,7009,0.0
boundary_large,F12,65536,7010,0.0
boundary_large,F12,65536,7011,0.0
boundary_large,F12,65536,7012,0.0
boundary_large,F12,65536,7013,0.0
boundary_large,F12,65536,7014,0.0
boundary_large,F12,65536,7015,0.0
boundary_large,F12,65536,7016,0.0
boundary_large,F12,65536,7017,0.0
boundary_large,F12,65536,7018,0.0
boundary_large,F12,65536,7019,0.0
boundary_large,F12,131072,7000,0.0
boundary_large,F12,131072,7001,0.0
boundary_large,F12,131072,7002,0.0
boundary_large,F12,131072,7003,0.0
boundary_large,F12,131072,7004,0.0
boundary_large,F12,131072,7005,0.0
boundary_large,F12,131072,7006,0.0
boundary_large,F12,131072,7007,0.0
boundary_large,F12,131072,7008,0.0
boundary_large,F12,131072,7009,0.0
boundary_large,F12,131072,7010,0.0
boundary_large,F12,131072,7011,0.0
boundary_large,F12,131072,7012,0.0
boundary_large,F12,131072,7013,0.0
boundary_large,F12,131072,7014,0.0
boundary_large,F12,131072,7015,0.0
boundary_large,F12,131072,7016,0.0
boundary_large,F12,131072,7017,0.0
boundary_large,F12,131072,7018,0.0
boundary_large,F12,131072,7019,0.0
boundary_stress,S02,4096,8000,0.0029289727677482315
boundary_stress,S02,4096,8001,0.002927543303244694
boundary_stress,S02,4096,8002,0.0
boundary_stress,S02,4096,8003,0.0029296875
boundary_stress,S02,4096,8004,0.008782629909734082
boundary_stress,S02,4096,8005,0.0
boundary_stress,S02,4096,8006,0.0
boundary_stress,S02,4096,8007,0.0009737035709929251
boundary_stress,S02,4096,8008,0.004881383035496463
boundary_stress,S02,4096,8009,0.0
boundary_stress,S02,4096,8010,0.012686735712978776
boundary_stress,S02,4096,8011,0.06343010490363503
boundary_stress,S02,4096,8012,0.0029296875
boundary_stress,S02,4096,8013,0.01658941205171993
boundary_stress,S02,4096,8014,-0.023427493748475237
boundary_stress,S02,4096,8015,0.011715176338741157
boundary_stress,S02,4096,8016,0.0
boundary_stress,S02,4096,8017,-0.0009772772322517687
boundary_stress,S02,4096,8018,-0.0009758477677482313
boundary_stress,S02,4096,8019,0.032217270980727006
boundary_stress,S02,65536,8000,-0.028441731847819143
boundary_stress,S02,65536,8001,-0.000549299643211008
boundary_stress,S02,65536,8002,0.0
boundary_stress,S02,65536,8003,-0.00036619417446100795
boundary_stress,S02,65536,8004,0.0
boundary_stress,S02,65536,8005,0.0
boundary_stress,S02,65536,8006,-6.103236241016799e-05
boundary_stress,S02,65536,8007,-0.0007323967304415119
boundary_stress,S02,65536,8008,-0.001037566924011848
boundary_stress,S02,65536,8009,-0.000366202555980504
boundary_stress,S02,65536,8010,0.0
boundary_stress,S02,65536,8011,0.0
boundary_stress,S02,65536,8012,0.0
boundary_stress,S02,65536,8013,0.0
boundary_stress,S02,65536,8014,-0.0010985825233830238
boundary_stress,S02,65536,8015,-0.00018310546875
boundary_stress,S02,65536,8016,0.0
boundary_stress,S02,65536,8017,0.0
boundary_stress,S02,65536,8018,-0.0010985825233830238
boundary_stress,S02,65536,8019,0.0
controls,F01,4096,9000,0.0
controls,F01,4096,9001,0.0
controls,F06,4096,9000,0.0
controls,F06,4096,9001,0.0
controls,F07,4096,9000,0.0
controls,F07,4096,9001,0.0
controls,F11,4096,9000,0.0
controls,F11,4096,9001,0.0
