case_id,role,family,base_length,replicate,ragged,n_bits,hid_full_status,hid_refine4_status,hid_full_bits,hid_refine4_bits,baseline_best_status,baseline_best_bits,baseline_best_method,hid_full_stage,hid_refine4_stage,saving_per_input_bit,sign
boundary-F12-4096-6000-base,boundary,F12,4096,6000,False,4096,ok,ok,2384,2384,ok,2176,zlib,B,B,0.0,tie
boundary-F12-4096-6000-ragged,boundary,F12,4096,6000,True,4099,ok,ok,2296,2384,ok,2184,zlib,B,B,-0.02146865089046109,worse
boundary-F12-4096-6001-base,boundary,F12,4096,6001,False,4096,ok,ok,2296,2328,ok,2176,zlib,B,B,-0.0078125,worse
boundary-F12-4096-6001-ragged,boundary,F12,4096,6001,True,4099,ok,ok,2296,2384,ok,2184,zlib,B,B,-0.02146865089046109,worse
boundary-F12-4096-6002-base,boundary,F12,4096,6002,False,4096,ok,ok,2360,2472,ok,2200,zlib,B,B,-0.02734375,worse
boundary-F12-4096-6002-ragged,boundary,F12,4096,6002,True,4099,ok,ok,2752,2752,ok,2208,zlib,B,B,0.0,tie
boundary-F12-4096-6003-base,boundary,F12,4096,6003,False,4096,ok,ok,2384,2384,ok,2168,zlib,B,B,0.0,tie
boundary-F12-4096-6003-ragged,boundary,F12,4096,6003,True,4099,ok,ok,2296,2384,ok,2184,zlib,B,B,-0.02146865089046109,worse
boundary-F12-4096-6004-base,boundary,F12,4096,6004,False,4096,ok,ok,2360,2472,ok,2192,zlib,B,B,-0.02734375,worse
boundary-F12-4096-6004-ragged,boundary,F12,4096,6004,True,4099,ok,ok,2752,2752,ok,2200,zlib,B,B,0.0,tie
boundary-F12-4096-6005-base,boundary,F12,4096,6005,False,4096,ok,ok,2296,2344,ok,2192,zlib,B,B,-0.01171875,worse
boundary-F12-4096-6005-ragged,boundary,F12,4096,6005,True,4099,ok,ok,2296,2384,ok,2200,zlib,B,B,-0.02146865089046109,worse
boundary-F12-4096-6006-base,boundary,F12,4096,6006,False,4096,ok,ok,2296,2384,ok,2184,zlib,B,B,-0.021484375,worse
boundary-F12-4096-6006-ragged,boundary,F12,4096,6006,True,4099,ok,ok,2296,2384,ok,2192,zlib,B,B,-0.02146865089046109,worse
boundary-F12-4096-6007-base,boundary,F12,4096,6007,False,4096,ok,ok,2360,2472,ok,2200,zlib,B,B,-0.02734375,worse
boundary-F12-4096-6007-ragged,boundary,F12,4096,6007,True,4099,ok,ok,2752,2752,ok,2208,zlib,B,B,0.0,tie
boundary-F12-4096-6008-base,boundary,F12,4096,6008,False,4096,ok,ok,2384,2384,ok,2176,zlib,B,B,0.0,tie
boundary-F12-4096-6008-ragged,boundary,F12,4096,6008,True,4099,ok,ok,2296,2384,ok,2184,zlib,B,B,-0.02146865089046109,worse
boundary-F12-4096-6009-base,boundary,F12,4096,6009,False,4096,ok,ok,2384,2384,ok,2168,zlib,B,B,0.0,tie
boundary-F12-4096-6009-ragged,boundary,F12,4096,6009,True,4099,ok,ok,2296,2384,ok,2176,zlib,B,B,-0.02146865089046109,worse
boundary-F12-4096-6010-base,boundary,F12,4096,6010,False,4096,ok,ok,2296,2328,ok,2176,zlib,B,B,-0.0078125,worse
boundary-F12-4096-6010-ragged,boundary,F12,4096,6010,True,4099,ok,ok,2296,2384,ok,2184,zlib,B,B,-0.02146865089046109,worse
boundary-F12-4096-6011-base,boundary,F12,4096,6011,False,4096,ok,ok,2360,2472,ok,2176,zlib,B,B,-0.02734375,worse
boundary-F12-4096-6011-ragged,boundary,F12,4096,6011,True,4099,ok,ok,2752,2752,ok,2184,zlib,B,B,0.0,tie
boundary-F12-4096-6012-base,boundary,F12,4096,6012,False,4096,ok,ok,2360,2472,ok,2184,zlib,B,B,-0.02734375,worse
boundary-F12-4096-6012-ragged,boundary,F12,4096,6012,True,4099,ok,ok,2752,2752,ok,2192,zlib,B,B,0.0,tie
boundary-F12-4096-6013-base,boundary,F12,4096,6013,False,4096,ok,ok,2384,2384,ok,2184,zlib,B,B,0.0,tie
boundary-F12-4096-6013-ragged,boundary,F12,4096,6013,True,4099,ok,ok,2296,2384,ok,2192,zlib,B,B,-0.02146865089046109,worse
boundary-F12-4096-6014-base,boundary,F12,4096,6014,False,4096,ok,ok,2328,2384,ok,2184,zlib,B,B,-0.013671875,worse
boundary-F12-4096-6014-ragged,boundary,F12,4096,6014,True,4099,ok,ok,2296,2384,ok,2192,zlib,B,B,-0.02146865089046109,worse
boundary-F12-4096-6015-base,boundary,F12,4096,6015,False,4096,ok,ok,2360,2472,ok,2184,zlib,B,B,-0.02734375,worse
boundary-F12-4096-6015-ragged,boundary,F12,4096,6015,True,4099,ok,ok,2752,2752,ok,2192,zlib,B,B,0.0,tie
boundary-F12-4096-6016-base,boundary,F12,4096,6016,False,4096,ok,ok,2384,2384,ok,2208,zlib,B,B,0.0,tie
boundary-F12-4096-6016-ragged,boundary,F12,4096,6016,True,4099,ok,ok,2296,2384,ok,2216,zlib,B,B,-0.02146865089046109,worse
boundary-F12-4096-6017-base,boundary,F12,4096,6017,False,4096,ok,ok,2360,2440,ok,2200,zlib,B,B,-0.01953125,worse
boundary-F12-4096-6017-ragged,boundary,F12,4096,6017,True,4099,ok,ok,2752,2752,ok,2208,zlib,B,B,0.0,tie
boundary-F12-4096-6018-base,boundary,F12,4096,6018,False,4096,ok,ok,2360,2472,ok,2184,zlib,B,B,-0.02734375,worse
boundary-F12-4096-6018-ragged,boundary,F12,4096,6018,True,4099,ok,ok,2752,2752,ok,2192,zlib,B,B,0.0,tie
boundary-F12-4096-6019-base,boundary,F12,4096,6019,False,4096,ok,ok,2296,2328,ok,2192,zlib,B,B,-0.0078125,worse
boundary-F12-4096-6019-ragged,boundary,F12,4096,6019,True,4099,ok,ok,2296,2384,ok,2200,zlib,B,B,-0.02146865089046109,worse
boundary_large-F12-16384-7000-base,boundary_large,F12,16384,7000,False,16384,ok,ok,8056,8792,ok,6560,zlib,B,L,-0.044921875,worse
boundary_large-F12-16384-7000-ragged,boundary_large,F12,16384,7000,True,16387,ok,ok,8824,8824,ok,6568,zlib,L,L,0.0,tie
boundary_large-F12-16384-7001-base,boundary_large,F12,16384,7001,False,16384,ok,ok,8056,8816,ok,6520,zlib,B,L,-0.04638671875,worse
boundary_large-F12-16384-7001-ragged,boundary_large,F12,16384,7001,True,16387,ok,ok,8848,8848,ok,6528,zlib,L,L,0.0,tie
boundary_large-F12-16384-7002-base,boundary_large,F12,16384,7002,False,16384,ok,ok,8056,8856,ok,6512,zlib,B,L,-0.048828125,worse
boundary_large-F12-16384-7002-ragged,boundary_large,F12,16384,7002,True,16387,ok,ok,8888,8888,ok,6520,zlib,L,L,0.0,tie
boundary_large-F12-16384-7003-base,boundary_large,F12,16384,7003,False,16384,ok,ok,8056,8904,ok,6512,zlib,B,L,-0.0517578125,worse
boundary_large-F12-16384-7003-ragged,boundary_large,F12,16384,7003,True,16387,ok,ok,8936,8936,ok,6520,zlib,L,L,0.0,tie
boundary_large-F12-16384-7004-base,boundary_large,F12,16384,7004,False,16384,ok,ok,8096,8904,ok,6544,zlib,B,L,-0.04931640625,worse
boundary_large-F12-16384-7004-ragged,boundary_large,F12,16384,7004,True,16387,ok,ok,8936,8936,ok,6552,zlib,L,L,0.0,tie
boundary_large-F12-16384-7005-base,boundary_large,F12,16384,7005,False,16384,ok,ok,8096,8896,ok,6528,zlib,B,L,-0.048828125,worse
boundary_large-F12-16384-7005-ragged,boundary_large,F12,16384,7005,True,16387,ok,ok,8928,8928,ok,6536,zlib,L,L,0.0,tie
boundary_large-F12-16384-7006-base,boundary_large,F12,16384,7006,False,16384,ok,ok,8096,8912,ok,6552,zlib,B,L,-0.0498046875,worse
boundary_large-F12-16384-7006-ragged,boundary_large,F12,16384,7006,True,16387,ok,ok,8112,8944,ok,6560,zlib,B,L,-0.050771953377677426,worse
boundary_large-F12-16384-7007-base,boundary_large,F12,16384,7007,False,16384,ok,ok,8056,8880,ok,6544,zlib,B,L,-0.05029296875,worse
boundary_large-F12-16384-7007-ragged,boundary_large,F12,16384,7007,True,16387,ok,ok,8912,8912,ok,6552,zlib,L,L,0.0,tie
boundary_large-F12-16384-7008-base,boundary_large,F12,16384,7008,False,16384,ok,ok,8056,8832,ok,6560,zlib,B,L,-0.04736328125,worse
boundary_large-F12-16384-7008-ragged,boundary_large,F12,16384,7008,True,16387,ok,ok,8864,8864,ok,6568,zlib,L,L,0.0,tie
boundary_large-F12-16384-7009-base,boundary_large,F12,16384,7009,False,16384,ok,ok,8056,8920,ok,6536,zlib,B,L,-0.052734375,worse
boundary_large-F12-16384-7009-ragged,boundary_large,F12,16384,7009,True,16387,ok,ok,8112,8952,ok,6544,zlib,B,L,-0.05126014523707817,worse
boundary_large-F12-16384-7010-base,boundary_large,F12,16384,7010,False,16384,ok,ok,8096,8912,ok,6552,zlib,B,L,-0.0498046875,worse
boundary_large-F12-16384-7010-ragged,boundary_large,F12,16384,7010,True,16387,ok,ok,8944,8944,ok,6560,zlib,L,L,0.0,tie
boundary_large-F12-16384-7011-base,boundary_large,F12,16384,7011,False,16384,ok,ok,8056,8904,ok,6536,zlib,B,L,-0.0517578125,worse
boundary_large-F12-16384-7011-ragged,boundary_large,F12,16384,7011,True,16387,ok,ok,8936,8936,ok,6544,zlib,L,L,0.0,tie
boundary_large-F12-16384-7012-base,boundary_large,F12,16384,7012,False,16384,ok,ok,8096,8760,ok,6560,zlib,B,L,-0.04052734375,worse
boundary_large-F12-16384-7012-ragged,boundary_large,F12,16384,7012,True,16387,ok,ok,8792,8792,ok,6568,zlib,L,L,0.0,tie
boundary_large-F12-16384-7013-base,boundary_large,F12,16384,7013,False,16384,ok,ok,8056,8792,ok,6520,zlib,B,L,-0.044921875,worse
boundary_large-F12-16384-7013-ragged,boundary_large,F12,16384,7013,True,16387,ok,ok,8824,8824,ok,6528,zlib,L,L,0.0,tie
boundary_large-F12-16384-7014-base,boundary_large,F12,16384,7014,False,16384,ok,ok,8096,8856,ok,6552,zlib,B,L,-0.04638671875,worse
boundary_large-F12-16384-7014-ragged,boundary_large,F12,16384,7014,True,16387,ok,ok,8888,8888,ok,6560,zlib,L,L,0.0,tie
boundary_large-F12-16384-7015-base,boundary_large,F12,16384,7015,False,16384,ok,ok,8056,8792,ok,6512,zlib,B,L,-0.044921875,worse
boundary_large-F12-16384-7015-ragged,boundary_large,F12,16384,7015,True,16387,ok,ok,8112,8824,ok,6528,zlib,B,L,-0.04344907548666626,worse
boundary_large-F12-16384-7016-base,boundary_large,F12,16384,7016,False,16384,ok,ok,8056,8904,ok,6528,zlib,B,L,-0.0517578125,worse
boundary_large-F12-16384-7016-ragged,boundary_large,F12,16384,7016,True,16387,ok,ok,8112,8936,ok,6536,zlib,B,L,-0.05028376151827668,worse
boundary_large-F12-16384-7017-base,boundary_large,F12,16384,7017,False,16384,ok,ok,8096,8416,ok,6528,zlib,B,L,-0.01953125,worse
boundary_large-F12-16384-7017-ragged,boundary_large,F12,16384,7017,True,16387,ok,ok,8448,8448,ok,6536,zlib,L,L,0.0,tie
boundary_large-F12-16384-7018-base,boundary_large,F12,16384,7018,False,16384,ok,ok,8056,8936,ok,6544,zlib,B,L,-0.0537109375,worse
boundary_large-F12-16384-7018-ragged,boundary_large,F12,16384,7018,True,16387,ok,ok,8112,8968,ok,6552,zlib,B,L,-0.05223652895587966,worse
boundary_large-F12-16384-7019-base,boundary_large,F12,16384,7019,False,16384,ok,ok,8056,8808,ok,6544,zlib,B,L,-0.0458984375,worse
boundary_large-F12-16384-7019-ragged,boundary_large,F12,16384,7019,True,16387,ok,ok,8840,8840,ok,6552,zlib,L,L,0.0,tie
boundary_large-F12-65536-7000-base,boundary_large,F12,65536,7000,False,65536,ok,ok,28656,28656,ok,23288,zlib,L,L,0.0,tie
boundary_large-F12-65536-7000-ragged,boundary_large,F12,65536,7000,True,65539,ok,ok,28688,28688,ok,23296,zlib,L,L,0.0,tie
boundary_large-F12-65536-7001-base,boundary_large,F12,65536,7001,False,65536,ok,ok,28544,28544,ok,23280,zlib,L,L,0.0,tie
boundary_large-F12-65536-7001-ragged,boundary_large,F12,65536,7001,True,65539,ok,ok,28576,28576,ok,23280,zlib,L,L,0.0,tie
boundary_large-F12-65536-7002-base,boundary_large,F12,65536,7002,False,65536,ok,ok,28608,28608,ok,23272,zlib,L,L,0.0,tie
boundary_large-F12-65536-7002-ragged,boundary_large,F12,65536,7002,True,65539,ok,ok,28640,28640,ok,23280,zlib,L,L,0.0,tie
boundary_large-F12-65536-7003-base,boundary_large,F12,65536,7003,False,65536,ok,ok,28752,28752,ok,23272,zlib,L,L,0.0,tie
boundary_large-F12-65536-7003-ragged,boundary_large,F12,65536,7003,True,65539,ok,ok,28792,28792,ok,23280,zlib,L,L,0.0,tie
boundary_large-F12-65536-7004-base,boundary_large,F12,65536,7004,False,65536,ok,ok,28256,28256,ok,23288,zlib,L,L,0.0,tie
boundary_large-F12-65536-7004-ragged,boundary_large,F12,65536,7004,True,65539,ok,ok,28288,28288,ok,23296,zlib,L,L,0.0,tie
boundary_large-F12-65536-7005-base,boundary_large,F12,65536,7005,False,65536,ok,ok,28784,28784,ok,23272,zlib,L,L,0.0,tie
boundary_large-F12-65536-7005-ragged,boundary_large,F12,65536,7005,True,65539,ok,ok,28824,28824,ok,23288,zlib,L,L,0.0,tie
boundary_large-F12-65536-7006-base,boundary_large,F12,65536,7006,False,65536,ok,ok,28704,28704,ok,23264,zlib,L,L,0.0,tie
boundary_large-F12-65536-7006-ragged,boundary_large,F12,65536,7006,True,65539,ok,ok,28744,28744,ok,23264,zlib,L,L,0.0,tie
boundary_large-F12-65536-7007-base,boundary_large,F12,65536,7007,False,65536,ok,ok,28784,28784,ok,23280,zlib,L,L,0.0,tie
boundary_large-F12-65536-7007-ragged,boundary_large,F12,65536,7007,True,65539,ok,ok,28824,28824,ok,23280,zlib,L,L,0.0,tie
boundary_large-F12-65536-7008-base,boundary_large,F12,65536,7008,False,65536,ok,ok,28608,28608,ok,23288,zlib,L,L,0.0,tie
boundary_large-F12-65536-7008-ragged,boundary_large,F12,65536,7008,True,65539,ok,ok,28752,28752,ok,23288,zlib,L,L,0.0,tie
boundary_large-F12-65536-7009-base,boundary_large,F12,65536,7009,False,65536,ok,ok,28808,28808,ok,23304,zlib,L,L,0.0,tie
boundary_large-F12-65536-7009-ragged,boundary_large,F12,65536,7009,True,65539,ok,ok,28848,28848,ok,23312,zlib,L,L,0.0,tie
boundary_large-F12-65536-7010-base,boundary_large,F12,65536,7010,False,65536,ok,ok,28552,28552,ok,23288,zlib,L,L,0.0,tie
boundary_large-F12-65536-7010-ragged,boundary_large,F12,65536,7010,True,65539,ok,ok,28584,28584,ok,23296,zlib,L,L,0.0,tie
boundary_large-F12-65536-7011-base,boundary_large,F12,65536,7011,False,65536,ok,ok,28768,28768,ok,23304,zlib,L,L,0.0,tie
boundary_large-F12-65536-7011-ragged,boundary_large,F12,65536,7011,True,65539,ok,ok,28808,28808,ok,23312,zlib,L,L,0.0,tie
boundary_large-F12-65536-7012-base,boundary_large,F12,65536,7012,False,65536,ok,ok,28064,28064,ok,23272,zlib,L,L,0.0,tie
boundary_large-F12-65536-7012-ragged,boundary_large,F12,65536,7012,True,65539,ok,ok,28080,28080,ok,23280,zlib,L,L,0.0,tie
boundary_large-F12-65536-7013-base,boundary_large,F12,65536,7013,False,65536,ok,ok,28752,28752,ok,23264,zlib,L,L,0.0,tie
boundary_large-F12-65536-7013-ragged,boundary_large,F12,65536,7013,True,65539,ok,ok,28792,28792,ok,23272,zlib,L,L,0.0,tie
boundary_large-F12-65536-7014-base,boundary_large,F12,65536,7014,False,65536,ok,ok,28632,28632,ok,23304,zlib,L,L,0.0,tie
boundary_large-F12-65536-7014-ragged,boundary_large,F12,65536,7014,True,65539,ok,ok,28664,28664,ok,23312,zlib,L,L,0.0,tie
boundary_large-F12-65536-7015-base,boundary_large,F12,65536,7015,False,65536,ok,ok,28728,28728,ok,23256,zlib,L,L,0.0,tie
boundary_large-F12-65536-7015-ragged,boundary_large,F12,65536,7015,True,65539,ok,ok,28760,28760,ok,23264,zlib,L,L,0.0,tie
boundary_large-F12-65536-7016-base,boundary_large,F12,65536,7016,False,65536,ok,ok,28752,28752,ok,23264,zlib,L,L,0.0,tie
boundary_large-F12-65536-7016-ragged,boundary_large,F12,65536,7016,True,65539,ok,ok,28792,28792,ok,23264,zlib,L,L,0.0,tie
boundary_large-F12-65536-7017-base,boundary_large,F12,65536,7017,False,65536,ok,ok,28616,28616,ok,23256,zlib,L,L,0.0,tie
boundary_large-F12-65536-7017-ragged,boundary_large,F12,65536,7017,True,65539,ok,ok,28648,28648,ok,23264,zlib,L,L,0.0,tie
boundary_large-F12-65536-7018-base,boundary_large,F12,65536,7018,False,65536,ok,ok,28728,28728,ok,23320,zlib,L,L,0.0,tie
boundary_large-F12-65536-7018-ragged,boundary_large,F12,65536,7018,True,65539,ok,ok,28760,28760,ok,23328,zlib,L,L,0.0,tie
boundary_large-F12-65536-7019-base,boundary_large,F12,65536,7019,False,65536,ok,ok,28704,28704,ok,23288,zlib,L,L,0.0,tie
boundary_large-F12-65536-7019-ragged,boundary_large,F12,65536,7019,True,65539,ok,ok,28744,28744,ok,23288,zlib,L,L,0.0,tie
boundary_large-F12-131072-7000-base,boundary_large,F12,131072,7000,False,131072,ok,ok,55328,55328,ok,45416,zlib,L,L,0.0,tie
boundary_large-F12-131072-7000-ragged,boundary_large,F12,131072,7000,True,131075,ok,ok,55368,55368,ok,45424,zlib,L,L,0.0,tie
boundary_large-F12-131072-7001-base,boundary_large,F12,131072,7001,False,131072,ok,ok,55264,55264,ok,45352,zlib,L,L,0.0,tie
boundary_large-F12-131072-7001-ragged,boundary_large,F12,131072,7001,True,131075,ok,ok,55304,55304,ok,45360,zlib,L,L,0.0,tie
boundary_large-F12-131072-7002-base,boundary_large,F12,131072,7002,False,131072,ok,ok,55328,55328,ok,45384,zlib,L,L,0.0,tie
boundary_large-F12-131072-7002-ragged,boundary_large,F12,131072,7002,True,131075,ok,ok,55368,55368,ok,45384,zlib,L,L,0.0,tie
boundary_large-F12-131072-7003-base,boundary_large,F12,131072,7003,False,131072,ok,ok,55328,55328,ok,45360,zlib,L,L,0.0,tie
boundary_large-F12-131072-7003-ragged,boundary_large,F12,131072,7003,True,131075,ok,ok,55368,55368,ok,45360,zlib,L,L,0.0,tie
boundary_large-F12-131072-7004-base,boundary_large,F12,131072,7004,False,131072,ok,ok,55328,55328,ok,45352,zlib,L,L,0.0,tie
boundary_large-F12-131072-7004-ragged,boundary_large,F12,131072,7004,True,131075,ok,ok,55368,55368,ok,45360,zlib,L,L,0.0,tie
boundary_large-F12-131072-7005-base,boundary_large,F12,131072,7005,False,131072,ok,ok,55328,55328,ok,45352,zlib,L,L,0.0,tie
boundary_large-F12-131072-7005-ragged,boundary_large,F12,131072,7005,True,131075,ok,ok,55368,55368,ok,45360,zlib,L,L,0.0,tie
boundary_large-F12-131072-7006-base,boundary_large,F12,131072,7006,False,131072,ok,ok,55328,55328,ok,45376,zlib,L,L,0.0,tie
boundary_large-F12-131072-7006-ragged,boundary_large,F12,131072,7006,True,131075,ok,ok,55368,55368,ok,45384,zlib,L,L,0.0,tie
boundary_large-F12-131072-7007-base,boundary_large,F12,131072,7007,False,131072,ok,ok,55328,55328,ok,45352,zlib,L,L,0.0,tie
boundary_large-F12-131072-7007-ragged,boundary_large,F12,131072,7007,True,131075,ok,ok,55368,55368,ok,45360,zlib,L,L,0.0,tie
boundary_large-F12-131072-7008-base,boundary_large,F12,131072,7008,False,131072,ok,ok,55328,55328,ok,45312,zlib,L,L,0.0,tie
boundary_large-F12-131072-7008-ragged,boundary_large,F12,131072,7008,True,131075,ok,ok,55368,55368,ok,45320,zlib,L,L,0.0,tie
boundary_large-F12-131072-7009-base,boundary_large,F12,131072,7009,False,131072,ok,ok,55328,55328,ok,45344,zlib,L,L,0.0,tie
boundary_large-F12-131072-7009-ragged,boundary_large,F12,131072,7009,True,131075,ok,ok,55368,55368,ok,45352,zlib,L,L,0.0,tie
boundary_large-F12-131072-7010-base,boundary_large,F12,131072,7010,False,131072,ok,ok,55328,55328,ok,45408,zlib,L,L,0.0,tie
boundary_large-F12-131072-7010-ragged,boundary_large,F12,131072,7010,True,131075,ok,ok,55368,55368,ok,45416,zlib,L,L,0.0,tie
boundary_large-F12-131072-7011-base,boundary_large,F12,131072,7011,False,131072,ok,ok,55232,55232,ok,45408,zlib,L,L,0.0,tie
boundary_large-F12-131072-7011-ragged,boundary_large,F12,131072,7011,True,131075,ok,ok,55272,55272,ok,45416,zlib,L,L,0.0,tie
boundary_large-F12-131072-7012-base,boundary_large,F12,131072,7012,False,131072,ok,ok,55328,55328,ok,45336,zlib,L,L,0.0,tie
boundary_large-F12-131072-7012-ragged,boundary_large,F12,131072,7012,True,131075,ok,ok,55368,55368,ok,45344,zlib,L,L,0.0,tie
boundary_large-F12-131072-7013-base,boundary_large,F12,131072,7013,False,131072,ok,ok,55328,55328,ok,45384,zlib,L,L,0.0,tie
boundary_large-F12-131072-7013-ragged,boundary_large,F12,131072,7013,True,131075,ok,ok,55368,55368,ok,45392,zlib,L,L,0.0,tie
boundary_large-F12-131072-7014-base,boundary_large,F12,131072,7014,False,131072,ok,ok,55296,55296,ok,45368,zlib,L,L,0.0,tie
boundary_large-F12-131072-7014-ragged,boundary_large,F12,131072,7014,True,131075,ok,ok,55336,55336,ok,45376,zlib,L,L,0.0,tie
boundary_large-F12-131072-7015-base,boundary_large,F12,131072,7015,False,131072,ok,ok,55328,55328,ok,45360,zlib,L,L,0.0,tie
boundary_large-F12-131072-7015-ragged,boundary_large,F12,131072,7015,True,131075,ok,ok,55368,55368,ok,45368,zlib,L,L,0.0,tie
boundary_large-F12-131072-7016-base,boundary_large,F12,131072,7016,False,131072,ok,ok,55328,55328,ok,45360,zlib,L,L,0.0,tie
boundary_large-F12-131072-7016-ragged,boundary_large,F12,131072,7016,True,131075,ok,ok,55368,55368,ok,45368,zlib,L,L,0.0,tie
boundary_large-F12-131072-7017-base,boundary_large,F12,131072,7017,False,131072,ok,ok,55328,55328,ok,45368,zlib,L,L,0.0,tie
boundary_large-F12-131072-7017-ragged,boundary_large,F12,131072,7017,True,131075,ok,ok,55368,55368,ok,45376,zlib,L,L,0.0,tie
boundary_large-F12-131072-7018-base,boundary_large,F12,131072,7018,False,131072,ok,ok,55328,55328,ok,45384,zlib,L,L,0.0,tie
boundary_large-F12-131072-7018-ragged,boundary_large,F12,131072,7018,True,131075,ok,ok,55368,55368,ok,45424,zlib,L,L,0.0,tie
boundary_large-F12-131072-7019-base,boundary_large,F12,131072,7019,False,131072,ok,ok,55328,55328,ok,45400,zlib,L,L,0.0,tie
boundary_large-F12-131072-7019-ragged,boundary_large,F12,131072,7019,True,131075,ok,ok,55368,55368,ok,45408,zlib,L,L,0.0,tie
boundary_stress-S02-4096-8000-base,boundary_stress,S02,4096,8000,False,4096,ok,ok,3016,3000,ok,3000,zlib,B,B,0.00390625,better
boundary_stress-S02-4096-8000-ragged,boundary_stress,S02,4096,8000,True,4099,ok,ok,3016,3008,ok,3008,zlib,B,B,0.0019516955354964625,better
boundary_stress-S02-4096-8001-base,boundary_stress,S02,4096,8001,False,4096,ok,ok,2616,2616,ok,3728,zlib,B,B,0.0,tie
boundary_stress-S02-4096-8001-ragged,boundary_stress,S02,4096,8001,True,4099,ok,ok,2640,2616,ok,3736,zlib,B,B,0.005855086606489388,better
boundary_stress-S02-4096-8002-base,boundary_stress,S02,4096,8002,False,4096,ok,ok,3552,3552,ok,3680,zlib,B,B,0.0,tie
boundary_stress-S02-4096-8002-ragged,boundary_stress,S02,4096,8002,True,4099,ok,ok,3560,3560,ok,3688,zlib,B,B,0.0,tie
boundary_stress-S02-4096-8003-base,boundary_stress,S02,4096,8003,False,4096,ok,ok,3216,3192,ok,3320,zlib,B,B,0.005859375,better
boundary_stress-S02-4096-8003-ragged,boundary_stress,S02,4096,8003,True,4099,ok,ok,3056,3056,ok,3328,zlib,B,B,0.0,tie
boundary_stress-S02-4096-8004-base,boundary_stress,S02,4096,8004,False,4096,ok,ok,3024,3024,ok,3728,zlib,B,B,0.0,tie
boundary_stress-S02-4096-8004-ragged,boundary_stress,S02,4096,8004,True,4099,ok,ok,3072,3000,ok,3736,zlib,B,B,0.017565259819468163,better
boundary_stress-S02-4096-8005-base,boundary_stress,S02,4096,8005,False,4096,ok,ok,2392,2392,ok,3232,zlib,B,B,0.0,tie
boundary_stress-S02-4096-8005-ragged,boundary_stress,S02,4096,8005,True,4099,ok,ok,2376,2376,ok,3240,zlib,B,B,0.0,tie
boundary_stress-S02-4096-8006-base,boundary_stress,S02,4096,8006,False,4096,ok,ok,2104,2104,ok,2992,zlib,B,B,0.0,tie
boundary_stress-S02-4096-8006-ragged,boundary_stress,S02,4096,8006,True,4099,ok,ok,2088,2088,ok,3000,zlib,B,B,0.0,tie
boundary_stress-S02-4096-8007-base,boundary_stress,S02,4096,8007,False,4096,ok,ok,3512,3536,ok,3400,zlib,B,B,-0.005859375,worse
boundary_stress-S02-4096-8007-ragged,boundary_stress,S02,4096,8007,True,4099,ok,ok,3520,3488,ok,3408,zlib,B,B,0.00780678214198585,better
boundary_stress-S02-4096-8008-base,boundary_stress,S02,4096,8008,False,4096,ok,ok,3072,3048,ok,3216,zlib,B,B,0.005859375,better
boundary_stress-S02-4096-8008-ragged,boundary_stress,S02,4096,8008,True,4099,ok,ok,3056,3040,ok,3224,zlib,B,B,0.003903391070992925,better
boundary_stress-S02-4096-8009-base,boundary_stress,S02,4096,8009,False,4096,ok,ok,3424,3424,ok,3600,zlib,B,B,0.0,tie
boundary_stress-S02-4096-8009-ragged,boundary_stress,S02,4096,8009,True,4099,ok,ok,3496,3496,ok,3608,zlib,B,B,0.0,tie
boundary_stress-S02-4096-8010-base,boundary_stress,S02,4096,8010,False,4096,ok,ok,3432,3424,ok,3640,zlib,B,B,0.001953125,better
boundary_stress-S02-4096-8010-ragged,boundary_stress,S02,4096,8010,True,4099,ok,ok,3464,3368,ok,3648,zlib,B,B,0.023420346425957552,better
boundary_stress-S02-4096-8011-base,boundary_stress,S02,4096,8011,False,4096,ok,ok,3184,3184,ok,3080,zlib,B,B,0.0,tie
boundary_stress-S02-4096-8011-ragged,boundary_stress,S02,4096,8011,True,4099,ok,ok,3264,2744,ok,3088,zlib,B,B,0.12686020980727006,better
boundary_stress-S02-4096-8012-base,boundary_stress,S02,4096,8012,False,4096,ok,ok,3200,3176,ok,4032,zlib,B,B,0.005859375,better
boundary_stress-S02-4096-8012-ragged,boundary_stress,S02,4096,8012,True,4099,ok,ok,3280,3280,ok,4040,zlib,B,B,0.0,tie
boundary_stress-S02-4096-8013-base,boundary_stress,S02,4096,8013,False,4096,ok,ok,2832,2832,ok,3584,zlib,B,B,0.0,tie
boundary_stress-S02-4096-8013-ragged,boundary_stress,S02,4096,8013,True,4099,ok,ok,2976,2840,ok,3592,zlib,B,B,0.03317882410343986,better
boundary_stress-S02-4096-8014-base,boundary_stress,S02,4096,8014,False,4096,ok,ok,2664,2744,ok,3360,zlib,B,B,-0.01953125,worse
boundary_stress-S02-4096-8014-ragged,boundary_stress,S02,4096,8014,True,4099,ok,ok,2640,2752,ok,3368,zlib,B,B,-0.027323737496950475,worse
boundary_stress-S02-4096-8015-base,boundary_stress,S02,4096,8015,False,4096,ok,ok,3096,3040,ok,3496,zlib,B,B,0.013671875,better
boundary_stress-S02-4096-8015-ragged,boundary_stress,S02,4096,8015,True,4099,ok,ok,3128,3088,ok,3504,zlib,B,B,0.009758477677482313,better
boundary_stress-S02-4096-8016-base,boundary_stress,S02,4096,8016,False,4096,ok,ok,3368,3368,ok,3392,zlib,L,L,0.0,tie
boundary_stress-S02-4096-8016-ragged,boundary_stress,S02,4096,8016,True,4099,ok,ok,3400,3400,ok,3400,zlib,L,L,0.0,tie
boundary_stress-S02-4096-8017-base,boundary_stress,S02,4096,8017,False,4096,ok,ok,2976,2992,ok,3464,zlib,B,B,-0.00390625,worse
boundary_stress-S02-4096-8017-ragged,boundary_stress,S02,4096,8017,True,4099,ok,ok,3008,3000,ok,3472,zlib,B,B,0.0019516955354964625,better
boundary_stress-S02-4096-8018-base,boundary_stress,S02,4096,8018,False,4096,ok,ok,2944,2944,ok,3504,zlib,B,B,0.0,tie
boundary_stress-S02-4096-8018-ragged,boundary_stress,S02,4096,8018,True,4099,ok,ok,2968,2976,ok,3512,zlib,B,B,-0.0019516955354964625,worse
boundary_stress-S02-4096-8019-base,boundary_stress,S02,4096,8019,False,4096,ok,ok,2920,2760,ok,3624,zlib,B,B,0.0390625,better
boundary_stress-S02-4096-8019-ragged,boundary_stress,S02,4096,8019,True,4099,ok,ok,2872,2768,ok,3632,zlib,B,B,0.02537204196145401,better
boundary_stress-S02-65536-8000-base,boundary_stress,S02,65536,8000,False,65536,ok,ok,38376,40240,ok,39696,zlib,B,B,-0.0284423828125,worse
boundary_stress-S02-65536-8000-ragged,boundary_stress,S02,65536,8000,True,65539,ok,ok,38376,40240,ok,39704,zlib,B,B,-0.028441080883138285,worse
boundary_stress-S02-65536-8001-base,boundary_stress,S02,65536,8001,False,65536,ok,ok,30000,30024,ok,31424,zlib,B,B,-0.0003662109375,worse
boundary_stress-S02-65536-8001-ragged,boundary_stress,S02,65536,8001,True,65539,ok,ok,29952,30000,ok,31440,zlib,B,B,-0.0007323883489220159,worse
boundary_stress-S02-65536-8002-base,boundary_stress,S02,65536,8002,False,65536,ok,ok,32992,32992,ok,34528,zlib,B,B,0.0,tie
boundary_stress-S02-65536-8002-ragged,boundary_stress,S02,65536,8002,True,65539,ok,ok,33048,33048,ok,34536,zlib,B,B,0.0,tie
boundary_stress-S02-65536-8003-base,boundary_stress,S02,65536,8003,False,65536,ok,ok,35824,35824,ok,37456,zlib,B,B,0.0,tie
boundary_stress-S02-65536-8003-ragged,boundary_stress,S02,65536,8003,True,65539,ok,ok,35872,35920,ok,37464,zlib,B,B,-0.0007323883489220159,worse
boundary_stress-S02-65536-8004-base,boundary_stress,S02,65536,8004,False,65536,ok,ok,45680,45680,ok,39144,zlib,L,L,0.0,tie
boundary_stress-S02-65536-8004-ragged,boundary_stress,S02,65536,8004,True,65539,ok,ok,46544,46544,ok,39144,zlib,L,L,0.0,tie
boundary_stress-S02-65536-8005-base,boundary_stress,S02,65536,8005,False,65536,ok,ok,39536,39536,ok,33800,zlib,L,L,0.0,tie
boundary_stress-S02-65536-8005-ragged,boundary_stress,S02,65536,8005,True,65539,ok,ok,39568,39568,ok,33800,zlib,L,L,0.0,tie
boundary_stress-S02-65536-8006-base,boundary_stress,S02,65536,8006,False,65536,ok,ok,41000,41000,ok,42488,zlib,B,B,0.0,tie
boundary_stress-S02-65536-8006-ragged,boundary_stress,S02,65536,8006,True,65539,ok,ok,40960,40968,ok,42496,zlib,B,B,-0.00012206472482033598,worse
boundary_stress-S02-65536-8007-base,boundary_stress,S02,65536,8007,False,65536,ok,ok,36048,36072,ok,37640,zlib,B,B,-0.0003662109375,worse
boundary_stress-S02-65536-8007-ragged,boundary_stress,S02,65536,8007,True,65539,ok,ok,36032,36104,ok,37648,zlib,B,B,-0.0010985825233830238,worse
boundary_stress-S02-65536-8008-base,boundary_stress,S02,65536,8008,False,65536,ok,ok,37408,37456,ok,38928,zlib,B,B,-0.000732421875,worse
boundary_stress-S02-65536-8008-ragged,boundary_stress,S02,65536,8008,True,65539,ok,ok,37448,37536,ok,38936,zlib,B,B,-0.0013427119730236958,worse
boundary_stress-S02-65536-8009-base,boundary_stress,S02,65536,8009,False,65536,ok,ok,42336,42360,ok,44048,zlib,B,B,-0.0003662109375,worse
boundary_stress-S02-65536-8009-ragged,boundary_stress,S02,65536,8009,True,65539,ok,ok,42416,42440,ok,44056,zlib,B,B,-0.00036619417446100795,worse
boundary_stress-S02-65536-8010-base,boundary_stress,S02,65536,8010,False,65536,ok,ok,39856,39856,ok,41264,zlib,B,B,0.0,tie
boundary_stress-S02-65536-8010-ragged,boundary_stress,S02,65536,8010,True,65539,ok,ok,39840,39840,ok,41272,zlib,B,B,0.0,tie
boundary_stress-S02-65536-8011-base,boundary_stress,S02,65536,8011,False,65536,ok,ok,36344,36344,ok,33688,zlib,B,B,0.0,tie
boundary_stress-S02-65536-8011-ragged,boundary_stress,S02,65536,8011,True,65539,ok,ok,36480,36480,ok,33696,zlib,B,B,0.0,tie
boundary_stress-S02-65536-8012-base,boundary_stress,S02,65536,8012,False,65536,ok,ok,48296,48296,ok,42840,zlib,L,L,0.0,tie
boundary_stress-S02-65536-8012-ragged,boundary_stress,S02,65536,8012,True,65539,ok,ok,48328,48328,ok,42848,zlib,L,L,0.0,tie
boundary_stress-S02-65536-8013-base,boundary_stress,S02,65536,8013,False,65536,ok,ok,41800,41800,ok,34488,zlib,L,L,0.0,tie
boundary_stress-S02-65536-8013-ragged,boundary_stress,S02,65536,8013,True,65539,ok,ok,41832,41832,ok,34504,zlib,L,L,0.0,tie
boundary_stress-S02-65536-8014-base,boundary_stress,S02,65536,8014,False,65536,ok,ok,35400,35400,ok,35136,zlib,B,B,0.0,tie
boundary_stress-S02-65536-8014-ragged,boundary_stress,S02,65536,8014,True,65539,ok,ok,35432,35576,ok,35144,zlib,B,B,-0.0021971650467660477,worse
boundary_stress-S02-65536-8015-base,boundary_stress,S02,65536,8015,False,65536,ok,ok,38640,38664,ok,35312,zlib,B,B,-0.0003662109375,worse
boundary_stress-S02-65536-8015-ragged,boundary_stress,S02,65536,8015,True,65539,ok,ok,38568,38568,ok,35320,zlib,B,B,0.0,tie
boundary_stress-S02-65536-8016-base,boundary_stress,S02,65536,8016,False,65536,ok,ok,28256,28256,ok,27024,zlib,B,B,0.0,tie
boundary_stress-S02-65536-8016-ragged,boundary_stress,S02,65536,8016,True,65539,ok,ok,28304,28304,ok,27040,zlib,B,B,0.0,tie
boundary_stress-S02-65536-8017-base,boundary_stress,S02,65536,8017,False,65536,ok,ok,33720,33720,ok,27544,zlib,L,L,0.0,tie
boundary_stress-S02-65536-8017-ragged,boundary_stress,S02,65536,8017,True,65539,ok,ok,33752,33752,ok,27552,zlib,L,L,0.0,tie
boundary_stress-S02-65536-8018-base,boundary_stress,S02,65536,8018,False,65536,ok,ok,33400,33400,ok,35056,zlib,B,B,0.0,tie
boundary_stress-S02-65536-8018-ragged,boundary_stress,S02,65536,8018,True,65539,ok,ok,33448,33592,ok,35064,zlib,B,B,-0.0021971650467660477,worse
boundary_stress-S02-65536-8019-base,boundary_stress,S02,65536,8019,False,65536,ok,ok,32336,32336,ok,33744,zlib,B,B,0.0,tie
boundary_stress-S02-65536-8019-ragged,boundary_stress,S02,65536,8019,True,65539,ok,ok,32384,32384,ok,33752,zlib,B,B,0.0,tie
controls-F01-4096-9000-base,controls,F01,4096,9000,False,4096,ok,ok,192,192,ok,88,period,L,L,0.0,tie
controls-F01-4096-9000-ragged,controls,F01,4096,9000,True,4099,ok,ok,192,192,ok,88,period,L,L,0.0,tie
controls-F01-4096-9001-base,controls,F01,4096,9001,False,4096,ok,ok,208,208,ok,104,period,L,L,0.0,tie
controls-F01-4096-9001-ragged,controls,F01,4096,9001,True,4099,ok,ok,208,208,ok,104,period,L,L,0.0,tie
controls-F06-4096-9000-base,controls,F06,4096,9000,False,4096,ok,ok,1256,1256,ok,2464,zlib,G,G,0.0,tie
controls-F06-4096-9000-ragged,controls,F06,4096,9000,True,4099,ok,ok,1272,1272,ok,2472,zlib,G,G,0.0,tie
controls-F06-4096-9001-base,controls,F06,4096,9001,False,4096,ok,ok,1304,1304,ok,2920,lzma,G,G,0.0,tie
controls-F06-4096-9001-ragged,controls,F06,4096,9001,True,4099,ok,ok,1320,1320,ok,2952,lzma,G,G,0.0,tie
controls-F07-4096-9000-base,controls,F07,4096,9000,False,4096,ok,ok,4168,4168,ok,4168,raw,raw,raw,0.0,tie
controls-F07-4096-9000-ragged,controls,F07,4096,9000,True,4099,ok,ok,4176,4176,ok,4176,raw,raw,raw,0.0,tie
controls-F07-4096-9001-base,controls,F07,4096,9001,False,4096,ok,ok,4168,4168,ok,4168,raw,raw,raw,0.0,tie
controls-F07-4096-9001-ragged,controls,F07,4096,9001,True,4099,ok,ok,4176,4176,ok,4176,raw,raw,raw,0.0,tie
controls-F11-4096-9000-base,controls,F11,4096,9000,False,4096,ok,ok,4168,4168,ok,4088,context,raw,raw,0.0,tie
controls-F11-4096-9000-ragged,controls,F11,4096,9000,True,4099,ok,ok,4176,4176,ok,4088,context,raw,raw,0.0,tie
controls-F11-4096-9001-base,controls,F11,4096,9001,False,4096,ok,ok,4168,4168,ok,4096,context,raw,raw,0.0,tie
controls-F11-4096-9001-ragged,controls,F11,4096,9001,True,4099,ok,ok,4176,4176,ok,4104,context,raw,raw,0.0,tie
