Gene,Network,Essentiality,ΔD,Graph,ΔD+Graph,Constraint,Graph+Constraint,ΔD+Graph+Constraint,RF (constraint)
EGF,egfr_signaling,0,0.5285182018753763,0.4513354306337365,0.4977314337352496,0.4938393213505076,0.49420000380034185,0.5155157267350862,0.23883625726658228
EGFR,egfr_signaling,1,0.5141319279319151,0.5509299998031154,0.6375125359343113,0.532934512761755,0.5947263547781161,0.6505985247594838,0.30273080787031814
GRB2,egfr_signaling,1,0.4871787624242323,0.521872277579526,0.5110597181556089,0.5121554043507941,0.5255893901751599,0.5099211862234616,0.3024866984782193
ATM,p53_mdm2,0,0.36687489836754933,0.403482863283352,0.06081224551271978,0.4878178500254597,0.4570487049776643,0.06990201922869899,0.4607879005423894
SPN,ginsim_2009-budding-yeast-full-cell-cycle_coupled_budding_yeast_CC,0,0.48367335721695104,0.5341883740240452,0.47372420110421537,0.5663341791222949,0.6909611542969996,0.6865618098333848,0.2775256026741875
CRP,lac_operon,0,0.2210469352334259,0.9123420606488388,0.09573807313683438,0.5649809112799258,0.9562483617451577,0.1717221408945378,0.45736476433809525
ZAP70,ginsim_default_TCRsig40,1,0.49798233458420665,0.5651995508623496,0.6978729603660004,0.48215750662228524,0.549345690863314,0.6800279852290795,0.4215781543913478
LAT,ginsim_default_TCRsig40,0,0.5039957866526524,0.4537514469180031,0.4670776649974756,0.5624829449090094,0.5226274492631603,0.5132467794363105,0.10382164080138867
LCK,ginsim_default_TCRsig40,1,0.5119797872773412,0.6260036692150449,0.8215272814796128,0.48772984814951725,0.6398494642212369,0.8145535507909164,0.2867152258332245
TNF,pyboolnet_tournier_apoptosis,0,0.1695883525310631,0.5040722716561384,0.001724250032510318,0.5049441877918495,0.5039241448941887,0.0011468331246790831,0.3352388866524575
PDK1,ginsim_default_MAPK_large_19june2013,0,0.5048257290347059,0.3324764699633776,0.2980191337760053,0.49433456250621666,0.3535908359482473,0.31039561060985166,0.09608986404785919
FRS2,ginsim_default_MAPK_large_19june2013,0,0.5045334342799942,0.3927266632835642,0.37897341796394546,0.49539244594887855,0.3467412411655951,0.325296463801022,0.09729610854268364
ELK1,ginsim_default_MAPK_large_19june2013,0,0.46358545132888096,0.795163581691844,0.7298807626547744,0.5008411549742489,0.784774406819126,0.7118619442371378,0.3525171332725418
FOXO3,ginsim_default_MAPK_large_19june2013,0,0.5385566284708785,0.62106838824041,0.7300588912126005,0.4981023972147115,0.58854496405593,0.706695081321083,0.12292106735819829
FGFR3,ginsim_default_MAPK_large_19june2013,0,0.5007048011381585,0.4014225057750223,0.396838266559873,0.4810510814055864,0.4023606569660203,0.3778631865361623,0.1663973502425208
MDM2,ginsim_default_MAPK_large_19june2013,0,0.5007051872263891,0.3470259950588762,0.3200736195897138,0.4919797174884645,0.30004077511813215,0.2670799693994048,0.08198861423676639
MAX,ginsim_default_MAPK_large_19june2013,0,0.5315821225467982,0.5855404764904194,0.6596061599372457,0.504526295277045,0.5713436030540051,0.6522606622677845,0.28843729751097197
BCL2,ginsim_default_MAPK_large_19june2013,0,0.5100423858251222,0.5603506015309551,0.5687938370640468,0.5097799010733651,0.5749797511697862,0.5886708543111747,0.18767562658877396
JUN,ginsim_default_MAPK_large_19june2013,0,0.5092981213789134,0.5572590887221333,0.5524352415227822,0.5099540985218816,0.6067216749682489,0.6062267081454852,0.22508183354182154
EGFR,ginsim_default_MAPK_large_19june2013,0,0.5148644761348675,0.27234476789556283,0.3184973042946117,0.47914730192285815,0.24796650017120678,0.27831073350398844,0.19824545998093776
DUSP1,ginsim_default_MAPK_large_19june2013,0,0.4970411192179912,0.6173469983149097,0.6109431916853828,0.501440597858232,0.658990320135145,0.6521247850689554,0.1467088560022854
ATM,ginsim_default_MAPK_large_19june2013,0,0.5219042810342908,0.49583489769334554,0.5500302172752471,0.4878178500254597,0.5106730219470467,0.5543891592926172,0.1467490672465501
GAB1,ginsim_default_MAPK_large_19june2013,0,0.514732824405851,0.40716067295806313,0.4131256136537995,0.4777122331529595,0.38699162518540464,0.37076273115924274,0.28897733667936965
FOS,ginsim_default_MAPK_large_19june2013,0,0.5063267071241462,0.6373907517567018,0.697497880604028,0.49388719587505586,0.6520545927375453,0.7092384000634292,0.24995814784042147
MYC,ginsim_default_MAPK_large_19june2013,0,0.528045133378922,0.4591972958672462,0.5726525111156654,0.49190942070310084,0.4107729456698444,0.5229876110529036,0.11132837762374258
GRB2,ginsim_default_MAPK_large_19june2013,0,0.5219428423121691,0.286999289506635,0.39681310709221856,0.5019507608376459,0.2611369963878329,0.37206386818835113,0.23741695882446356
PPP2CA,ginsim_default_MAPK_large_19june2013,0,0.5296402961580409,0.48197613716094423,0.5486973852203553,0.49789521417127997,0.44282354227322684,0.5113645709613591,0.12594524163297804
ATF2,ginsim_default_MAPK_large_19june2013,0,0.5047236746558401,0.6885057798569687,0.7119339101094433,0.4992518488175659,0.6619026571351889,0.6852313096230142,0.16400854290387165
PTEN,ginsim_default_MAPK_large_19june2013,0,0.5142791843507241,0.4184482185361882,0.4060256702726959,0.4848673451261302,0.4081892712626246,0.381452172717217,0.15661218341925662
CDH1,ginsim_2015-mammal-tumor-invasion-migration_SuppMat_Model_Master_Model,1,0.5220428488465273,0.2693461246202658,0.44578316253048395,0.43563067332613326,0.23496518028730343,0.39606083051741997,0.3031894830057155
CDH2,ginsim_2015-mammal-tumor-invasion-migration_SuppMat_Model_Master_Model,0,0.5320509549468369,0.2366851048869598,0.39432301805216396,0.5239357041249474,0.23192957746899917,0.4244705381059266,0.2594088323516213
VIM,ginsim_2015-mammal-tumor-invasion-migration_SuppMat_Model_Master_Model,1,0.5338940233782294,0.2816559721499381,0.36065185952461004,0.5035607069088699,0.2724015539908367,0.3598372068027906,0.28453656882000805
TWIST1,ginsim_2015-mammal-tumor-invasion-migration_SuppMat_Model_Master_Model,0,0.4957034185836284,0.2720650009845524,0.3916524994881848,0.523597980026728,0.3151583510452089,0.5070447889094802,0.3374129561753935
SNAI1,ginsim_2015-mammal-tumor-invasion-migration_SuppMat_Model_Master_Model,1,0.4570374672108734,0.24797802379110756,0.3280611023093182,0.4697071871946228,0.24096897368377515,0.32274807239756736,0.3383987030303074
SNAI2,ginsim_2015-mammal-tumor-invasion-migration_SuppMat_Model_Master_Model,0,0.5006996789214301,0.2561862069802194,0.4086255253271487,0.520909143784327,0.26174648778189824,0.45713311029485937,0.4535643681804275
ZEB1,ginsim_2015-mammal-tumor-invasion-migration_SuppMat_Model_Master_Model,0,0.48053056161627766,0.2679252871675264,0.38225630369689495,0.5236488116271971,0.26520749998559484,0.4043113858959811,0.39601781245730444
ZEB2,ginsim_2015-mammal-tumor-invasion-migration_SuppMat_Model_Master_Model,0,0.5171666374438236,0.23655508996061775,0.4477688822647709,0.5062134764834338,0.21614684757558308,0.4484022657628684,0.4569980978066147
AKT1,ginsim_2015-mammal-tumor-invasion-migration_SuppMat_Model_Master_Model,0,0.4586452920712996,0.1860889048404656,0.3274502950290055,0.5245690220707685,0.1897468346263492,0.37684858542884064,0.4482466481272379
DKK1,ginsim_2015-mammal-tumor-invasion-migration_SuppMat_Model_Master_Model,0,0.6099376095338556,0.30493373890683617,0.5683097254661109,0.4692465117494313,0.29481499620306467,0.5958813866440972,0.29473364474541475
CTNNB1,ginsim_2015-mammal-tumor-invasion-migration_SuppMat_Model_Master_Model,0,0.3959419359625836,0.18772076149462957,0.19361458894166494,0.5084659273019794,0.18218201794007988,0.18875194470440476,0.5121674952816205
AKT2,ginsim_2015-mammal-tumor-invasion-migration_SuppMat_Model_Master_Model,0,0.49094631438932973,0.21190902238074344,0.41406639386222704,0.4946311516684847,0.20693969946420993,0.447971865215449,0.5965717713533959
TLR5,ginsim_2018-mammal-tcr-tlr5_RodriguezJorge_TLR5_Signalling_BooleanModel_17Jul2018,1,0.5132593920238463,0.4622380985109456,0.4113665008830055,0.4096364177142675,0.42606529709205454,0.40468218137653655,0.5413765851126935
PIK3AP1,ginsim_2018-mammal-tcr-tlr5_RodriguezJorge_TLR5_Signalling_BooleanModel_17Jul2018,0,0.5291716161181976,0.4428528507270726,0.4494589918199624,0.5411540617418765,0.45740755415681994,0.4504955466281436,0.4931776726290443
IRAK4,ginsim_2018-mammal-tcr-tlr5_RodriguezJorge_TLR5_Signalling_BooleanModel_17Jul2018,0,0.49965062005021366,0.4623113075400132,0.37501618723817054,0.4525734144833583,0.4610175951770403,0.38053502351051893,0.4647349012774766
IRAK1,ginsim_2018-mammal-tcr-tlr5_RodriguezJorge_TLR5_Signalling_BooleanModel_17Jul2018,0,0.49380712299232277,0.47204636397620664,0.38291794799997836,0.5200276638855595,0.45775775994844636,0.3764220563251337,0.34052500586054796
TRAF6,ginsim_2018-mammal-tcr-tlr5_RodriguezJorge_TLR5_Signalling_BooleanModel_17Jul2018,0,0.5112533855136046,0.4670901777666513,0.4484064710383223,0.5286977511957556,0.4578093070671045,0.44136403576027333,0.18598241638921392
PDPK1,ginsim_2018-mammal-tcr-tlr5_RodriguezJorge_TLR5_Signalling_BooleanModel_17Jul2018,0,0.5209169273866853,0.4815462074061396,0.5150482826069644,0.5196280951249441,0.45654323022329213,0.5005970334788499,0.12206596035383026
IKBKB,ginsim_2018-mammal-tcr-tlr5_RodriguezJorge_TLR5_Signalling_BooleanModel_17Jul2018,0,0.5002809122788705,0.5845837758144572,0.6095141513225757,0.5192206294437656,0.5637920949263879,0.598416316217101,0.44765099018847415
NFKBIA,ginsim_2018-mammal-tcr-tlr5_RodriguezJorge_TLR5_Signalling_BooleanModel_17Jul2018,0,0.5119526009935462,0.4938102351669261,0.4960868813517671,0.531970264911813,0.5050904025326692,0.49690385056831504,0.09621180549618086
MAP2K2,ginsim_2018-mammal-tcr-tlr5_RodriguezJorge_TLR5_Signalling_BooleanModel_17Jul2018,0,0.5375086688628391,0.4650167103474835,0.533850554259428,0.5154518772086539,0.4508234550885186,0.5232602853355669,0.25542704503954333
MAP2K3,ginsim_2018-mammal-tcr-tlr5_RodriguezJorge_TLR5_Signalling_BooleanModel_17Jul2018,0,0.5192348597608625,0.4643107945632414,0.49480505365403715,0.5032966054691461,0.496348143955809,0.5081255286766787,0.03662310135765928
MAP2K7,ginsim_2018-mammal-tcr-tlr5_RodriguezJorge_TLR5_Signalling_BooleanModel_17Jul2018,0,0.5248517387627969,0.429832756365457,0.4441950567676726,0.5267776083524351,0.4327888245936083,0.4410863530295505,0.16620019190644453
MAP3K8,ginsim_2018-mammal-tcr-tlr5_RodriguezJorge_TLR5_Signalling_BooleanModel_17Jul2018,0,0.5231110489891903,0.47447409915692673,0.5042595706474059,0.5156644998664414,0.4581158817801782,0.49382888354502025,0.10452083717749239
NFKB1,ginsim_2018-mammal-tcr-tlr5_RodriguezJorge_TLR5_Signalling_BooleanModel_17Jul2018,1,0.5249166629586476,0.4417984912655853,0.45483982950222657,0.53904420489159,0.45873929858096596,0.45678652911620066,0.38362907821544595
RPS6KA2,ginsim_2018-mammal-tcr-tlr5_RodriguezJorge_TLR5_Signalling_BooleanModel_17Jul2018,0,0.5068574907713204,0.5608195314340843,0.5690953688830368,0.5326193676267974,0.6285280035816585,0.5964431666875761,0.24783010175973047
MKNK1,ginsim_2018-mammal-tcr-tlr5_RodriguezJorge_TLR5_Signalling_BooleanModel_17Jul2018,0,0.5143623192079008,0.4790038148234042,0.46747846075118704,0.4552052308787906,0.4864849744677074,0.4747752558286189,0.39304395226129146
RPS6KA5,ginsim_2018-mammal-tcr-tlr5_RodriguezJorge_TLR5_Signalling_BooleanModel_17Jul2018,0,0.4990603999102814,0.6028476466722485,0.6091118152516997,0.5253307831481429,0.603503449420417,0.6062644615260964,0.2832849743235404
MAPKAPK2,ginsim_2018-mammal-tcr-tlr5_RodriguezJorge_TLR5_Signalling_BooleanModel_17Jul2018,0,0.5046687907103864,0.5670106328545416,0.581106167293093,0.5395865933867934,0.5665271166874749,0.5764741658524052,0.2096499016297999
JUN,ginsim_2018-mammal-tcr-tlr5_RodriguezJorge_TLR5_Signalling_BooleanModel_17Jul2018,0,0.5254938288159893,0.5254760869771665,0.5790288254475298,0.4547380907184338,0.5232267904453272,0.5809223173645821,0.21504363178968935
FOS,ginsim_2018-mammal-tcr-tlr5_RodriguezJorge_TLR5_Signalling_BooleanModel_17Jul2018,0,0.5314053056279083,0.5103171861981651,0.5678039217912761,0.4973872489580233,0.5394124772327932,0.5787804510965463,0.4601258556360144
CREB1,ginsim_2018-mammal-tcr-tlr5_RodriguezJorge_TLR5_Signalling_BooleanModel_17Jul2018,0,0.34865576268107734,0.7904818758204067,0.40943453457177437,0.5279267563658648,0.7920636259618948,0.4178693355868986,0.5096508805085161
TNFAIP3,ginsim_2018-mammal-tcr-tlr5_RodriguezJorge_TLR5_Signalling_BooleanModel_17Jul2018,0,0.5368393871265391,0.4739194506559779,0.5520680267086867,0.5313944415491354,0.47557327594334003,0.5467346279238343,0.1299531944540681
ZFP36,ginsim_2018-mammal-tcr-tlr5_RodriguezJorge_TLR5_Signalling_BooleanModel_17Jul2018,0,0.4587117150546705,0.6144630321614913,0.4859759792217303,0.49566644918746544,0.6195149452025511,0.49082867304901723,0.19545114714122735
PIK3R1,ginsim_2018-mammal-tcr-tlr5_RodriguezJorge_TLR5_Signalling_BooleanModel_17Jul2018,0,0.521039780290921,0.43593555174598164,0.41814557458510127,0.5271599230200859,0.43615509784739914,0.4147347511841737,0.43364472390005077
IKBKG,ginsim_2018-mammal-tcr-tlr5_RodriguezJorge_TLR5_Signalling_BooleanModel_17Jul2018,0,0.5192824545074856,0.4474241440736536,0.4611691904708727,0.40795190236412554,0.4004785861371163,0.4479588374817734,0.08555762250177007
EGFR,ginsim_2015-mammal-bladder-tumorigenesis,0,0.503476306349267,0.3164261170868321,0.3239608093173017,0.47914730192285815,0.2931390613437948,0.2850238730522756,0.30053126839774824
FGFR3,ginsim_2015-mammal-bladder-tumorigenesis,1,0.505968910310194,0.34419934986314826,0.3444986320926178,0.4810510814055864,0.3470562018568305,0.3315125265516614,0.12138908906667932
E2F1,ginsim_2015-mammal-bladder-tumorigenesis,0,0.3404328042159308,0.5333367780207857,0.17781223496615642,0.49540438558065797,0.5167829462919319,0.15574730512400117,0.44909210758467505
E2F3,ginsim_2015-mammal-bladder-tumorigenesis,0,0.4616712753440061,0.8174862849660229,0.7820728887154353,0.5016918659063597,0.8144974761522953,0.7795291436563073,0.5804655309697532
CDC25A,ginsim_2015-mammal-bladder-tumorigenesis,0,0.4191485587997179,0.8353937678664419,0.6735550985265838,0.4992364940556164,0.832693443042697,0.6550710612489067,0.5407381805944376
RB1,ginsim_2015-mammal-bladder-tumorigenesis,1,0.4001475554239738,0.48413311675581616,0.22978669287298037,0.48955952612711523,0.4444571047115066,0.1880664031888309,0.5007025177316188
RBL2,ginsim_2015-mammal-bladder-tumorigenesis,0,0.37631160918786594,0.6774565121219873,0.2883433392351098,0.4985682660451886,0.6571171945198311,0.2483338128184184,0.41064316856136895
ATM,ginsim_2015-mammal-bladder-tumorigenesis,0,0.5039466900442939,0.5687751415771343,0.5984954626908033,0.4878178500254597,0.5940525141712005,0.6162926556255577,0.1682558274228644
MDM2,ginsim_2015-mammal-bladder-tumorigenesis,0,0.4943547580317461,0.4511856529788193,0.4337888411553328,0.4919797174884645,0.4063140129317411,0.38216396435911326,0.1668967684237162
TP53,ginsim_2015-mammal-bladder-tumorigenesis,1,0.4776263446432456,0.3579929192580311,0.3166687392159776,0.4932100849382812,0.3533615796502667,0.3087967185080429,0.4730354928057748
PTEN,ginsim_2015-mammal-bladder-tumorigenesis,0,0.5223924489503753,0.35284739975116125,0.3383058036766309,0.4848673451261302,0.34231284291492386,0.315654466445631,0.2364219400241781
GRB2,ginsim_2015-mammal-bladder-tumorigenesis,0,0.5066658331136604,0.3686192768780039,0.39014734765174114,0.5019507608376459,0.3430101288227793,0.36531093472978643,0.24341187314082563
PDK1,ginsim_default_CellCycleControl_Sizek_PCB_2019,0,0.5123575359357575,0.3628890412951839,0.35191853951283164,0.49433456250621666,0.38443771913922686,0.3645777434165081,0.20087486409664854
TSC2,ginsim_default_CellCycleControl_Sizek_PCB_2019,0,0.5149009856386648,0.35978324186260846,0.3571103537480211,0.48623835191032927,0.30173439135058283,0.28665812478268327,0.20280660114967436
E2F1,ginsim_default_CellCycleControl_Sizek_PCB_2019,0,0.43507307392678163,0.35504456105138266,0.3253748803698901,0.49540438558065797,0.3255692294017191,0.29053430492793014,0.327350789785765
BCL2,ginsim_default_CellCycleControl_Sizek_PCB_2019,0,0.3073716334231768,0.42574394378392366,0.07093402915521024,0.5097799010733651,0.451098023205354,0.06883384177973814,0.4218513009873205
BAD,ginsim_default_CellCycleControl_Sizek_PCB_2019,0,0.5853674055761224,0.38292358107831465,0.7134339909600853,0.540502090621141,0.4922968862823371,0.83009949368687,0.23413731022929532
BIK,ginsim_default_CellCycleControl_Sizek_PCB_2019,0,0.45048070804288826,0.3177152910107489,0.18603171116990405,0.5643992501039017,0.4594103892122965,0.3284898581006,0.18480688069172074
BID,ginsim_default_CellCycleControl_Sizek_PCB_2019,0,0.3987022902739554,0.46080092060302125,0.16483227272051817,0.5645875862103842,0.6129244977539042,0.2878745548967007,0.18513805878636627
BAX,ginsim_default_CellCycleControl_Sizek_PCB_2019,0,0.4124404081832262,0.30499362226389165,0.11349910487499486,0.5028367993318285,0.32042736701748564,0.1120570256245978,0.19141769786349128
CAD,ginsim_default_CellCycleControl_Sizek_PCB_2019,0,0.5117066407768767,0.21461170019189232,0.22658038395242347,0.4975435940172972,0.18656896239471693,0.1975178722002677,0.16787256771386103
ATR,ginsim_default_CellCycleControl_Sizek_PCB_2019,0,0.5190503756340611,0.3975276904646465,0.3923439116678208,0.46798440990730045,0.3738434765773306,0.33992388991249245,0.37127835188035135
SHC1,ginsim_2015-mammal-cell-fate-gastric-cancer_Flobak_FullModel_S2_Dataset,0,0.5153324799584594,0.40168533294393766,0.38252025156342667,0.5653696304513567,0.45789112685271527,0.42084317162213264,0.13443774713894482
GRB2,ginsim_2015-mammal-cell-fate-gastric-cancer_Flobak_FullModel_S2_Dataset,0,0.5052879466048561,0.38977628786128915,0.3437978702686789,0.47418001549481215,0.3543659874411157,0.3195530990259571,0.23876871862176094
DUSP6,ginsim_2015-mammal-cell-fate-gastric-cancer_Flobak_FullModel_S2_Dataset,0,0.45768322844278625,0.4557559864548643,0.2885094834772914,0.4835808357498131,0.4426467275189289,0.28392824356851315,0.040894848683879555
DUSP1,ginsim_2015-mammal-cell-fate-gastric-cancer_Flobak_FullModel_S2_Dataset,0,0.5044700370443457,0.4407708551809615,0.4180558794696605,0.5231702550025279,0.4757390698200733,0.4493881897904573,0.08602071844597359
GRAP2,ginsim_2015-mammal-cell-fate-gastric-cancer_Flobak_FullModel_S2_Dataset,0,0.5039341926317313,0.44365141119862006,0.4064033238527413,0.5478504318905402,0.50459721853356,0.45098430760407865,0.13836476510260737
IRS1,ginsim_2015-mammal-cell-fate-gastric-cancer_Flobak_FullModel_S2_Dataset,0,0.5122563304303646,0.4924150739527432,0.5291859868196439,0.5841863633640875,0.5880007024697487,0.5868394726486109,0.04185107800629924
BCL2,ginsim_2015-mammal-cell-fate-gastric-cancer_Flobak_FullModel_S2_Dataset,1,0.516483498051952,0.41102668887986255,0.39076689249204644,0.47491528871389066,0.39792353345302445,0.3849966708374091,0.25827653232060704
PTEN,ginsim_2015-mammal-cell-fate-gastric-cancer_Flobak_FullModel_S2_Dataset,0,0.516343292032871,0.44032278725723445,0.4628608254685531,0.5502046934817036,0.47513126875011186,0.4834893240284811,0.12381969631598096
BAD,ginsim_2015-mammal-cell-fate-gastric-cancer_Flobak_FullModel_S2_Dataset,0,0.5166952025661914,0.4769388873173901,0.502341247945374,0.4298001698960366,0.4368947169111017,0.49678560010798534,0.055514955897706865
MDM2,ginsim_2015-mammal-cell-fate-gastric-cancer_Flobak_FullModel_S2_Dataset,0,0.5134530206173453,0.46437992941613254,0.4889559398059519,0.49502346363994126,0.45210469997471636,0.4698577818628131,0.034873772390209834
BAX,ginsim_2015-mammal-cell-fate-gastric-cancer_Flobak_FullModel_S2_Dataset,1,0.5168586111820689,0.41442152382284086,0.3929376251680157,0.5040196811429671,0.43039432802283134,0.40674959396221166,0.22519324973465943
MAP3K8,ginsim_2015-mammal-cell-fate-gastric-cancer_Flobak_FullModel_S2_Dataset,0,0.5125535164442032,0.432277725533994,0.40522743885498885,0.4751991560045924,0.40883974313172095,0.38496705988130847,0.15878737269011448
PDK1,ginsim_2015-mammal-cell-fate-gastric-cancer_Flobak_FullModel_S2_Dataset,0,0.5133799188015539,0.44073149876071965,0.4832715016338953,0.5407054113094965,0.45348395973644956,0.49750396875934894,0.18759077678559855
ITCH,ginsim_2015-mammal-cell-fate-gastric-cancer_Flobak_FullModel_S2_Dataset,0,0.5144573256262729,0.4229848421822898,0.3958009514637827,0.48670531767238256,0.4107791927192214,0.3800679762259278,0.26515457533899955
DKK1,ginsim_2015-mammal-cell-fate-gastric-cancer_Flobak_FullModel_S2_Dataset,0,0.5164942521089061,0.433972268828716,0.41622855177303253,0.5283458018575659,0.46875112823820586,0.4421239717142725,0.1634915113845209
CFLAR,ginsim_2015-mammal-cell-fate-gastric-cancer_Flobak_FullModel_S2_Dataset,0,0.5148595205810538,0.44443434412611604,0.4409527000396975,0.4936610155953258,0.43573028552613857,0.42527046027115395,0.03274453802677621
SFRP1,ginsim_2015-mammal-cell-fate-gastric-cancer_Flobak_FullModel_S2_Dataset,0,0.5160489255006757,0.3933290698347956,0.3661510980472586,0.48110101768385205,0.3721213614156631,0.3466697852794841,0.20762421496943065
NLK,ginsim_2015-mammal-cell-fate-gastric-cancer_Flobak_FullModel_S2_Dataset,0,0.5163320743081402,0.4250486961692928,0.4075175370260567,0.5028455948953566,0.42135229429035204,0.3945567694924941,0.16959882688506167
CCND1,ginsim_2015-mammal-cell-fate-gastric-cancer_Flobak_FullModel_S2_Dataset,0,0.5081169296658149,0.44198256011640186,0.41405019789296027,0.47312873278779977,0.42089101654223493,0.39738454134551826,0.17084169517539022
TNF,ginsim_2010-mammal-cell-fate_Calzone__Cell_Fate,1,0.5156290323971672,0.41865961529236095,0.40575450560212223,0.46808840466546026,0.3812938060737577,0.3737165728815465,0.6015876216859466
FADD,ginsim_2010-mammal-cell-fate_Calzone__Cell_Fate,1,0.5044141774507618,0.47739183464259816,0.44141586189421766,0.29995214810659643,0.2921431121783299,0.3065152988251675,0.28614584927102293
CASP8,ginsim_2010-mammal-cell-fate_Calzone__Cell_Fate,1,0.5028326331309114,0.5857213053025968,0.67123209995595,0.5144288465158913,0.6289880858934352,0.7011727922824932,0.47527609310953806
BAX,ginsim_2010-mammal-cell-fate_Calzone__Cell_Fate,0,0.496389396435125,0.4853183207470967,0.467795465149299,0.47645779208153066,0.4738375683944638,0.467650392038774,0.27890473320391196
BCL2,ginsim_2010-mammal-cell-fate_Calzone__Cell_Fate,0,0.49629342575402124,0.5830926677599788,0.5695440990751658,0.44581977587596483,0.5363199122771283,0.5373669626019971,0.33263614846726053
XIAP,ginsim_2010-mammal-cell-fate_Calzone__Cell_Fate,0,0.489748341005161,0.6791333337598817,0.6847942812475216,0.4806498410133367,0.6426242985570525,0.6532754738867049,0.4767058085184747
CASP3,ginsim_2010-mammal-cell-fate_Calzone__Cell_Fate,0,0.4913945534430819,0.5997102244058937,0.6489238229125768,0.5330446955023928,0.6486481485787495,0.6886546951096715,0.5301655702699977
CTLA4,ginsim_default_ImmuneCheckpointInhibitors,1,0.4980421556315748,0.5619704876930495,0.58442906601263,0.4882820470496943,0.5247469254666557,0.5468101961317163,0.2866473424347837
FOXP3,ginsim_default_ImmuneCheckpointInhibitors,0,0.43858370945001307,0.7360482666847534,0.6819590706254486,0.5191284343725753,0.7173951487186103,0.6722283886921245,0.5125223413342076
FOXO1,ginsim_default_ImmuneCheckpointInhibitors,0,0.5068152414886644,0.5206405596589406,0.5280460840738112,0.5249491861580861,0.5164342323676796,0.5158696121760419,0.09341181072023304
CD4,ginsim_default_ImmuneCheckpointInhibitors,0,0.5131666205298644,0.40687154790174096,0.39915128935171884,0.5436567572894296,0.5051909540880214,0.48314980584272793,0.25096603675993967
CD28,ginsim_default_ImmuneCheckpointInhibitors,0,0.49230086468899464,0.4345113018532092,0.37492152149541297,0.4809782291049521,0.4335062118816179,0.3859915932395394,0.10739590297631511
TIGIT,ginsim_default_ImmuneCheckpointInhibitors,0,0.487939888133305,0.48547915593160346,0.4306401078093786,0.44250899313583375,0.4738089088982993,0.44019840715193587,0.10654940183269988
ICOS,ginsim_default_ImmuneCheckpointInhibitors,0,0.4224665851495724,0.6221185079600579,0.3698712144279077,0.48182836084996505,0.6476944674029484,0.4391001665581417,0.3976057314878588
PTEN,ginsim_default_ImmuneCheckpointInhibitors,0,0.5069760105431911,0.413048091188086,0.37875992341435893,0.5573125048542609,0.5027845700185707,0.45494091561580857,0.31974709288615594
LAG3,ginsim_default_ImmuneCheckpointInhibitors,0,0.5039463731876053,0.4677869338153311,0.4966659974642544,0.5559162675719963,0.5465197398839342,0.5571446777571791,0.2552416135891109
YY1,ginsim_default_ImmuneCheckpointInhibitors,0,0.5097133372861518,0.4606768322891216,0.4617553096254718,0.5183394001593916,0.44888776533670083,0.44413167026721295,0.04322858959756824
STAT1,ginsim_default_ImmuneCheckpointInhibitors,0,0.5054530927447337,0.45813038028969955,0.4510538437499979,0.5204357715627215,0.4438188751426839,0.43287323118582466,0.15785924047422337
SMAD7,ginsim_default_ImmuneCheckpointInhibitors,0,0.5136852302442977,0.4580991951992748,0.47096710108323586,0.5066675353389942,0.4714697105434965,0.4789979247010947,0.17848551820933503
STAT3,ginsim_default_ImmuneCheckpointInhibitors,0,0.5065757511281975,0.5597164417297401,0.5850677793328397,0.5468900366733718,0.5824024729569249,0.5905735670840422,0.19769763609561156
NFIL3,ginsim_default_ImmuneCheckpointInhibitors,0,0.5036018527098602,0.6558624772594038,0.7079221146750575,0.4796294059015134,0.6305890854137703,0.6796176256335489,0.4351778559581359
GRB2,ginsim_default_ImmuneCheckpointInhibitors,0,0.5111398000836992,0.39761219864128156,0.37271848964956916,0.48190528067039734,0.3583931293499373,0.3393957551008361,0.4145792639784892
IFNG,ginsim_default_ImmuneCheckpointInhibitors,0,0.5113636386835136,0.39531886126581306,0.35759203652849175,0.42953951863082557,0.3480693658025314,0.32818733349466345,0.6505786351667198
IL27,ginsim_default_ImmuneCheckpointInhibitors,0,0.5111948505452348,0.39922992736857854,0.36206927950439416,0.46655059993606596,0.3626905710831094,0.33528317145937375,0.5866580025378552
IL2,ginsim_default_ImmuneCheckpointInhibitors,0,0.5092262841348335,0.48391998422003035,0.4868602942487098,0.4315520164941339,0.4330475502749508,0.44843009585356747,0.11977047223574096
CD226,ginsim_default_ImmuneCheckpointInhibitors,0,0.5093888128404154,0.3945937303449804,0.37449803154320577,0.5401635394836345,0.4828136699303675,0.45148322627233406,0.22711380126283254
PRDM1,ginsim_default_ImmuneCheckpointInhibitors,0,0.5000205306873613,0.5642506172996494,0.5677545488421828,0.48584500708229383,0.5291071315306509,0.5334945435240314,0.07821017484876476
MAF,ginsim_default_ImmuneCheckpointInhibitors,0,0.5013944757921899,0.5115316947252623,0.4979751610463863,0.4640267553206564,0.4698474813354892,0.4646483319398144,0.07836341576315163
STAT4,ginsim_default_ImmuneCheckpointInhibitors,0,0.510521228621798,0.3827654659061947,0.35563055814687,0.5149587207981378,0.3860221650931101,0.35707766396675983,0.29576796574648656
CTLA4,ginsim_default_T_LGL,0,0.5280316605749041,0.28702215063225445,0.3595198922577319,0.522249423284031,0.28169006611166875,0.36849805931805174,0.32109965508646027
MCL1,ginsim_default_T_LGL,0,0.521977993893467,0.31653400684877736,0.4308597206310768,0.5205033954593081,0.3114407263350144,0.4499498963549512,0.2263272215794562
PLCG1,ginsim_default_T_LGL,0,0.5259128073141772,0.29275359684361274,0.38084243711916194,0.4162991447416434,0.23998959103403958,0.28047532614280823,0.25002262551201754
IL2RA,ginsim_default_T_LGL,0,0.5233608803815204,0.3133273325750104,0.39888855854316657,0.4476619618514959,0.2901868126363146,0.3605855256685711,0.16736440677563194
FYN,ginsim_default_T_LGL,0,0.5238501786687054,0.28068320380880885,0.37269427258900334,0.5229946302158932,0.27565629620601184,0.3879215613531029,0.15346006241988994
TNF,ginsim_default_T_LGL,0,0.5321444590368475,0.3094949487713046,0.4177204423742875,0.5211651824172714,0.31332397735823136,0.4512253542166382,0.2548542974597395
IL2RB,ginsim_default_T_LGL,0,0.4486862487260209,0.2717504207090291,0.25673035740100675,0.45974823649093305,0.2525188120529628,0.21746435032683614,0.3012936619384367
GRB2,ginsim_default_T_LGL,0,0.5222360575132927,0.29193835580742483,0.36798265607180386,0.5244172883248194,0.2999316973641937,0.4086355729075501,0.2523978505556163
STAT3,ginsim_default_T_LGL,1,0.5098476591134856,0.2839326235273961,0.42274146910113614,0.5049840901137229,0.26274237860498045,0.41201507256711234,0.34547740231052954
IL2,ginsim_default_T_LGL,0,0.5090131994497066,0.2873714898342699,0.45563532280863134,0.5148297257351198,0.3185126307144758,0.5589634100574319,0.5784228981259546
LCK,ginsim_default_T_LGL,0,0.5137484002605482,0.2583370435164434,0.3364784931946491,0.5168756867902401,0.24665004360129691,0.33394896035078125,0.24043704748526704
ZAP70,ginsim_default_T_LGL,0,0.5293314420460321,0.27731621125746364,0.3684146245025768,0.5175446291457516,0.2789938671672375,0.39809002587139,0.2535107639223279
BID,ginsim_default_T_LGL,0,0.5220939354827209,0.2707941166700063,0.38860143099139954,0.5693516741607361,0.4025217006103183,0.6713553000877504,0.3436461612793435
TRADD,ginsim_default_T_LGL,0,0.5159887807311275,0.30047424056336003,0.3944814360746302,0.4560137626576335,0.2851821111963059,0.37464641952666744,0.2762324941131941
GZMB,ginsim_default_T_LGL,0,0.5150843368210622,0.29331808835051826,0.3824308771919581,0.5711595707191299,0.439232793647833,0.676269076129286,0.43290564649624597
SPHK1,ginsim_default_T_LGL,0,0.5296749115594049,0.2975556359004296,0.37866715763110037,0.5176412967960297,0.3585230766897936,0.5109634613908551,0.2617448496193627
IL15,ginsim_default_T_LGL,0,0.5300780829269458,0.3295290179348248,0.39285040346113154,0.5178251065409524,0.3339151781127884,0.4173993506763245,0.31489101753296633
