Gene,Network,Essentiality,ΔD,Graph,ΔD+Graph,DepMap,Graph+DepMap,ΔD+Graph+DepMap,RF (all)
EGF,egfr_signaling,0,0.5285182018753763,0.4513354306337365,0.4977314337352496,0.545930076996748,0.45501234729053236,0.5048079534370973,0.2710390859145848
EGFR,egfr_signaling,1,0.5141319279319151,0.5509299998031154,0.6375125359343113,0.35751946180203825,0.4031025172041699,0.4867182173162288,0.2978978245361967
GRB2,egfr_signaling,1,0.4871787624242323,0.521872277579526,0.5110597181556089,0.4644992246401663,0.5198033096630837,0.4945553015001622,0.3004300632208114
ATM,p53_mdm2,0,0.3579992632983656,0.4541479225320285,0.07052878630699635,0.4657222068519117,0.29445136731799554,0.031148472145319076,0.47876080330286996
SPN,ginsim_2009-budding-yeast-full-cell-cycle_coupled_budding_yeast_CC,0,0.4826484102090858,0.5349962416889978,0.4733115381459707,0.47310277659882655,0.4495198012975881,0.3759240548983128,0.3157852633447803
CRP,lac_operon,0,0.2060371920687157,0.9137925854686713,0.09033942654583002,0.6050710572578831,0.8951949543556321,0.04872242828426995,0.557673987251573
ZAP70,ginsim_default_TCRsig40,1,0.4979741722606756,0.5664802099020032,0.7018344702379644,0.475590261432073,0.56336853901933,0.7072980875171907,0.4231224724850284
LAT,ginsim_default_TCRsig40,0,0.5042053342004172,0.45625530713564244,0.4709403736181202,0.47892533314068736,0.45049083017949415,0.469578713662572,0.07568125615453951
LCK,ginsim_default_TCRsig40,1,0.5124781960184278,0.6081140703162865,0.8136363067916781,0.460031011414722,0.5674535942315116,0.7899006754419424,0.3587570890621607
TNF,pyboolnet_tournier_apoptosis,0,0.1542761531883147,0.5071644274909035,0.0015811263572298381,0.5063228246479888,0.4133444427183536,0.0005912566695758837,0.28467242160265027
PDK1,ginsim_default_MAPK_large_19june2013,0,0.5053108143368301,0.3340385867825323,0.29990042730656946,0.4880796108618649,0.3332629809309559,0.2975860303080982,0.06074588181174309
FRS2,ginsim_default_MAPK_large_19june2013,0,0.5049976481011532,0.3880886035761267,0.37529884639822514,0.7016594207607448,0.5909909255158546,0.5920821236540587,0.22754765780783917
ELK1,ginsim_default_MAPK_large_19june2013,0,0.4611343258501444,0.7912695192820842,0.7231242203183452,0.22301033583718838,0.5477269164786239,0.4181614806142285,0.20389195638447175
FOXO3,ginsim_default_MAPK_large_19june2013,0,0.5414379163836347,0.6172079562519236,0.7281743978625123,0.43991222624386317,0.5506189305079668,0.6749871651446777,0.12179183791916896
FGFR3,ginsim_default_MAPK_large_19june2013,0,0.5008955853945446,0.3955765560818949,0.39208706025023676,0.42175288129614596,0.3437197873941104,0.33142323485641884,0.1351297581530629
MDM2,ginsim_default_MAPK_large_19june2013,0,0.5008959990588555,0.34793472622348703,0.32144502366141203,0.7998360770176827,0.6767719444499617,0.6760069601887552,0.18181274685070178
MAX,ginsim_default_MAPK_large_19june2013,0,0.5339710311878156,0.5817267239312742,0.657215144981915,0.48289216758580333,0.5861285016481179,0.6695833724657164,0.24304675549971186
BCL2,ginsim_default_MAPK_large_19june2013,0,0.5108998332217036,0.5552977520231305,0.5641548335553735,0.3940718083150826,0.43956430954237696,0.43713042043093475,0.16593802853232287
JUN,ginsim_default_MAPK_large_19june2013,0,0.5101024627388449,0.5526968513998514,0.5481048013519235,0.5133857201447468,0.5815722261474688,0.5795568800079709,0.21331633588975382
EGFR,ginsim_default_MAPK_large_19june2013,0,0.516065786205764,0.2713975385920851,0.31959766179744864,0.8210228993004336,0.6270054025457741,0.7096673071815027,0.1931234649534129
DUSP1,ginsim_default_MAPK_large_19june2013,0,0.4969702233079099,0.614880646624719,0.6082041328552147,0.500842512532417,0.6242139086855393,0.616763907440308,0.19346125984036053
ATM,ginsim_default_MAPK_large_19june2013,0,0.523606718307672,0.49089517899689566,0.5465891403002084,0.4657222068519117,0.4827662052633281,0.5417177665707982,0.15284361224560644
GAB1,ginsim_default_MAPK_large_19june2013,0,0.515924751981339,0.401997011085855,0.4091533032397364,0.4021690639114649,0.33036457213739745,0.329902805261058,0.2707906556527486
FOS,ginsim_default_MAPK_large_19june2013,0,0.5069189600002486,0.6332366977987248,0.6943693650937244,0.48640599467968076,0.6405021380045688,0.7037223188105333,0.2437001472771249
MYC,ginsim_default_MAPK_large_19june2013,0,0.5301835441165913,0.45666520773716257,0.5724273969065031,0.9800213606188644,0.9676607358174525,0.9854854325694639,0.2327810983912224
GRB2,ginsim_default_MAPK_large_19june2013,0,0.5236480209974627,0.2831750240320009,0.39572759047134115,0.5703347211049421,0.4212291202551741,0.5663441811162575,0.23729210152791164
PPP2CA,ginsim_default_MAPK_large_19june2013,0,0.5318917406147222,0.4830365662366241,0.5510608124015169,0.47567259797384975,0.496403766150382,0.5751775376545797,0.22775079512429847
ATF2,ginsim_default_MAPK_large_19june2013,0,0.5052014727745993,0.6838410234831175,0.7074714169415256,0.47593557014794907,0.6652450279770608,0.6883048527916986,0.16070725542098951
PTEN,ginsim_default_MAPK_large_19june2013,0,0.5154387794791429,0.4190554063392758,0.40709959999717893,0.4106743181710797,0.3615083375258494,0.3474065201939787,0.16203239914341877
CDH1,ginsim_2015-mammal-tumor-invasion-migration_SuppMat_Model_Master_Model,1,0.5227627188654379,0.26464992146085925,0.44229536130496444,0.5052059338415835,0.2817311885662727,0.47799744831301527,0.29113845057034393
CDH2,ginsim_2015-mammal-tumor-invasion-migration_SuppMat_Model_Master_Model,0,0.5330522911291988,0.23062518954284086,0.38832932720715146,0.49434896622943003,0.24664896943270762,0.4276198692471908,0.33137468784975177
VIM,ginsim_2015-mammal-tumor-invasion-migration_SuppMat_Model_Master_Model,1,0.5349470330778004,0.2800300343948077,0.3595789703700202,0.3500506417831811,0.21324198007792733,0.28070947597583246,0.32397898523043217
TWIST1,ginsim_2015-mammal-tumor-invasion-migration_SuppMat_Model_Master_Model,0,0.49567837320956293,0.2645438276232787,0.38356203139527056,0.5656675135187537,0.3144367813640294,0.4511587478261865,0.3530102393879128
SNAI1,ginsim_2015-mammal-tumor-invasion-migration_SuppMat_Model_Master_Model,1,0.45592286795848985,0.23716489703212573,0.31511276844180475,0.5744918359785195,0.279181034598653,0.36848705400204257,0.4075634259181824
SNAI2,ginsim_2015-mammal-tumor-invasion-migration_SuppMat_Model_Master_Model,0,0.5008161332402237,0.24604011613675847,0.39713353704786025,0.5338739585072383,0.27122635474334755,0.4391634938837535,0.41403288706300545
ZEB1,ginsim_2015-mammal-tumor-invasion-migration_SuppMat_Model_Master_Model,0,0.48007623496100676,0.2573032026346852,0.3698858989932007,0.5184524464053334,0.2803248977059791,0.4151268980308796,0.42808435972787284
ZEB2,ginsim_2015-mammal-tumor-invasion-migration_SuppMat_Model_Master_Model,0,0.5177489321996759,0.22611393370396568,0.4362268533688637,0.5186052163931824,0.23872717952249933,0.47010975141475775,0.47144238024743734
AKT1,ginsim_2015-mammal-tumor-invasion-migration_SuppMat_Model_Master_Model,0,0.45757560653793,0.17740687020866605,0.3158965094372985,0.3973810834477425,0.1293692379106404,0.23856714940238652,0.42461766913446847
DKK1,ginsim_2015-mammal-tumor-invasion-migration_SuppMat_Model_Master_Model,0,0.6130372828576822,0.3027181049260716,0.5706386131839476,0.4750074951420108,0.3122490742438056,0.5988258661467291,0.30626623701869604
CTNNB1,ginsim_2015-mammal-tumor-invasion-migration_SuppMat_Model_Master_Model,0,0.39317657476219564,0.18450153302691094,0.1891603879578583,0.3696711670455639,0.12815265051385127,0.12708752781536825,0.5265523567764744
AKT2,ginsim_2015-mammal-tumor-invasion-migration_SuppMat_Model_Master_Model,0,0.4907865697599009,0.20248262709858889,0.40262649919707905,0.42100266856458934,0.1615965404921443,0.33913975113346123,0.4869923710236591
TLR5,ginsim_2018-mammal-tcr-tlr5_RodriguezJorge_TLR5_Signalling_BooleanModel_17Jul2018,1,0.5132593920238463,0.4622380985109456,0.4113665008830055,0.4749608601997103,0.40429012854912233,0.36275712206532973,0.5414368222918521
TICAM1,ginsim_2018-mammal-tcr-tlr5_RodriguezJorge_TLR5_Signalling_BooleanModel_17Jul2018,0,0.5008678213288483,0.46738832907298894,0.3842891755442539,0.528067368008112,0.49601396570414735,0.414238856570639,0.4404891163997196
PIK3AP1,ginsim_2018-mammal-tcr-tlr5_RodriguezJorge_TLR5_Signalling_BooleanModel_17Jul2018,0,0.5291716161181976,0.4428528507270726,0.4494589918199624,0.5310491083356901,0.44706667665203814,0.4604073538568786,0.6247636704764106
IRAK4,ginsim_2018-mammal-tcr-tlr5_RodriguezJorge_TLR5_Signalling_BooleanModel_17Jul2018,0,0.49965062005021366,0.4623113075400132,0.37501618723817054,0.4848894183419244,0.45603797723424405,0.3703346239245809,0.4452032228260823
IRAK1,ginsim_2018-mammal-tcr-tlr5_RodriguezJorge_TLR5_Signalling_BooleanModel_17Jul2018,0,0.49380712299232277,0.47204636397620664,0.38291794799997836,0.5841602946679362,0.6000116328179854,0.5062103691488932,0.4272365493341773
TRAF6,ginsim_2018-mammal-tcr-tlr5_RodriguezJorge_TLR5_Signalling_BooleanModel_17Jul2018,0,0.5112533855136046,0.4670901777666513,0.4484064710383223,0.5023677247324717,0.4437476514801725,0.43187899168648086,0.21258917519294898
IKBKB,ginsim_2018-mammal-tcr-tlr5_RodriguezJorge_TLR5_Signalling_BooleanModel_17Jul2018,0,0.5002809122788705,0.5845837758144572,0.6095141513225757,0.4956973816514117,0.5911492011215792,0.6158873089811894,0.42450200020452683
NFKBIA,ginsim_2018-mammal-tcr-tlr5_RodriguezJorge_TLR5_Signalling_BooleanModel_17Jul2018,0,0.5119526009935462,0.4938102351669261,0.4960868813517671,0.4843047811056185,0.5254785885600736,0.5211332691907238,0.12275520787066253
MAP2K2,ginsim_2018-mammal-tcr-tlr5_RodriguezJorge_TLR5_Signalling_BooleanModel_17Jul2018,0,0.5375086688628391,0.4650167103474835,0.533850554259428,0.5228657440566178,0.5236504207519794,0.5879990052763486,0.39044696878279317
MAP2K3,ginsim_2018-mammal-tcr-tlr5_RodriguezJorge_TLR5_Signalling_BooleanModel_17Jul2018,0,0.5192348597608625,0.4643107945632414,0.49480505365403715,0.5089892767056785,0.4881259707907005,0.5160939306339947,0.07967616786356019
MAP2K7,ginsim_2018-mammal-tcr-tlr5_RodriguezJorge_TLR5_Signalling_BooleanModel_17Jul2018,0,0.5248517387627969,0.429832756365457,0.4441950567676726,0.5212912391427325,0.457143406330012,0.47102684344005447,0.24298323759565169
MAP3K8,ginsim_2018-mammal-tcr-tlr5_RodriguezJorge_TLR5_Signalling_BooleanModel_17Jul2018,0,0.5231110489891903,0.47447409915692673,0.5042595706474059,0.5304118070694032,0.4757366957792356,0.5113345366843409,0.1672907206700258
NFKB1,ginsim_2018-mammal-tcr-tlr5_RodriguezJorge_TLR5_Signalling_BooleanModel_17Jul2018,1,0.5249166629586476,0.4417984912655853,0.45483982950222657,0.5384921297660459,0.4947122719522929,0.5060131153261265,0.468964055277037
RPS6KA2,ginsim_2018-mammal-tcr-tlr5_RodriguezJorge_TLR5_Signalling_BooleanModel_17Jul2018,0,0.5068574907713204,0.5608195314340843,0.5690953688830368,0.5226069077439173,0.5713650712293058,0.5794078834835814,0.30811807797638596
MKNK1,ginsim_2018-mammal-tcr-tlr5_RodriguezJorge_TLR5_Signalling_BooleanModel_17Jul2018,0,0.5143623192079008,0.4790038148234042,0.46747846075118704,0.502096121048427,0.5030863652513948,0.48769404094721946,0.4133876849712533
RPS6KA5,ginsim_2018-mammal-tcr-tlr5_RodriguezJorge_TLR5_Signalling_BooleanModel_17Jul2018,0,0.4990603999102814,0.6028476466722485,0.6091118152516997,0.5083976314226217,0.5918236392300411,0.5991424806436731,0.27788457681010054
MAPKAPK2,ginsim_2018-mammal-tcr-tlr5_RodriguezJorge_TLR5_Signalling_BooleanModel_17Jul2018,0,0.5046687907103864,0.5670106328545416,0.581106167293093,0.46624168251879977,0.5522538411696408,0.5637233940703796,0.18509553201706408
JUN,ginsim_2018-mammal-tcr-tlr5_RodriguezJorge_TLR5_Signalling_BooleanModel_17Jul2018,0,0.5254938288159893,0.5254760869771665,0.5790288254475298,0.4886042834767977,0.5424196101408292,0.5917984926487364,0.199681464346177
FOS,ginsim_2018-mammal-tcr-tlr5_RodriguezJorge_TLR5_Signalling_BooleanModel_17Jul2018,0,0.5314053056279083,0.5103171861981651,0.5678039217912761,0.498963044979725,0.5416985294529106,0.593694326848311,0.42580055566159686
CREB1,ginsim_2018-mammal-tcr-tlr5_RodriguezJorge_TLR5_Signalling_BooleanModel_17Jul2018,0,0.34865576268107734,0.7904818758204067,0.40943453457177437,0.5096278179662178,0.8135348941052531,0.431850496773598,0.5033576011331409
TNFAIP3,ginsim_2018-mammal-tcr-tlr5_RodriguezJorge_TLR5_Signalling_BooleanModel_17Jul2018,0,0.5368393871265391,0.4739194506559779,0.5520680267086867,0.5139008189411798,0.47020129890353957,0.5513381619559785,0.1439796293379053
ZFP36,ginsim_2018-mammal-tcr-tlr5_RodriguezJorge_TLR5_Signalling_BooleanModel_17Jul2018,0,0.4587117150546705,0.6144630321614913,0.4859759792217303,0.4803584065508771,0.6287247625356737,0.4908418110271309,0.14290998041544536
PIK3R1,ginsim_2018-mammal-tcr-tlr5_RodriguezJorge_TLR5_Signalling_BooleanModel_17Jul2018,0,0.521039780290921,0.43593555174598164,0.41814557458510127,0.5165873325686643,0.4476341507141043,0.4326294822280226,0.5215989533349502
IKBKG,ginsim_2018-mammal-tcr-tlr5_RodriguezJorge_TLR5_Signalling_BooleanModel_17Jul2018,0,0.5192824545074856,0.4474241440736536,0.4611691904708727,0.5891384119104025,0.5449273819704854,0.5574152455774904,0.10142029549864454
EGFR,ginsim_2015-mammal-bladder-tumorigenesis,0,0.5038650305311808,0.31450807125310004,0.3232458333677976,0.8210228993004336,0.6569580048045727,0.6920553686106348,0.2766518336247259
FGFR3,ginsim_2015-mammal-bladder-tumorigenesis,1,0.5065356187769152,0.3420060166586677,0.34333713772063124,0.42175288129614596,0.2831786787952948,0.27770005968457284,0.07993223034936262
E2F1,ginsim_2015-mammal-bladder-tumorigenesis,0,0.330031455620378,0.5418754276565333,0.1786574176762848,0.6487109122251122,0.6914463771071521,0.26575358955487527,0.5786572720086036
E2F3,ginsim_2015-mammal-bladder-tumorigenesis,0,0.4590850344475631,0.8160853991411685,0.7786214979123254,0.5515876618522113,0.8172557284180296,0.7736597657094896,0.5196660432958672
CDC25A,ginsim_2015-mammal-bladder-tumorigenesis,0,0.41362206636156473,0.8318616355594048,0.6634514540202653,0.37810559948987194,0.7344268591289048,0.48453482911627527,0.3564345315272435
RB1,ginsim_2015-mammal-bladder-tumorigenesis,1,0.3933612110433724,0.490199518080875,0.2308398794954637,0.4053782887054582,0.4244061060666623,0.16630827434408774,0.3952017138302876
RBL2,ginsim_2015-mammal-bladder-tumorigenesis,0,0.36801123663826873,0.676089727670366,0.28137088316151115,0.47647835895514806,0.6544783341732764,0.22956120704220795,0.4438464187487639
ATM,ginsim_2015-mammal-bladder-tumorigenesis,0,0.5043690052608384,0.5667543135423598,0.5967937292337315,0.4657222068519117,0.5343218827726359,0.5634390962690149,0.15384841738067837
MDM2,ginsim_2015-mammal-bladder-tumorigenesis,0,0.49409200501908596,0.45088270227368676,0.43360287116186325,0.7998360770176827,0.7503043788799438,0.7571955873607379,0.2539822696723639
TP53,ginsim_2015-mammal-bladder-tumorigenesis,1,0.4761707836203799,0.36420667859225864,0.3222260873614276,0.3849619066001952,0.3029625311349172,0.25745732468188653,0.3296371625200142
PTEN,ginsim_2015-mammal-bladder-tumorigenesis,0,0.5241295880116655,0.35532803349798747,0.3412703321691549,0.4106743181710797,0.29432986182033527,0.280443643503095,0.2388434500446171
GRB2,ginsim_2015-mammal-bladder-tumorigenesis,0,0.5072822963217486,0.365466806620372,0.38821374740446013,0.5703347211049421,0.47475294240867444,0.5097864855256492,0.23765866081636655
PDK1,ginsim_default_CellCycleControl_Sizek_PCB_2019,0,0.5133801258736533,0.35908338868928713,0.3491164822863654,0.4880796108618649,0.3581909168717773,0.3468654744785926,0.13983045559192045
TSC2,ginsim_default_CellCycleControl_Sizek_PCB_2019,0,0.5161048975905107,0.3566312300691061,0.35501942337052317,0.44361343252269564,0.345736227227197,0.34413769148737416,0.17163450797178448
E2F1,ginsim_default_CellCycleControl_Sizek_PCB_2019,0,0.43063135189895707,0.34593501475324595,0.3173695679100874,0.6487109122251122,0.5691107112769649,0.536986789073238,0.4601485161862558
BCL2,ginsim_default_CellCycleControl_Sizek_PCB_2019,0,0.29527448594655176,0.4152680089388351,0.0662685897966169,0.3940718083150826,0.3763199305981501,0.042791678967601034,0.3260645016630782
BAD,ginsim_default_CellCycleControl_Sizek_PCB_2019,0,0.5914685358154868,0.3784900311821773,0.7146509568559511,0.5027407475239812,0.4285166305531232,0.7792956201803667,0.2513444608067586
BIK,ginsim_default_CellCycleControl_Sizek_PCB_2019,0,0.4471083317419148,0.31550737764269604,0.18369826449694857,0.41378792643184226,0.2699524009886603,0.13996808879666295,0.13958642772330332
BID,ginsim_default_CellCycleControl_Sizek_PCB_2019,0,0.39182189143107815,0.453129973938101,0.158141089953105,0.4528607670826947,0.46114986188164925,0.1427182378399585,0.13562250092340114
BAX,ginsim_default_CellCycleControl_Sizek_PCB_2019,0,0.4064644389246611,0.3023406226350718,0.11098421911026907,0.4646777677482975,0.3624565719291954,0.12887796608048732,0.21082270785034224
CAD,ginsim_default_CellCycleControl_Sizek_PCB_2019,0,0.5126828100615002,0.21728301333677694,0.23062805282207988,0.49453179310510387,0.25163557708484546,0.2725513491846195,0.18706478915525185
ATR,ginsim_default_CellCycleControl_Sizek_PCB_2019,0,0.5205498069134441,0.3942438393070773,0.3900322990762132,0.5516423274931427,0.4561120650265702,0.45846900961894577,0.40390934550726826
SHC1,ginsim_2015-mammal-cell-fate-gastric-cancer_Flobak_FullModel_S2_Dataset,0,0.5159520573120727,0.413632686791435,0.3947839760121298,0.5656431767006787,0.4673039905925613,0.4258898379350268,0.18557668326767507
GRB2,ginsim_2015-mammal-cell-fate-gastric-cancer_Flobak_FullModel_S2_Dataset,0,0.5055442656475603,0.4011199082699009,0.35486731968960955,0.542196804019191,0.43849971305518104,0.3744213330862548,0.2257854010544744
DUSP6,ginsim_2015-mammal-cell-fate-gastric-cancer_Flobak_FullModel_S2_Dataset,0,0.4562232427342216,0.45322155469982583,0.2844947378784175,0.49934724189768637,0.446204230152878,0.2787979650877274,0.03352272323884932
DUSP1,ginsim_2015-mammal-cell-fate-gastric-cancer_Flobak_FullModel_S2_Dataset,0,0.5046967513845246,0.4412700517016639,0.41900479942833546,0.5049172193571325,0.44251254224091974,0.413508101820397,0.059678498157201706
GRAP2,ginsim_2015-mammal-cell-fate-gastric-cancer_Flobak_FullModel_S2_Dataset,0,0.5041415105642514,0.4412955980307521,0.4042879178359273,0.44270503148505463,0.4115575932412066,0.39412132549264767,0.14032139677867578
IRS1,ginsim_2015-mammal-cell-fate-gastric-cancer_Flobak_FullModel_S2_Dataset,0,0.5127647372975229,0.4857433243358841,0.5238257050487284,0.47291679819787924,0.4614933149385152,0.504572190588771,0.007257613134919922
BCL2,ginsim_2015-mammal-cell-fate-gastric-cancer_Flobak_FullModel_S2_Dataset,1,0.5171446494088844,0.41110926482089316,0.3915974167107729,0.4444354220291176,0.37700460696087357,0.36829911264865545,0.21072916642822223
PTEN,ginsim_2015-mammal-cell-fate-gastric-cancer_Flobak_FullModel_S2_Dataset,0,0.5169993799772894,0.4544797792413097,0.4780708294729185,0.47058860861839275,0.4353371791932682,0.4552198239809575,0.13736726469867652
BAD,ginsim_2015-mammal-cell-fate-gastric-cancer_Flobak_FullModel_S2_Dataset,0,0.5173639990418086,0.4750172208382851,0.5014095260355508,0.5132722598932156,0.4703359522319344,0.48474232744506973,0.021880336180232333
MDM2,ginsim_2015-mammal-cell-fate-gastric-cancer_Flobak_FullModel_S2_Dataset,0,0.5140046852947245,0.4669511033719164,0.49261047348696285,0.6414568119892394,0.5896089449422353,0.5907347752790661,0.12004323542481773
BAX,ginsim_2015-mammal-cell-fate-gastric-cancer_Flobak_FullModel_S2_Dataset,1,0.5175333083748864,0.41399045919716704,0.3931671920427021,0.5110759849928523,0.40051391124036134,0.36019585281659505,0.20046889473243626
MAP3K8,ginsim_2015-mammal-cell-fate-gastric-cancer_Flobak_FullModel_S2_Dataset,0,0.5130726670716551,0.43315815263548907,0.40643190995528694,0.45848057068964587,0.406372444503524,0.38869136860988207,0.18709729570425743
PDK1,ginsim_2015-mammal-cell-fate-gastric-cancer_Flobak_FullModel_S2_Dataset,0,0.5139289413534873,0.4698008837003312,0.5136975486580312,0.4890648583664941,0.49322273088777285,0.5401447991593796,0.2027957733022699
ITCH,ginsim_2015-mammal-cell-fate-gastric-cancer_Flobak_FullModel_S2_Dataset,0,0.5150452841350166,0.4221076023105913,0.39539449174550073,0.5703622648975103,0.4793276669103805,0.4380896560705021,0.3177972432430791
DKK1,ginsim_2015-mammal-cell-fate-gastric-cancer_Flobak_FullModel_S2_Dataset,0,0.517155791830185,0.43644193347034366,0.41905295906854945,0.48200068281786157,0.42149021506280204,0.40421266109601495,0.12642161345899874
CFLAR,ginsim_2015-mammal-cell-fate-gastric-cancer_Flobak_FullModel_S2_Dataset,0,0.5154620110909071,0.44393127435498736,0.44114066970551397,0.49573034730301696,0.4323293963768831,0.42254626677034757,0.0459831634592981
SFRP1,ginsim_2015-mammal-cell-fate-gastric-cancer_Flobak_FullModel_S2_Dataset,0,0.5166943819933828,0.39783068673572053,0.37122740934233345,0.48405601019602373,0.4037763630057971,0.3836252869076568,0.2384529409616683
NLK,ginsim_2015-mammal-cell-fate-gastric-cancer_Flobak_FullModel_S2_Dataset,0,0.5169877571256767,0.42613572039650893,0.40904656592826893,0.4962927831206376,0.42780520771516656,0.41045342619050273,0.06738388550517209
CCND1,ginsim_2015-mammal-cell-fate-gastric-cancer_Flobak_FullModel_S2_Dataset,0,0.508475623701829,0.43968130374106945,0.4121043447172649,0.6204545987698419,0.5342135211109799,0.4813604653920658,0.2505454894590919
TNF,ginsim_2010-mammal-cell-fate_Calzone__Cell_Fate,1,0.5164073722387779,0.4147337002313618,0.4026159744524844,0.5272381213931444,0.3961040523846288,0.3878461611858732,0.558345546764498
FADD,ginsim_2010-mammal-cell-fate_Calzone__Cell_Fate,1,0.5046752409353532,0.4723732678548126,0.4361746355151193,0.467953618640351,0.4272502559223712,0.3739736437607052,0.21988206747682842
CASP8,ginsim_2010-mammal-cell-fate_Calzone__Cell_Fate,1,0.5030206830317989,0.5971406387761149,0.6836621149463512,0.49773734760919747,0.6134877103195276,0.7046424581620496,0.5501289352737372
BAX,ginsim_2010-mammal-cell-fate_Calzone__Cell_Fate,0,0.49627995009526593,0.4915329732037961,0.4740692049061536,0.47042290902093686,0.5166440758126418,0.49337121468748296,0.31780569584008245
BCL2,ginsim_2010-mammal-cell-fate_Calzone__Cell_Fate,0,0.49617954848261836,0.5811690685118884,0.5669721284632016,0.5274139800120422,0.6044100809243245,0.6014553105275796,0.3895836300004994
XIAP,ginsim_2010-mammal-cell-fate_Calzone__Cell_Fate,0,0.48933236929699647,0.6786031665376084,0.6838198474975812,0.5244327810084318,0.7440981372625232,0.7637954086463652,0.45646155655880916
CASP3,ginsim_2010-mammal-cell-fate_Calzone__Cell_Fate,0,0.4910545422291625,0.6147869598366194,0.6646125072535858,0.5037258682467562,0.6544036264950085,0.7109966550928122,0.5877204153321142
CTLA4,ginsim_default_ImmuneCheckpointInhibitors,1,0.4980090193927978,0.5584735123362664,0.5816687519285592,0.5362193242628215,0.5553704311816259,0.5899983688170862,0.4375242549977461
FOXP3,ginsim_default_ImmuneCheckpointInhibitors,0,0.4358348530008107,0.7394972374664806,0.6845480535937265,0.5629992816004008,0.7925806625988284,0.7654633215133042,0.5736223844948779
FOXO1,ginsim_default_ImmuneCheckpointInhibitors,0,0.5071871323894136,0.5178721338528675,0.5254471177468292,0.5232974024550038,0.529422459564724,0.5461282022510531,0.1279910833419663
CD4,ginsim_default_ImmuneCheckpointInhibitors,0,0.5138314833184295,0.40355463238465744,0.3965983027216878,0.5232602316143685,0.376719337346081,0.3715466545907775,0.26355585399245096
CD28,ginsim_default_ImmuneCheckpointInhibitors,0,0.4920026805348877,0.4338350503486289,0.3737378138163683,0.5359933098035506,0.4235723468968059,0.3691897720217045,0.16879922300431394
TIGIT,ginsim_default_ImmuneCheckpointInhibitors,0,0.4874404936339572,0.4845614710126552,0.42901624724074555,0.530721644271755,0.46273861149654877,0.410421880957053,0.2221060941371014
ICOS,ginsim_default_ImmuneCheckpointInhibitors,0,0.41900405253189227,0.6224965925740249,0.3648624637436923,0.5368414778780533,0.6226361569958677,0.36263345077117876,0.5129432947474442
PTEN,ginsim_default_ImmuneCheckpointInhibitors,0,0.507355321070363,0.4111922458493974,0.37702645303347415,0.500442120451457,0.43229414070671784,0.39861162903366576,0.26626936335215146
LAG3,ginsim_default_ImmuneCheckpointInhibitors,0,0.5041858409172214,0.4677303933662388,0.4980708063892624,0.5243985786733012,0.443360766561033,0.47853803431506864,0.28708880795245245
YY1,ginsim_default_ImmuneCheckpointInhibitors,0,0.5102189511681905,0.45853491955938924,0.4601480292088722,0.4870568040135859,0.4702000570509481,0.4695896603621768,0.05576591671129907
STAT1,ginsim_default_ImmuneCheckpointInhibitors,0,0.5057621135592899,0.45652974168827015,0.44963540639998845,0.48181696033794214,0.4697523011797736,0.458958175907735,0.11326486918707337
SMAD7,ginsim_default_ImmuneCheckpointInhibitors,0,0.5143739983867982,0.45709099602691755,0.470846644505067,0.5165608644557826,0.48031656323717786,0.5031859571537592,0.2035826712541101
STAT3,ginsim_default_ImmuneCheckpointInhibitors,0,0.5069365890670191,0.5540567415609232,0.5800008339707843,0.48629391662962596,0.566093570276119,0.5910393942393551,0.06231520261642037
NFIL3,ginsim_default_ImmuneCheckpointInhibitors,0,0.5038254154560663,0.6493949525584108,0.7026313721294025,0.5023385640149429,0.6649658471345536,0.7224379622233211,0.3005762076976524
GRB2,ginsim_default_ImmuneCheckpointInhibitors,0,0.5117112092979117,0.3950811673134855,0.37072389006346634,0.4730880126036278,0.3827860498312248,0.34770571121693267,0.39899377214015685
IFNG,ginsim_default_ImmuneCheckpointInhibitors,0,0.5119453707502863,0.39159942426012295,0.35439721700582183,0.524750588604697,0.3503410876917734,0.31305510483805055,0.5468650435223876
IL27,ginsim_default_ImmuneCheckpointInhibitors,0,0.5117687985867938,0.3955000710448541,0.3588261915768575,0.5364554836147031,0.3796086991006208,0.3485899383212021,0.5465759858480758
IL2,ginsim_default_ImmuneCheckpointInhibitors,0,0.5097094288516525,0.47843520138833084,0.48192060329747016,0.5457450135505238,0.4886127200957836,0.5073118801181847,0.2681039515268144
CD226,ginsim_default_ImmuneCheckpointInhibitors,0,0.5098794556848896,0.39341774962157966,0.374019572899092,0.5441744357097434,0.40206680562389663,0.3949050386354343,0.3862070088018481
PRDM1,ginsim_default_ImmuneCheckpointInhibitors,0,0.5000787421205946,0.5574970974539141,0.5609135899087534,0.5292597454510611,0.5624480560934606,0.5754496777966228,0.20920298022922199
MAF,ginsim_default_ImmuneCheckpointInhibitors,0,0.5015161256790838,0.505762106309896,0.4920355058952195,0.5282301645645141,0.5001625981677648,0.493199145040724,0.1412488471338713
STAT4,ginsim_default_ImmuneCheckpointInhibitors,0,0.5110641085340104,0.3815907998076138,0.3549777426532817,0.528318493794619,0.36686501468188043,0.344295297556433,0.3471382434181275
CTLA4,ginsim_default_T_LGL,0,0.5289201246601093,0.2847544657370347,0.35747309955335727,0.5956865010501231,0.39395055896727565,0.5038433877722245,0.4234665351929548
MCL1,ginsim_default_T_LGL,0,0.5226960357563063,0.313716651591667,0.42896506009706786,0.41153795975231305,0.2646519677273724,0.3621256655424352,0.27127367175611666
PLCG1,ginsim_default_T_LGL,0,0.5267416749898701,0.28903387059483804,0.3773268065892051,0.447884628127828,0.2726778953090154,0.35502368949577423,0.25310822098076996
IL2RA,ginsim_default_T_LGL,0,0.5241178931450494,0.31094134999414796,0.39692807635290717,0.5855401176274885,0.41383849660283806,0.5366242701779166,0.3226611818015971
FYN,ginsim_default_T_LGL,0,0.524620974895705,0.2790576777698697,0.37172972517992153,0.45882001683363144,0.27963273128432586,0.3828405206433537,0.21413889598428762
TNF,ginsim_default_T_LGL,0,0.5331484180971785,0.3056459880020788,0.4144567933165105,0.5843416458390368,0.4007767204209625,0.5423117758547233,0.2962419611756692
IL2RB,ginsim_default_T_LGL,0,0.4473392215715645,0.2695646518987869,0.2533586498230798,0.5781332795804536,0.34573082507458347,0.34437867755076274,0.40304223584541704
GRB2,ginsim_default_T_LGL,0,0.5229613734906854,0.29810195651100324,0.3758859924274527,0.4292948796523612,0.27815598100171113,0.3510116430586253,0.2291360241306116
STAT3,ginsim_default_T_LGL,1,0.5102230778890666,0.27948598867105806,0.4192241715895411,0.4380653547811771,0.24654860636081746,0.3799369399000933,0.26746765370517156
IL2,ginsim_default_T_LGL,0,0.5093650095525266,0.2844916920826346,0.4546610012501548,0.5902329680575885,0.36260238362302755,0.5706960723070378,0.6514687730604349
LCK,ginsim_default_T_LGL,0,0.5142341244567652,0.2555903763641583,0.33388421832406456,0.5702768636426615,0.33167834098694476,0.4431319050688042,0.39144428229047995
ZAP70,ginsim_default_T_LGL,0,0.530256433718673,0.28061139416521685,0.37347872884688527,0.5878283163898423,0.3804144683271249,0.507246099251206,0.32563487877008557
BID,ginsim_default_T_LGL,0,0.5228152455178546,0.2712903258916945,0.3909912491480881,0.4372829116888002,0.24873701427432657,0.36774691153023187,0.3075261232336875
TRADD,ginsim_default_T_LGL,0,0.5165378100206496,0.2972913793932797,0.3917691895637195,0.4894733941373094,0.31199725393088334,0.4193523242606629,0.2761589196460977
GZMB,ginsim_default_T_LGL,0,0.5156078145405321,0.30054995187036626,0.3919411488249005,0.5934526896661648,0.4062373912827622,0.5289370471766556,0.4611347136405558
SPHK1,ginsim_default_T_LGL,0,0.530609551603167,0.29520633846836464,0.3766544543358969,0.5148893811475562,0.33596247970507254,0.43313601891739123,0.25493138852307046
IL15,ginsim_default_T_LGL,0,0.5310240461817737,0.3257450880408609,0.3898227307500673,0.5437144110551421,0.3776171656713015,0.4641851229828686,0.4040216638230715
