Gene,Network,Essentiality,ΔD,Graph,ΔD+Graph
EGF,egfr_signaling,0,0.5506111040805516,0.5390587085785294,0.5924253461738779
EGFR,egfr_signaling,1,0.5262041074377787,0.4536030641335257,0.5545593293068025
GRB2,egfr_signaling,1,0.4803058622929693,0.5105647613560517,0.5512385146565915
SOS,egfr_signaling,1,0.505402565514667,0.3940930298529281,0.527004720132906
Ras,egfr_signaling,0,0.4582077715670695,0.45607937893557976,0.49607750940883694
Raf,egfr_signaling,0,0.4961610615495777,0.3052823650684905,0.41528223413897813
MEK,egfr_signaling,0,0.5206575934470634,0.3578588112808178,0.46122255346098423
ERK,egfr_signaling,0,0.5788941196636004,0.4343989367206392,0.6163174863064897
PI3K,egfr_signaling,0,0.5847957721761804,0.4319463215528096,0.5864919897416089
AKT,egfr_signaling,0,0.5945121996926171,0.3910655811758378,0.5739332349385214
DNA_Damage,p53_mdm2,0,0.5265426725692215,0.7108662325939951,0.5638294535679979
ATM,p53_mdm2,0,0.5265426725692215,0.9587888702799722,0.9364873631561916
p53,p53_mdm2,0,0.5265426725692215,0.9387870605692953,0.9080373101414277
Mdm2,p53_mdm2,0,0.5265426725692215,0.9133312897922427,0.8542684425412626
Wip1,p53_mdm2,0,0.5265426725692215,0.8971453762520042,0.8359327555879719
PP2ACdc55,ginsim_2009-budding-yeast-full-cell-cycle_coupled_budding_yeast_CC,0,0.4908008483440886,0.30145214637756745,0.32184618240294866
ORI,ginsim_2009-budding-yeast-full-cell-cycle_coupled_budding_yeast_CC,0,0.49148145367145474,0.5025480834466725,0.5297728762118904
Mpk1,ginsim_2009-budding-yeast-full-cell-cycle_coupled_budding_yeast_CC,0,0.49082672556497164,0.31295070555567744,0.3237715249385893
Net1,ginsim_2009-budding-yeast-full-cell-cycle_coupled_budding_yeast_CC,0,0.4923005850042092,0.42917614486550854,0.5156573059838073
Tem1,ginsim_2009-budding-yeast-full-cell-cycle_coupled_budding_yeast_CC,0,0.48802700196914717,0.33050851487924693,0.35273615239219935
Cln3,ginsim_2009-budding-yeast-full-cell-cycle_coupled_budding_yeast_CC,0,0.4897905064188569,0.5140249264138103,0.5471057990582314
MBF_SBF,ginsim_2009-budding-yeast-full-cell-cycle_coupled_budding_yeast_CC,0,0.4902604579625779,0.5248098111223455,0.588745382307073
MASS,ginsim_2009-budding-yeast-full-cell-cycle_coupled_budding_yeast_CC,0,0.4895601975305994,0.3932175700902587,0.4403546234766551
Cln2,ginsim_2009-budding-yeast-full-cell-cycle_coupled_budding_yeast_CC,0,0.49147528087460896,0.4956203291460436,0.5278760483024051
Hsl1,ginsim_2009-budding-yeast-full-cell-cycle_coupled_budding_yeast_CC,0,0.48643637311947463,0.3173959168224037,0.34526011522684347
Mad2,ginsim_2009-budding-yeast-full-cell-cycle_coupled_budding_yeast_CC,0,0.4827531993369515,0.3433362111068899,0.39338999785258627
Mih1,ginsim_2009-budding-yeast-full-cell-cycle_coupled_budding_yeast_CC,0,0.49183234802836506,0.4489368072817565,0.4724518311207258
SPN,ginsim_2009-budding-yeast-full-cell-cycle_coupled_budding_yeast_CC,0,0.5023839121018502,0.5117442658818048,0.49547149755353836
Sic1,ginsim_2009-budding-yeast-full-cell-cycle_coupled_budding_yeast_CC,0,0.5296053443984048,0.6754295707033067,0.654951113820949
Cdc20,ginsim_2009-budding-yeast-full-cell-cycle_coupled_budding_yeast_CC,0,0.4895498395439219,0.4917649542084191,0.5437355045693005
Cdc15,ginsim_2009-budding-yeast-full-cell-cycle_coupled_budding_yeast_CC,0,0.48379171127363463,0.5241267105095301,0.5831495122779959
Clb5,ginsim_2009-budding-yeast-full-cell-cycle_coupled_budding_yeast_CC,0,0.5025812334746624,0.5251592403595877,0.5207439371813883
SeparaseEsp1,ginsim_2009-budding-yeast-full-cell-cycle_coupled_budding_yeast_CC,0,0.4799814443586646,0.29221865814473835,0.3410828039602109
Cdc14,ginsim_2009-budding-yeast-full-cell-cycle_coupled_budding_yeast_CC,0,0.4986381876872486,0.5376054144854551,0.5310933524617455
Bck2,ginsim_2009-budding-yeast-full-cell-cycle_coupled_budding_yeast_CC,0,0.4921271140253286,0.4711029310696076,0.48305681632093633
BUD,ginsim_2009-budding-yeast-full-cell-cycle_coupled_budding_yeast_CC,0,0.490346220561215,0.40304653245790556,0.44298478711994027
Lte1,ginsim_2009-budding-yeast-full-cell-cycle_coupled_budding_yeast_CC,0,0.4893318643852896,0.4908002831932432,0.5234505503831355
Cdc6,ginsim_2009-budding-yeast-full-cell-cycle_coupled_budding_yeast_CC,0,0.5054767589726396,0.6859675982033486,0.7459567916152113
Bub2-Bfa1,ginsim_2009-budding-yeast-full-cell-cycle_coupled_budding_yeast_CC,0,0.48005941378690214,0.34987589858512114,0.42384229143663205
Cdc5Polo,ginsim_2009-budding-yeast-full-cell-cycle_coupled_budding_yeast_CC,0,0.49115316770380496,0.522173731704182,0.544102203281514
Mcm1,ginsim_2009-budding-yeast-full-cell-cycle_coupled_budding_yeast_CC,0,0.49268193536544824,0.518502874765888,0.5444983064640716
SecurinPds1,ginsim_2009-budding-yeast-full-cell-cycle_coupled_budding_yeast_CC,0,0.48681320032910064,0.3797117129991724,0.42227631034987884
Swe1,ginsim_2009-budding-yeast-full-cell-cycle_coupled_budding_yeast_CC,0,0.49037762500307513,0.4758233315154767,0.5119301738486919
Cdh1,ginsim_2009-budding-yeast-full-cell-cycle_coupled_budding_yeast_CC,0,0.49904948638450647,0.5832376697672816,0.6070176989319064
Swi5,ginsim_2009-budding-yeast-full-cell-cycle_coupled_budding_yeast_CC,0,0.5016611241162284,0.5281655602316208,0.5194382917203828
CYTOKINESIS,ginsim_2009-budding-yeast-full-cell-cycle_coupled_budding_yeast_CC,0,0.49814134879453653,0.4736498332690091,0.4861029880954866
Clb2,ginsim_2009-budding-yeast-full-cell-cycle_coupled_budding_yeast_CC,0,0.5012422714083035,0.5558500865686992,0.647034597544184
CycA,ginsim_2006-mammal-cell-cycle_boolean_cell_cycle,0,0.5946548929272477,0.21399412319904906,0.4708624499674115
CycD,ginsim_2006-mammal-cell-cycle_boolean_cell_cycle,0,0.6574651841741191,0.4830810266149039,0.7832290438735513
Cdc20,ginsim_2006-mammal-cell-cycle_boolean_cell_cycle,0,0.5969260685587264,0.5607738929715029,0.8096327056417536
CycE,ginsim_2006-mammal-cell-cycle_boolean_cell_cycle,1,0.6125394212982549,0.5572047457130725,0.8370662742521036
E2F,ginsim_2006-mammal-cell-cycle_boolean_cell_cycle,0,0.6246137610677034,0.6165428047472677,0.896239940848096
CycB,ginsim_2006-mammal-cell-cycle_boolean_cell_cycle,0,0.6250653615025333,0.5584130358222462,0.8776375283423151
Rb,ginsim_2006-mammal-cell-cycle_boolean_cell_cycle,0,0.5296880908698173,0.5159989146066649,0.7306138205246988
UbcH10,ginsim_2006-mammal-cell-cycle_boolean_cell_cycle,0,0.6400801807871446,0.5604370392535429,0.8561208652917309
cdh1,ginsim_2006-mammal-cell-cycle_boolean_cell_cycle,0,0.6098342051644637,0.2644484574628889,0.5226010009157587
p27,ginsim_2006-mammal-cell-cycle_boolean_cell_cycle,0,0.5528765569560917,0.46608061861187655,0.7394047087343953
lacI,lac_operon,0,0.5460964528860266,0.9641941188077996,0.9208265132920073
lacZ,lac_operon,0,0.5431925471613137,0.9212763460848341,0.8287465432188188
lacY,lac_operon,0,0.5431925471613137,0.9212763460848341,0.8287465432188188
lacA,lac_operon,0,0.5364168053807897,0.7306481257471538,0.556940658415996
CRP,lac_operon,0,0.5621898584175646,0.9162340364779072,0.7753799776080197
glucose,lac_operon,0,0.5430520070532507,0.6384269312508142,0.4222837126882305
lactose,lac_operon,0,0.542212151230347,0.7306481257471538,0.5312263600773385
ZAP70,ginsim_default_TCRsig40,1,0.4972740337687679,0.506267991764082,0.6345456824660209
PLCg_b,ginsim_default_TCRsig40,0,0.5378195640448477,0.545755727519066,0.5774180623792082
LAT,ginsim_default_TCRsig40,0,0.5095167672760744,0.49133481454178973,0.5131813995586153
Fyn,ginsim_default_TCRsig40,0,0.43761890833126893,0.7060710462837105,0.7491360252967719
Rsk,ginsim_default_TCRsig40,0,0.6298774709105677,0.5067770944512723,0.6254138044784979
PAGCsk,ginsim_default_TCRsig40,0,0.5249519583181822,0.6438560383367606,0.7374982015921214
TCRbind,ginsim_default_TCRsig40,0,0.4628816951134421,0.6430840727319407,0.6870525823992986
CD8,ginsim_default_TCRsig40,0,0.5631315199240959,0.5710022029952873,0.6414833638037749
JNK,ginsim_default_TCRsig40,0,0.5752363598888863,0.5017288961680665,0.5433408865221777
DAG,ginsim_default_TCRsig40,0,0.5902872324094129,0.38315907249882025,0.4758554147341791
LCK,ginsim_default_TCRsig40,1,0.5257554548276673,0.6605709773366797,0.8182823674754341
CRE,ginsim_default_TCRsig40,0,0.535430652833688,0.5498689377064887,0.5415533289299533
IKK,ginsim_default_TCRsig40,0,0.5332663929735175,0.49955565539341706,0.4859505291747262
MEK,ginsim_default_TCRsig40,0,0.5581820160911091,0.4356594238038207,0.4545827900064867
Raf,ginsim_default_TCRsig40,0,0.5371812863960184,0.41582949121005836,0.4062267550115746
cCbl,ginsim_default_TCRsig40,0,0.5452484428425364,0.5870840450622506,0.6621895865516239
Fos,ginsim_default_TCRsig40,0,0.5392668041612615,0.5403275893529697,0.536707127998233
NFAT,ginsim_default_TCRsig40,0,0.5543534972769947,0.5422060197594148,0.5569028700955929
PLCg_a,ginsim_default_TCRsig40,0,0.5201402194333207,0.44280893548089906,0.5482061751505874
Rlk,ginsim_default_TCRsig40,0,0.5493605246201946,0.5646160403370651,0.6453361929001398
Jun,ginsim_default_TCRsig40,0,0.5460748414670066,0.5235118765766655,0.5272417299265689
ERK,ginsim_default_TCRsig40,0,0.5356044802518746,0.4655722968776907,0.45974113665739674
SEK,ginsim_default_TCRsig40,0,0.5544077607961339,0.48154679880020645,0.4953272033183555
Calcin,ginsim_default_TCRsig40,0,0.5435876290426129,0.5294862037586777,0.5329030310629254
CREB,ginsim_default_TCRsig40,0,0.5382453013779092,0.5326183103999879,0.5302482908416831
TCRlig,ginsim_default_TCRsig40,0,0.5550131418821688,0.5645766132125677,0.6112878769358439
PKCth,ginsim_default_TCRsig40,0,0.5292001582440496,0.439659693228086,0.4343463619334091
Ras,ginsim_default_TCRsig40,0,0.5248793241555844,0.4079384267325238,0.38893641822604363
AP1,ginsim_default_TCRsig40,0,0.5391671933186081,0.5447536199520362,0.540550556316246
IP3,ginsim_default_TCRsig40,0,0.5390083999952766,0.506705791244108,0.5277221616868375
RasGRP1,ginsim_default_TCRsig40,0,0.5347900834903333,0.47933136845070606,0.47701328567993734
Grb2Sos,ginsim_default_TCRsig40,0,0.537032934833812,0.4576090344437523,0.45991530845851053
Slp76,ginsim_default_TCRsig40,0,0.5502799765795188,0.5606967430416161,0.6248389776182943
CD45,ginsim_default_TCRsig40,0,0.5527921170059186,0.616650854724493,0.7128040241229776
Ca,ginsim_default_TCRsig40,0,0.5492357794179644,0.5110752693476799,0.5253361206248256
NFkB,ginsim_default_TCRsig40,0,0.5495892493728357,0.5390183759673228,0.5461928009595792
TCRphos,ginsim_default_TCRsig40,0,0.5195261632408503,0.6143332794014067,0.742081355272279
Gads,ginsim_default_TCRsig40,0,0.5242671691899459,0.5401409238718033,0.5399236715977627
Itk,ginsim_default_TCRsig40,0,0.5304471610912922,0.6014751687311686,0.6646475821559782
IkB,ginsim_default_TCRsig40,0,0.5385110053797849,0.5235847790944387,0.5177590082178413
Wg,ginsim_default_SP_1cell,0,0.5076868877489038,0.7970543919106478,0.7823783303531956
Fz,ginsim_default_SP_1cell,0,0.5062632889699169,0.5043346961925558,0.4859993856485281
Dsh,ginsim_default_SP_1cell,0,0.527359642919786,0.8355455982503835,0.7748667855642667
Slp,ginsim_default_SP_1cell,0,0.509600914131713,0.7626661240472189,0.7174768395729015
Nkd,ginsim_default_SP_1cell,0,0.509600914131713,0.7626661240472189,0.7174768395729015
En,ginsim_default_SP_1cell,0,0.5510215383822835,0.8799077498260228,0.7673355361281562
Hh,ginsim_default_SP_1cell,0,0.49286047243558495,0.5770369467789923,0.5782571830520906
Ci1,ginsim_default_SP_1cell,0,0.5042633143456343,0.6897850254187742,0.656050054079273
Ciact,ginsim_default_SP_1cell,0,0.507177491978525,0.763134629188643,0.7469017081567221
Cirep,ginsim_default_SP_1cell,0,0.5036751684086405,0.6676337969717003,0.6378386103275168
Pka,ginsim_default_SP_1cell,0,0.5013468268990179,0.5616952502118268,0.5461456817051206
Ptc,ginsim_default_SP_1cell,0,0.50401439139583,0.6502093979645585,0.6283894752624919
Wg_ext,ginsim_default_SP_1cell,0,0.4922139713251956,0.3607333759598416,0.363443300315637
Hh_ext,ginsim_default_SP_1cell,0,0.4956577600599943,0.3847203925885101,0.3710774182959971
# Tournier,pyboolnet_tournier_apoptosis,0,0.5727132409654137,0.49951562131569655,0.20848270593163118
TNF,pyboolnet_tournier_apoptosis,0,0.5784243353649025,0.47026468373240693,0.16474976038745281
A20a,pyboolnet_tournier_apoptosis,0,0.5672861452743907,0.49454493122442705,0.20742729558638953
C3a,pyboolnet_tournier_apoptosis,0,0.575421999887873,0.34947891334315045,0.12939781833338448
C8a,pyboolnet_tournier_apoptosis,0,0.566360523118667,0.41171352240571096,0.1746882394003725
CARP,pyboolnet_tournier_apoptosis,0,0.568905295221969,0.4647212553477424,0.18792318054926854
FLIP,pyboolnet_tournier_apoptosis,0,0.5514437216164421,0.48813827270311616,0.2556704748558404
IAP,pyboolnet_tournier_apoptosis,0,0.5680022200706761,0.47507075206257054,0.19630335934611254
IKKa,pyboolnet_tournier_apoptosis,0,0.5756792360713857,0.3745168222205632,0.13659041529446547
IkB,pyboolnet_tournier_apoptosis,0,0.5651659791161974,0.3450944877020507,0.14940915141288572
NFkB,pyboolnet_tournier_apoptosis,0,0.5650810552079685,0.49454493122442705,0.2140646757645793
NFkBnuc,pyboolnet_tournier_apoptosis,0,0.5665082267989126,0.34585265389597253,0.14532712758957836
T2,pyboolnet_tournier_apoptosis,0,0.5608985057079248,0.4761718753814479,0.21796662400867298
PDK1,ginsim_default_MAPK_large_19june2013,0,0.49812269748872856,0.34858605152487565,0.34549686778828204
FRS2,ginsim_default_MAPK_large_19june2013,0,0.4981815693743544,0.30551424559870144,0.3038753325700393
PI3K,ginsim_default_MAPK_large_19june2013,0,0.5006008566512629,0.3068939984462188,0.3051416670215742
ELK1,ginsim_default_MAPK_large_19june2013,0,0.5064410730110941,0.6929330076707187,0.6615412934819701
FOXO3,ginsim_default_MAPK_large_19june2013,0,0.4913148153633465,0.49647363053399696,0.5168258433518094
Growth_Arrest,ginsim_default_MAPK_large_19june2013,0,0.48811913953654884,0.31288895451112614,0.3349755021692262
FGFR3,ginsim_default_MAPK_large_19june2013,0,0.4989526662470186,0.31078629625000276,0.3115663705167885
MSK,ginsim_default_MAPK_large_19june2013,0,0.5027423323055801,0.568889600514233,0.5569605114698813
MDM2,ginsim_default_MAPK_large_19june2013,0,0.4989525884898708,0.36798289797147127,0.36736163549024536
JNK,ginsim_default_MAPK_large_19june2013,0,0.5088666638637952,0.7200924229256451,0.7108735218216057
TGFBR,ginsim_default_MAPK_large_19june2013,0,0.48477628134696327,0.33035227541336526,0.38107184480762146
AP1,ginsim_default_MAPK_large_19june2013,0,0.489674859505675,0.4503517748723896,0.4969315879482994
SOS,ginsim_default_MAPK_large_19june2013,0,0.48860836306621175,0.34045869180342114,0.3842000368473091
FGFR3_stimulus,ginsim_default_MAPK_large_19june2013,0,0.48964968869338626,0.29642128805777584,0.31366040736842016
p38,ginsim_default_MAPK_large_19june2013,0,0.5159845048944767,0.771742140537535,0.7632234418308573
MAX,ginsim_default_MAPK_large_19june2013,0,0.49272607301839366,0.4584132304188243,0.4688123803052669
ERK,ginsim_default_MAPK_large_19june2013,0,0.5058625838994567,0.621248324866862,0.6442486496471984
EGFR_stimulus,ginsim_default_MAPK_large_19june2013,0,0.4958059128895697,0.30027774114064876,0.2937615099736727
Apoptosis,ginsim_default_MAPK_large_19june2013,0,0.4970430118303736,0.5184114602409098,0.518419421232504
Proliferation,ginsim_default_MAPK_large_19june2013,0,0.49820895749118654,0.363740379848356,0.35478402814073906
BCL2,ginsim_default_MAPK_large_19june2013,0,0.49707185690461303,0.42475576343158633,0.4202520385686508
GADD45,ginsim_default_MAPK_large_19june2013,0,0.4932800835549714,0.3734404545259027,0.391326513620462
p21,ginsim_default_MAPK_large_19june2013,0,0.49882305701979623,0.40256801766822753,0.39682413043152914
DNA_damage,ginsim_default_MAPK_large_19june2013,0,0.49511321538723174,0.3049985479847101,0.30182371234331357
SPRY,ginsim_default_MAPK_large_19june2013,0,0.4959545387651307,0.373125184115048,0.38028758529232043
RSK,ginsim_default_MAPK_large_19june2013,0,0.49621913077698,0.44303322451467775,0.44909402746683386
p53,ginsim_default_MAPK_large_19june2013,0,0.4990145085167617,0.49499960363492457,0.526953640143796
PLCG,ginsim_default_MAPK_large_19june2013,0,0.4960694327754683,0.32410415272213167,0.3367297009885446
MEK1_2,ginsim_default_MAPK_large_19june2013,0,0.49677013905328204,0.47954048340215016,0.5212101531369042
TGFBR_stimulus,ginsim_default_MAPK_large_19june2013,0,0.4959387338006534,0.29844577578252,0.2908331344373895
JUN,ginsim_default_MAPK_large_19june2013,0,0.4972218013871501,0.42839677542597404,0.4208421796463093
EGFR,ginsim_default_MAPK_large_19june2013,0,0.4961001335706399,0.2956890174534516,0.31647992546041487
CREB,ginsim_default_MAPK_large_19june2013,0,0.4885552818807025,0.4611433547158428,0.5097534060998257
MAP3K1_3,ginsim_default_MAPK_large_19june2013,0,0.5029738376482177,0.6034003319141262,0.589580915128617
TAK1,ginsim_default_MAPK_large_19june2013,0,0.49495352484082017,0.5384245145204298,0.5460480471795497
RAF,ginsim_default_MAPK_large_19june2013,0,0.49166715783894616,0.526328407160678,0.565514354790242
p14,ginsim_default_MAPK_large_19june2013,0,0.49739171055940473,0.32476948934241023,0.31995283327201207
DUSP1,ginsim_default_MAPK_large_19june2013,0,0.49969052941772935,0.558121472635873,0.5511181298407776
ATM,ginsim_default_MAPK_large_19june2013,0,0.49468051072911484,0.38387151263925323,0.39285952359677373
GAB1,ginsim_default_MAPK_large_19june2013,0,0.4961266695876793,0.29536041716287376,0.2960673068599106
FOS,ginsim_default_MAPK_large_19june2013,0,0.4978203709037935,0.569480654611609,0.5798859656076649
AKT,ginsim_default_MAPK_large_19june2013,0,0.49967307523064886,0.4633865638976773,0.48686655438430937
MYC,ginsim_default_MAPK_large_19june2013,0,0.49344082280470375,0.42593225556775993,0.45380546742702765
GRB2,ginsim_default_MAPK_large_19june2013,0,0.4946727304934432,0.2805033890405187,0.3139643666781319
p70,ginsim_default_MAPK_large_19june2013,0,0.49431687554516257,0.4100902149087797,0.4174795887295744
PPP2CA,ginsim_default_MAPK_large_19june2013,0,0.49311854583070264,0.4683518873940072,0.4830453827958763
PKC,ginsim_default_MAPK_large_19june2013,0,0.49884292701117244,0.3684986443627953,0.36168928531656674
MTK1,ginsim_default_MAPK_large_19june2013,0,0.493956602552144,0.5286214628668132,0.5486793001101937
RAS,ginsim_default_MAPK_large_19june2013,0,0.4985290788216251,0.4059172762211098,0.4160239488945926
ATF2,ginsim_default_MAPK_large_19june2013,0,0.4981432526077752,0.5698193211838566,0.5660824522421808
TAOK,ginsim_default_MAPK_large_19june2013,0,0.49778628616734616,0.5432366210778051,0.5418921981689537
PTEN,ginsim_default_MAPK_large_19june2013,0,0.49621810332481625,0.3889006149645977,0.3864974969497847
SMAD,ginsim_default_MAPK_large_19june2013,0,0.4965549164638626,0.3152121297547415,0.30813203163972047
ECMicroenv,ginsim_2015-mammal-tumor-invasion-migration_SuppMat_Model_Master_Model,0,0.5387284140234252,0.3516614399773537,0.37297847397190903
DNAdamage,ginsim_2015-mammal-tumor-invasion-migration_SuppMat_Model_Master_Model,0,0.540664683878188,0.3810731662610643,0.4157497843663315
Metastasis,ginsim_2015-mammal-tumor-invasion-migration_SuppMat_Model_Master_Model,0,0.5443211583233186,0.3725357979579799,0.38622748575308036
Migration,ginsim_2015-mammal-tumor-invasion-migration_SuppMat_Model_Master_Model,0,0.529202988880622,0.23639828503429017,0.29219170021257446
Invasion,ginsim_2015-mammal-tumor-invasion-migration_SuppMat_Model_Master_Model,0,0.5490188097867046,0.293590906000487,0.34251763931499213
EMT,ginsim_2015-mammal-tumor-invasion-migration_SuppMat_Model_Master_Model,0,0.550929402023111,0.3302120102033466,0.3716869375550268
Apoptosis,ginsim_2015-mammal-tumor-invasion-migration_SuppMat_Model_Master_Model,0,0.5265867406656144,0.36571483211009714,0.43307663382651856
CellCycleArrest,ginsim_2015-mammal-tumor-invasion-migration_SuppMat_Model_Master_Model,0,0.5372698074230453,0.3466016465031692,0.40742322270667836
GF,ginsim_2015-mammal-tumor-invasion-migration_SuppMat_Model_Master_Model,0,0.5539547235576904,0.3069743554472527,0.3768204191866363
TGFbeta,ginsim_2015-mammal-tumor-invasion-migration_SuppMat_Model_Master_Model,0,0.5459006303033371,0.3004729777095068,0.3700436219031586
p21,ginsim_2015-mammal-tumor-invasion-migration_SuppMat_Model_Master_Model,0,0.5296349924499587,0.3301938753783492,0.4074385565049994
CDH1,ginsim_2015-mammal-tumor-invasion-migration_SuppMat_Model_Master_Model,1,0.5343320769341767,0.2850141034040087,0.3670662936717287
CDH2,ginsim_2015-mammal-tumor-invasion-migration_SuppMat_Model_Master_Model,0,0.5475596919218035,0.2679011768406229,0.345481732051275
VIM,ginsim_2015-mammal-tumor-invasion-migration_SuppMat_Model_Master_Model,1,0.5499922984370752,0.30764681077296074,0.3555989390798504
TWIST1,ginsim_2015-mammal-tumor-invasion-migration_SuppMat_Model_Master_Model,0,0.49942110455286776,0.30241169818615304,0.33980596705928007
SNAI1,ginsim_2015-mammal-tumor-invasion-migration_SuppMat_Model_Master_Model,1,0.448166975493721,0.2866795357388204,0.27868051906957564
SNAI2,ginsim_2015-mammal-tumor-invasion-migration_SuppMat_Model_Master_Model,0,0.5060497636921205,0.29783323169941206,0.35174045083950417
ZEB1,ginsim_2015-mammal-tumor-invasion-migration_SuppMat_Model_Master_Model,0,0.4792893692216421,0.31119761209871427,0.33506876968385935
ZEB2,ginsim_2015-mammal-tumor-invasion-migration_SuppMat_Model_Master_Model,0,0.5278776931136128,0.274401242102117,0.3630774622030399
AKT1,ginsim_2015-mammal-tumor-invasion-migration_SuppMat_Model_Master_Model,0,0.4502932867367825,0.20356624883528465,0.22453033084101867
DKK1,ginsim_2015-mammal-tumor-invasion-migration_SuppMat_Model_Master_Model,0,0.6487644979515064,0.33472105353902704,0.5296359203734079
CTNNB1,ginsim_2015-mammal-tumor-invasion-migration_SuppMat_Model_Master_Model,0,0.3682020125172305,0.17721746361932283,0.1271812680251199
NICD,ginsim_2015-mammal-tumor-invasion-migration_SuppMat_Model_Master_Model,0,0.30552512917575053,0.2519165087267754,0.13829989111611504
p63,ginsim_2015-mammal-tumor-invasion-migration_SuppMat_Model_Master_Model,0,0.5974646086037968,0.2979628473094983,0.5083294294682709
p53,ginsim_2015-mammal-tumor-invasion-migration_SuppMat_Model_Master_Model,0,0.26550631489889326,0.22438495187452695,0.09335219980334604
p73,ginsim_2015-mammal-tumor-invasion-migration_SuppMat_Model_Master_Model,0,0.6176539641654268,0.3455230278150853,0.570681657613034
miR200,ginsim_2015-mammal-tumor-invasion-migration_SuppMat_Model_Master_Model,0,0.41686455794763616,0.23937471868103283,0.22347413155584817
miR203,ginsim_2015-mammal-tumor-invasion-migration_SuppMat_Model_Master_Model,0,0.5959213805162463,0.2907922329797908,0.4639880543699797
miR34,ginsim_2015-mammal-tumor-invasion-migration_SuppMat_Model_Master_Model,0,0.4254509037928137,0.2948490162786837,0.2753276868931906
AKT2,ginsim_2015-mammal-tumor-invasion-migration_SuppMat_Model_Master_Model,0,0.4931088558124891,0.23600784642136707,0.30190592087050744
ERK,ginsim_2015-mammal-tumor-invasion-migration_SuppMat_Model_Master_Model,0,0.5298188520659368,0.2638603473014407,0.3212787962513464
SMAD,ginsim_2015-mammal-tumor-invasion-migration_SuppMat_Model_Master_Model,0,0.5311834239010151,0.2965689706090321,0.335611016206058
TLR5,ginsim_2018-mammal-tcr-tlr5_RodriguezJorge_TLR5_Signalling_BooleanModel_17Jul2018,1,0.4974974407525853,0.26717193243050186,0.2626322104510571
MyD88,ginsim_2018-mammal-tcr-tlr5_RodriguezJorge_TLR5_Signalling_BooleanModel_17Jul2018,0,0.501836551158248,0.24630712618743097,0.2353450468743183
TICAM1,ginsim_2018-mammal-tcr-tlr5_RodriguezJorge_TLR5_Signalling_BooleanModel_17Jul2018,0,0.5009019559720167,0.257441834230581,0.24552746262922265
PIK3AP1,ginsim_2018-mammal-tcr-tlr5_RodriguezJorge_TLR5_Signalling_BooleanModel_17Jul2018,0,0.4931188713738949,0.26663496027244826,0.27629742654957246
IRAK4,ginsim_2018-mammal-tcr-tlr5_RodriguezJorge_TLR5_Signalling_BooleanModel_17Jul2018,0,0.5012362922506082,0.26100087596064525,0.24687054375532672
IRAK1,ginsim_2018-mammal-tcr-tlr5_RodriguezJorge_TLR5_Signalling_BooleanModel_17Jul2018,0,0.5028414271711988,0.24113704454379875,0.23029003833224587
PI3K,ginsim_2018-mammal-tcr-tlr5_RodriguezJorge_TLR5_Signalling_BooleanModel_17Jul2018,0,0.4931617223809037,0.2863073202792597,0.2963425786748805
TRAF6,ginsim_2018-mammal-tcr-tlr5_RodriguezJorge_TLR5_Signalling_BooleanModel_17Jul2018,0,0.49804876624506633,0.27175540529196474,0.2766274767368824
PDPK1,ginsim_2018-mammal-tcr-tlr5_RodriguezJorge_TLR5_Signalling_BooleanModel_17Jul2018,0,0.49539169815074713,0.3263530787608508,0.34527030333432013
Akt,ginsim_2018-mammal-tcr-tlr5_RodriguezJorge_TLR5_Signalling_BooleanModel_17Jul2018,0,0.49561696342988126,0.42504200532133296,0.45075049962135133
TAK1,ginsim_2018-mammal-tcr-tlr5_RodriguezJorge_TLR5_Signalling_BooleanModel_17Jul2018,0,0.4956521525280006,0.297539791302374,0.3051411146196316
TAB,ginsim_2018-mammal-tcr-tlr5_RodriguezJorge_TLR5_Signalling_BooleanModel_17Jul2018,0,0.49324924931818276,0.29470965105643443,0.302147093510698
TAK1c,ginsim_2018-mammal-tcr-tlr5_RodriguezJorge_TLR5_Signalling_BooleanModel_17Jul2018,0,0.5019667860854509,0.3868988994271931,0.3872034687574261
SCFbTrCP,ginsim_2018-mammal-tcr-tlr5_RodriguezJorge_TLR5_Signalling_BooleanModel_17Jul2018,0,0.4954392599843918,0.3578853094688206,0.35615527852237905
IKBKB,ginsim_2018-mammal-tcr-tlr5_RodriguezJorge_TLR5_Signalling_BooleanModel_17Jul2018,0,0.5010631661743999,0.4703885422853632,0.48767606764590365
NFKBIA,ginsim_2018-mammal-tcr-tlr5_RodriguezJorge_TLR5_Signalling_BooleanModel_17Jul2018,0,0.4978566073326957,0.4336556253474898,0.433502201703517
MAP2K2,ginsim_2018-mammal-tcr-tlr5_RodriguezJorge_TLR5_Signalling_BooleanModel_17Jul2018,0,0.4908191878120274,0.3423533885754095,0.36923876168447317
MAP2K3,ginsim_2018-mammal-tcr-tlr5_RodriguezJorge_TLR5_Signalling_BooleanModel_17Jul2018,0,0.4958544349597294,0.41647329174220876,0.4245569806775968
MAP2K7,ginsim_2018-mammal-tcr-tlr5_RodriguezJorge_TLR5_Signalling_BooleanModel_17Jul2018,0,0.4943087356544904,0.35249966608236777,0.35619193561766366
MAP3K8,ginsim_2018-mammal-tcr-tlr5_RodriguezJorge_TLR5_Signalling_BooleanModel_17Jul2018,0,0.4947879095432301,0.34047342111804674,0.35583868045610034
NFKB1,ginsim_2018-mammal-tcr-tlr5_RodriguezJorge_TLR5_Signalling_BooleanModel_17Jul2018,1,0.49429086049433035,0.36613682308474027,0.36950046108713375
RPS6KA2,ginsim_2018-mammal-tcr-tlr5_RodriguezJorge_TLR5_Signalling_BooleanModel_17Jul2018,0,0.4992566133724985,0.5740715389414218,0.5724920382079568
MKNK1,ginsim_2018-mammal-tcr-tlr5_RodriguezJorge_TLR5_Signalling_BooleanModel_17Jul2018,0,0.49719426880272827,0.43053952145972474,0.42436095101937754
GSK3b,ginsim_2018-mammal-tcr-tlr5_RodriguezJorge_TLR5_Signalling_BooleanModel_17Jul2018,0,0.4939948008069712,0.5394638893456828,0.5564590648355224
RPS6KA5,ginsim_2018-mammal-tcr-tlr5_RodriguezJorge_TLR5_Signalling_BooleanModel_17Jul2018,0,0.5013984114883318,0.6126406468178109,0.6125272219393895
JNK,ginsim_2018-mammal-tcr-tlr5_RodriguezJorge_TLR5_Signalling_BooleanModel_17Jul2018,0,0.4958293681479941,0.43422911331586034,0.4426014319394814
P38a,ginsim_2018-mammal-tcr-tlr5_RodriguezJorge_TLR5_Signalling_BooleanModel_17Jul2018,0,0.5015541375669791,0.5207642447999201,0.5357271809660625
ERK,ginsim_2018-mammal-tcr-tlr5_RodriguezJorge_TLR5_Signalling_BooleanModel_17Jul2018,0,0.5011789241153284,0.5433010134054443,0.5520053832740803
MAPKAPK2,ginsim_2018-mammal-tcr-tlr5_RodriguezJorge_TLR5_Signalling_BooleanModel_17Jul2018,0,0.49985787990093167,0.48992891966558816,0.4996460340634042
JUN,ginsim_2018-mammal-tcr-tlr5_RodriguezJorge_TLR5_Signalling_BooleanModel_17Jul2018,0,0.4941319435226063,0.4736273069042931,0.4926237698040132
FOS,ginsim_2018-mammal-tcr-tlr5_RodriguezJorge_TLR5_Signalling_BooleanModel_17Jul2018,0,0.4925031941699604,0.47850296370514517,0.49624146637270455
NFkB,ginsim_2018-mammal-tcr-tlr5_RodriguezJorge_TLR5_Signalling_BooleanModel_17Jul2018,0,0.5224391502111938,0.5962903139969729,0.5199798508236348
AP1,ginsim_2018-mammal-tcr-tlr5_RodriguezJorge_TLR5_Signalling_BooleanModel_17Jul2018,0,0.532929085543081,0.7224039568080256,0.6098097019736028
CREB1,ginsim_2018-mammal-tcr-tlr5_RodriguezJorge_TLR5_Signalling_BooleanModel_17Jul2018,0,0.5439417874789924,0.8490590773680591,0.7551434812379061
DUSP,ginsim_2018-mammal-tcr-tlr5_RodriguezJorge_TLR5_Signalling_BooleanModel_17Jul2018,0,0.5023981965430169,0.6854421887277495,0.6967124097792018
TNFAIP3,ginsim_2018-mammal-tcr-tlr5_RodriguezJorge_TLR5_Signalling_BooleanModel_17Jul2018,0,0.49100398509315435,0.41257836463139563,0.43878050902189225
ZFP36,ginsim_2018-mammal-tcr-tlr5_RodriguezJorge_TLR5_Signalling_BooleanModel_17Jul2018,0,0.5125045583351533,0.7051387781766324,0.6558875453993803
PICytokines,ginsim_2018-mammal-tcr-tlr5_RodriguezJorge_TLR5_Signalling_BooleanModel_17Jul2018,0,0.5254344161025333,0.7481236839998099,0.6518788145943798
Survival,ginsim_2018-mammal-tcr-tlr5_RodriguezJorge_TLR5_Signalling_BooleanModel_17Jul2018,0,0.5228588694259384,0.6653195659251036,0.5592883521878745
AICytokines,ginsim_2018-mammal-tcr-tlr5_RodriguezJorge_TLR5_Signalling_BooleanModel_17Jul2018,0,0.514995419943167,0.6679066814799434,0.6011640288930213
PIK3R1,ginsim_2018-mammal-tcr-tlr5_RodriguezJorge_TLR5_Signalling_BooleanModel_17Jul2018,0,0.49535789663068763,0.26733525827477894,0.26939206746527744
IKBKG,ginsim_2018-mammal-tcr-tlr5_RodriguezJorge_TLR5_Signalling_BooleanModel_17Jul2018,0,0.4958413432419425,0.37658574228892927,0.3800503988837716
CycD,ginsim_2016-mammal-cell-cycle_Traynard_Boolean_MamCC_Apr2016,0,0.6246581213788563,0.5403788266405624,0.09719832553891734
Rb2,ginsim_2016-mammal-cell-cycle_Traynard_Boolean_MamCC_Apr2016,0,0.6226983474852268,0.7597442207828051,0.2580427989886293
E2F,ginsim_2016-mammal-cell-cycle_Traynard_Boolean_MamCC_Apr2016,0,0.6232609545717224,0.8148419373721769,0.32218003268101647
CycE,ginsim_2016-mammal-cell-cycle_Traynard_Boolean_MamCC_Apr2016,0,0.6257435922660739,0.6525325179142345,0.15658752088274572
CycA,ginsim_2016-mammal-cell-cycle_Traynard_Boolean_MamCC_Apr2016,0,0.6495011472117014,0.6867301574800555,0.13545146942109218
CycB,ginsim_2016-mammal-cell-cycle_Traynard_Boolean_MamCC_Apr2016,0,0.646572764915303,0.6997039234137047,0.14702368983553782
p27_1,ginsim_2016-mammal-cell-cycle_Traynard_Boolean_MamCC_Apr2016,0,0.6219508138046502,0.8375146905570598,0.3669784476489684
Cdc20,ginsim_2016-mammal-cell-cycle_Traynard_Boolean_MamCC_Apr2016,0,0.6280692873443867,0.5408719843186002,0.09454666473168298
Cdh1,ginsim_2016-mammal-cell-cycle_Traynard_Boolean_MamCC_Apr2016,0,0.6251873508726316,0.5844780239277292,0.13353262122661894
UbcH10,ginsim_2016-mammal-cell-cycle_Traynard_Boolean_MamCC_Apr2016,0,0.6351021688550268,0.48695478786103885,0.07085205150607242
Skp2,ginsim_2016-mammal-cell-cycle_Traynard_Boolean_MamCC_Apr2016,0,0.6054063104785534,0.7068047379447735,0.2581258125713106
Rb1,ginsim_2016-mammal-cell-cycle_Traynard_Boolean_MamCC_Apr2016,0,0.6285693112342852,0.7310985983366743,0.21270703510829314
p27_2,ginsim_2016-mammal-cell-cycle_Traynard_Boolean_MamCC_Apr2016,0,0.6263137357342657,0.7637549929676676,0.24304459005916115
EGFR_stimulus,ginsim_2015-mammal-bladder-tumorigenesis,0,0.5446751386589885,0.44327816729069547,0.43697887389643497
FGFR3_stimulus,ginsim_2015-mammal-bladder-tumorigenesis,0,0.5446751386589885,0.4434810047519847,0.43611216072452946
DNAdamage,ginsim_2015-mammal-bladder-tumorigenesis,0,0.5446292796929704,0.44668372746011953,0.4543969824813383
GrowthInhibitors,ginsim_2015-mammal-bladder-tumorigenesis,0,0.5442475866581227,0.45115344056625317,0.4772202694857327
Proliferation,ginsim_2015-mammal-bladder-tumorigenesis,0,0.5413742651659804,0.5321850859527996,0.5791925771680664
Apoptosis,ginsim_2015-mammal-bladder-tumorigenesis,0,0.543545938670241,0.48922644068923016,0.5573991920576308
Growth_Arrest,ginsim_2015-mammal-bladder-tumorigenesis,0,0.5356692415376799,0.540500696911751,0.5990009744516097
EGFR,ginsim_2015-mammal-bladder-tumorigenesis,0,0.5195384586587715,0.3831082854865321,0.37403634185269596
FGFR3,ginsim_2015-mammal-bladder-tumorigenesis,1,0.5229639407077207,0.39384623641802735,0.38868697247967443
RAS,ginsim_2015-mammal-bladder-tumorigenesis,0,0.4834726571346603,0.3264016883238938,0.3078688798198404
E2F1,ginsim_2015-mammal-bladder-tumorigenesis,0,0.29913879792823367,0.5354593792203869,0.28400247664807327
E2F3,ginsim_2015-mammal-bladder-tumorigenesis,0,0.4619683564756443,0.6906388045638834,0.7372574611818904
CyclinD1,ginsim_2015-mammal-bladder-tumorigenesis,0,0.5086013895906366,0.4134145192862047,0.4366123556902816
CyclinE1,ginsim_2015-mammal-bladder-tumorigenesis,0,0.3157954491290958,0.6150553668900222,0.3444346058808748
CyclinA,ginsim_2015-mammal-bladder-tumorigenesis,0,0.3680842827846568,0.668324521919995,0.5199716455661392
CDC25A,ginsim_2015-mammal-bladder-tumorigenesis,0,0.40369324534096,0.7286983149333367,0.6619578010945762
p16INK4a,ginsim_2015-mammal-bladder-tumorigenesis,0,0.5885724156409889,0.4423643004165949,0.5811887139312636
RB1,ginsim_2015-mammal-bladder-tumorigenesis,1,0.37794587169296234,0.49231979699285494,0.3186313188666992
RBL2,ginsim_2015-mammal-bladder-tumorigenesis,0,0.3460458682459907,0.6059150894586938,0.3754022469113689
p21CIP,ginsim_2015-mammal-bladder-tumorigenesis,0,0.3836926934026755,0.44363315196618786,0.2647699017431932
ATM,ginsim_2015-mammal-bladder-tumorigenesis,0,0.5201850145134712,0.5184930716142305,0.5811173207158021
CHEK1_2,ginsim_2015-mammal-bladder-tumorigenesis,0,0.4572957705010238,0.6437650363786775,0.6309665316325654
MDM2,ginsim_2015-mammal-bladder-tumorigenesis,0,0.5069905964104366,0.4543865511607698,0.4600385451203796
TP53,ginsim_2015-mammal-bladder-tumorigenesis,1,0.4839475628433124,0.38983991080512087,0.37211532471983566
p14ARF,ginsim_2015-mammal-bladder-tumorigenesis,0,0.5453444397551237,0.47723347165166413,0.5398770592513459
PTEN,ginsim_2015-mammal-bladder-tumorigenesis,0,0.5454833252156973,0.3616058236969841,0.374163425974617
PI3K,ginsim_2015-mammal-bladder-tumorigenesis,0,0.53648189877522,0.34146047376934646,0.3505762171123934
AKT,ginsim_2015-mammal-bladder-tumorigenesis,0,0.53934340311497,0.37411263235629943,0.4110257968917206
GRB2,ginsim_2015-mammal-bladder-tumorigenesis,0,0.523921385938397,0.4105648846554901,0.4246054415196436
SPRY,ginsim_2015-mammal-bladder-tumorigenesis,0,0.5337802599027626,0.4376993197103098,0.4533148662525827
GF,ginsim_default_CellCycleControl_Sizek_PCB_2019,0,0.5354797788506325,0.4453539437414121,0.41675676386016053
RTK,ginsim_default_CellCycleControl_Sizek_PCB_2019,0,0.5332782578263672,0.29040216276122843,0.2627388055131145
Grb2,ginsim_default_CellCycleControl_Sizek_PCB_2019,0,0.5348409917905151,0.38513711539572115,0.3583829349400949
Ras,ginsim_default_CellCycleControl_Sizek_PCB_2019,0,0.5320263433811477,0.3689903552620808,0.35113242451566246
RAF,ginsim_default_CellCycleControl_Sizek_PCB_2019,0,0.5418739347338282,0.3841110779964774,0.3902276160984369
mTORC2,ginsim_default_CellCycleControl_Sizek_PCB_2019,0,0.5325873856060627,0.3769295732701913,0.3570410634443844
PI3K,ginsim_default_CellCycleControl_Sizek_PCB_2019,0,0.5305666146789033,0.4184596446045155,0.3956579522519206
PIP3,ginsim_default_CellCycleControl_Sizek_PCB_2019,0,0.5176533745426278,0.3835249697520937,0.3521203608434948
PDK1,ginsim_default_CellCycleControl_Sizek_PCB_2019,0,0.5317352072503244,0.40551785459791784,0.39247632272415284
AKT_B,ginsim_default_CellCycleControl_Sizek_PCB_2019,0,0.5126700740089096,0.3759468494290521,0.37689020968603437
p110_H,ginsim_default_CellCycleControl_Sizek_PCB_2019,0,0.5396305653273178,0.2414413921473301,0.21167279346376486
PI3K_H,ginsim_default_CellCycleControl_Sizek_PCB_2019,0,0.5225729928712955,0.33951106519943597,0.30280596098413143
AKT_H,ginsim_default_CellCycleControl_Sizek_PCB_2019,0,0.4946441849302319,0.205118242994068,0.1513283390954229
FoxO3,ginsim_default_CellCycleControl_Sizek_PCB_2019,0,0.5199421912048023,0.24339033276911837,0.22705861373419384
PLCgamma,ginsim_default_CellCycleControl_Sizek_PCB_2019,0,0.5232300467116381,0.34417216749214463,0.30281777190299325
NeddL4,ginsim_default_CellCycleControl_Sizek_PCB_2019,0,0.54142821093235,0.3965872747835723,0.3718952402020429
FoxO1,ginsim_default_CellCycleControl_Sizek_PCB_2019,0,0.5348878521269312,0.412213067903998,0.4355639937377622
p21_mRNA,ginsim_default_CellCycleControl_Sizek_PCB_2019,0,0.5371866840947132,0.41447976153569016,0.42160068101454745
TSC2,ginsim_default_CellCycleControl_Sizek_PCB_2019,0,0.5352234709515438,0.40032839740126774,0.39553115860622784
PRAS40,ginsim_default_CellCycleControl_Sizek_PCB_2019,0,0.5347733788463612,0.4029964501956218,0.40410867901701397
Rheb,ginsim_default_CellCycleControl_Sizek_PCB_2019,0,0.537426253530565,0.3715288817975438,0.3567640533675899
mTORC1,ginsim_default_CellCycleControl_Sizek_PCB_2019,0,0.522589723438715,0.3474168571851285,0.36079922635580824
S6K,ginsim_default_CellCycleControl_Sizek_PCB_2019,0,0.5341690599227232,0.33549738297152915,0.3282832057079842
eIF4E,ginsim_default_CellCycleControl_Sizek_PCB_2019,0,0.5356577876932459,0.3888950941500653,0.38873510321608234
GSK3,ginsim_default_CellCycleControl_Sizek_PCB_2019,0,0.5221120923254458,0.3538781811406732,0.3629300200273996
p21,ginsim_default_CellCycleControl_Sizek_PCB_2019,0,0.5355049545514954,0.41481419159597294,0.44093221675417543
pRB,ginsim_default_CellCycleControl_Sizek_PCB_2019,0,0.48939721330588304,0.4914689833875385,0.4975447800844837
p27Kip1,ginsim_default_CellCycleControl_Sizek_PCB_2019,0,0.5343736290178883,0.5127923710107061,0.6043357743234681
Myc,ginsim_default_CellCycleControl_Sizek_PCB_2019,0,0.5067826892826829,0.38665675840612,0.36745501565603683
CyclinD1,ginsim_default_CellCycleControl_Sizek_PCB_2019,0,0.5323065857517675,0.4581834013978096,0.4967904439087733
E2F1,ginsim_default_CellCycleControl_Sizek_PCB_2019,0,0.42543545335746985,0.4949886513325461,0.4047340985846025
CyclinE,ginsim_default_CellCycleControl_Sizek_PCB_2019,0,0.48105635139575964,0.47778117758924016,0.46553606488167465
ORC,ginsim_default_CellCycleControl_Sizek_PCB_2019,0,0.4124434187551017,0.45885985045486216,0.264578197489483
Cdc6,ginsim_default_CellCycleControl_Sizek_PCB_2019,0,0.38279621118859253,0.49107861493842886,0.2948454367941411
Cdt1,ginsim_default_CellCycleControl_Sizek_PCB_2019,0,0.35603239479271476,0.509052202399155,0.25803301541516355
Pre_RC,ginsim_default_CellCycleControl_Sizek_PCB_2019,0,0.39778086088474085,0.43338290647677985,0.22883815900149515
geminin,ginsim_default_CellCycleControl_Sizek_PCB_2019,0,0.5215149089009175,0.49895807784674473,0.5050960268001436
CyclinA_mRNA,ginsim_default_CellCycleControl_Sizek_PCB_2019,0,0.5365163568240322,0.46880325310756565,0.5061395084814494
Emi1,ginsim_default_CellCycleControl_Sizek_PCB_2019,0,0.5101168589377665,0.6032145786101788,0.6652489428622937
FoxM1,ginsim_default_CellCycleControl_Sizek_PCB_2019,0,0.49599319480559695,0.49451567795648316,0.5073490201677631
Cdc25A,ginsim_default_CellCycleControl_Sizek_PCB_2019,0,0.48956363294923533,0.5561660925154006,0.5959596411203828
CyclinA,ginsim_default_CellCycleControl_Sizek_PCB_2019,0,0.47683707527371244,0.6075349490236659,0.646453415686903
Wee1,ginsim_default_CellCycleControl_Sizek_PCB_2019,0,0.5313724419539112,0.5105285209568005,0.5828227674115203
UbcH10,ginsim_default_CellCycleControl_Sizek_PCB_2019,0,0.564737809756571,0.5100473154214683,0.6039386194863527
CyclinB,ginsim_default_CellCycleControl_Sizek_PCB_2019,0,0.4226490263941584,0.6114148458703552,0.5919828905716392
Cdc25B,ginsim_default_CellCycleControl_Sizek_PCB_2019,0,0.5839045440363448,0.4553136807911065,0.5504968290853823
Plk1,ginsim_default_CellCycleControl_Sizek_PCB_2019,0,0.468109991293622,0.5570040892141986,0.583585838803642
Cdc25C,ginsim_default_CellCycleControl_Sizek_PCB_2019,0,0.5486122539082388,0.5143264113543181,0.5926794912592116
Cdk1,ginsim_default_CellCycleControl_Sizek_PCB_2019,0,0.45377675454517924,0.6954731089516121,0.7355169123658191
pAPC,ginsim_default_CellCycleControl_Sizek_PCB_2019,0,0.5091982361210906,0.5823322827700338,0.6133823442021562
Cdc20,ginsim_default_CellCycleControl_Sizek_PCB_2019,1,0.49890171806801004,0.5963571635782929,0.6250071981731152
Cdh1,ginsim_default_CellCycleControl_Sizek_PCB_2019,0,0.4780619689884803,0.641417371792676,0.6616531659255305
Replication,ginsim_default_CellCycleControl_Sizek_PCB_2019,0,0.527102198838963,0.4585364199521897,0.505237305170957
f4N_DNA,ginsim_default_CellCycleControl_Sizek_PCB_2019,0,0.5083071719384666,0.443924438814584,0.4539612004603584
U_Kinetochores,ginsim_default_CellCycleControl_Sizek_PCB_2019,0,0.5065853992955324,0.5768809752551596,0.6387941016353306
Mad2,ginsim_default_CellCycleControl_Sizek_PCB_2019,0,0.542982984253193,0.49348775972452963,0.5267329319600066
A_Kinetochores,ginsim_default_CellCycleControl_Sizek_PCB_2019,0,0.5087530756100971,0.6262261704679893,0.6859857451343372
Plk1_H,ginsim_default_CellCycleControl_Sizek_PCB_2019,0,0.5458195538059393,0.4268962813414125,0.47032929017919595
Ect2,ginsim_default_CellCycleControl_Sizek_PCB_2019,0,0.5264889510182539,0.48433408725817073,0.4992292446428209
Casp8,ginsim_default_CellCycleControl_Sizek_PCB_2019,0,0.4924090119021364,0.3934159865039523,0.31969386743128675
Casp2,ginsim_default_CellCycleControl_Sizek_PCB_2019,0,0.5234567469053426,0.5182975249442686,0.5704459851705711
MCL_1,ginsim_default_CellCycleControl_Sizek_PCB_2019,0,0.2654877749904805,0.49336643672587904,0.15104511121755207
BCLXL,ginsim_default_CellCycleControl_Sizek_PCB_2019,0,0.26528940655984584,0.5452631631923279,0.17544832314951908
BCL2,ginsim_default_CellCycleControl_Sizek_PCB_2019,0,0.25743007835703113,0.5389311306594486,0.1634126237802225
BAD,ginsim_default_CellCycleControl_Sizek_PCB_2019,0,0.6303633669974469,0.42378401798349585,0.6548213994475413
BIK,ginsim_default_CellCycleControl_Sizek_PCB_2019,0,0.44657378809434994,0.4053385323840586,0.26765263247636545
BIM,ginsim_default_CellCycleControl_Sizek_PCB_2019,0,0.44211255190546267,0.4850532586891201,0.3678281699380231
BID,ginsim_default_CellCycleControl_Sizek_PCB_2019,0,0.3759979251429964,0.5014929198502683,0.2573622334429334
BAK,ginsim_default_CellCycleControl_Sizek_PCB_2019,0,0.3945760019033355,0.4051379584134824,0.19821220527068137
BAX,ginsim_default_CellCycleControl_Sizek_PCB_2019,0,0.3945760019033355,0.4051379584134824,0.19821220527068137
Cyto_C,ginsim_default_CellCycleControl_Sizek_PCB_2019,0,0.533472644439363,0.3117496576313286,0.2640499475929446
SMAC,ginsim_default_CellCycleControl_Sizek_PCB_2019,0,0.5337347864804983,0.3918380977612829,0.3646091780843206
IAPs,ginsim_default_CellCycleControl_Sizek_PCB_2019,0,0.5345542481540693,0.2882869872822899,0.26387923838550337
Casp9,ginsim_default_CellCycleControl_Sizek_PCB_2019,0,0.5303748794948429,0.25976465735941623,0.22488342470333136
Casp3,ginsim_default_CellCycleControl_Sizek_PCB_2019,0,0.49410452454882076,0.34658155042321237,0.37351876654044425
CAD,ginsim_default_CellCycleControl_Sizek_PCB_2019,0,0.5308421603384186,0.29082202374021887,0.2878816971074146
ATR,ginsim_default_CellCycleControl_Sizek_PCB_2019,0,0.5409090408836743,0.4325529227313154,0.4224194154472687
CHK1,ginsim_default_CellCycleControl_Sizek_PCB_2019,0,0.5298649201268865,0.4961314739940807,0.5310509323459276
Ca2,ginsim_default_CellCycleControl_Sizek_PCB_2019,0,0.540114448356895,0.470881913156523,0.4438992139970698
DAG,ginsim_default_CellCycleControl_Sizek_PCB_2019,0,0.5409623192324499,0.4239758323278349,0.406747052632974
DR4_5,ginsim_default_CellCycleControl_Sizek_PCB_2019,0,0.5406074053543755,0.4295368188200266,0.4070245489456778
ERK,ginsim_default_CellCycleControl_Sizek_PCB_2019,0,0.5278435083454012,0.3359293872406272,0.33697850557196385
GF_High,ginsim_default_CellCycleControl_Sizek_PCB_2019,0,0.5412075982669986,0.44318420247154905,0.4293921638722413
IP3,ginsim_default_CellCycleControl_Sizek_PCB_2019,0,0.5383105938615658,0.41118704113049437,0.3753404124268889
MEK,ginsim_default_CellCycleControl_Sizek_PCB_2019,0,0.5400369610947041,0.40483888026870357,0.3912018995629235
SOS,ginsim_default_CellCycleControl_Sizek_PCB_2019,0,0.5411386390503298,0.44435130866263756,0.42669643744841945
Trail,ginsim_default_CellCycleControl_Sizek_PCB_2019,0,0.5412451516078967,0.4800036807591057,0.4495339902187541
RTPK,ginsim_2015-mammal-cell-fate-gastric-cancer_Flobak_FullModel_S2_Dataset,0,0.4968981111570399,0.3343410295001144,0.34611279169618425
SHC1,ginsim_2015-mammal-cell-fate-gastric-cancer_Flobak_FullModel_S2_Dataset,0,0.49622881763735754,0.2917481171532308,0.2994224195449042
GRB2,ginsim_2015-mammal-cell-fate-gastric-cancer_Flobak_FullModel_S2_Dataset,0,0.49952740317083316,0.28499889377103066,0.28286096559084317
SOS,ginsim_2015-mammal-cell-fate-gastric-cancer_Flobak_FullModel_S2_Dataset,0,0.510558738844331,0.3886566756497086,0.3326895372717624
Ras,ginsim_2015-mammal-cell-fate-gastric-cancer_Flobak_FullModel_S2_Dataset,0,0.5030246853835603,0.33740102526935917,0.32014673189835674
Raf,ginsim_2015-mammal-cell-fate-gastric-cancer_Flobak_FullModel_S2_Dataset,0,0.5258181746259665,0.5253786868075381,0.41104791832050264
MEK,ginsim_2015-mammal-cell-fate-gastric-cancer_Flobak_FullModel_S2_Dataset,0,0.5259671788728435,0.4020898129974996,0.29984129530767956
ERK,ginsim_2015-mammal-cell-fate-gastric-cancer_Flobak_FullModel_S2_Dataset,0,0.5351297809562537,0.7219102073120568,0.6362375071628419
DUSP6,ginsim_2015-mammal-cell-fate-gastric-cancer_Flobak_FullModel_S2_Dataset,0,0.5151824752694881,0.39956411806522524,0.3246203223314086
TAK1,ginsim_2015-mammal-cell-fate-gastric-cancer_Flobak_FullModel_S2_Dataset,0,0.5006173720700603,0.3260784806331068,0.32536266938037317
MKK3,ginsim_2015-mammal-cell-fate-gastric-cancer_Flobak_FullModel_S2_Dataset,0,0.5004104311548723,0.3505135240639513,0.3365624962359597
ASK1,ginsim_2015-mammal-cell-fate-gastric-cancer_Flobak_FullModel_S2_Dataset,0,0.4924774250340365,0.37144295390613663,0.3851129853273572
TAB,ginsim_2015-mammal-cell-fate-gastric-cancer_Flobak_FullModel_S2_Dataset,0,0.49621282012503826,0.34695207591699884,0.34392766347723946
p38alpha,ginsim_2015-mammal-cell-fate-gastric-cancer_Flobak_FullModel_S2_Dataset,0,0.5044574526677805,0.4903233273128798,0.5172473942712879
DUSP1,ginsim_2015-mammal-cell-fate-gastric-cancer_Flobak_FullModel_S2_Dataset,0,0.49979590952583286,0.3629423080880685,0.35632358040861095
MKK4,ginsim_2015-mammal-cell-fate-gastric-cancer_Flobak_FullModel_S2_Dataset,0,0.5056294527026576,0.3364048044457782,0.32126567724717836
MKK7,ginsim_2015-mammal-cell-fate-gastric-cancer_Flobak_FullModel_S2_Dataset,0,0.49529068343182525,0.3192076997172039,0.3222908549655631
MEKK4,ginsim_2015-mammal-cell-fate-gastric-cancer_Flobak_FullModel_S2_Dataset,0,0.49925889013127894,0.30074263280492647,0.287257059324546
MLK3,ginsim_2015-mammal-cell-fate-gastric-cancer_Flobak_FullModel_S2_Dataset,0,0.49925889013127894,0.30074263280492647,0.287257059324546
Rac,ginsim_2015-mammal-cell-fate-gastric-cancer_Flobak_FullModel_S2_Dataset,0,0.49926742423089165,0.31025898668979357,0.3089109081324483
JNK,ginsim_2015-mammal-cell-fate-gastric-cancer_Flobak_FullModel_S2_Dataset,0,0.49563243906956783,0.35716156910355945,0.37216981869215116
GRAP2,ginsim_2015-mammal-cell-fate-gastric-cancer_Flobak_FullModel_S2_Dataset,0,0.499971814223614,0.35827284614044536,0.34342409844956007
SHP2,ginsim_2015-mammal-cell-fate-gastric-cancer_Flobak_FullModel_S2_Dataset,0,0.49562325082900943,0.3114537684226369,0.31060023837391526
GAB,ginsim_2015-mammal-cell-fate-gastric-cancer_Flobak_FullModel_S2_Dataset,0,0.4976979697081575,0.3676188902786691,0.37586248145262724
IKKB,ginsim_2015-mammal-cell-fate-gastric-cancer_Flobak_FullModel_S2_Dataset,0,0.5004248911293019,0.4168425955182529,0.42172049285873664
IKKA,ginsim_2015-mammal-cell-fate-gastric-cancer_Flobak_FullModel_S2_Dataset,0,0.49705609719218985,0.3658390006104305,0.3660895010192525
AKT,ginsim_2015-mammal-cell-fate-gastric-cancer_Flobak_FullModel_S2_Dataset,0,0.49857103915242085,0.6235026219268435,0.6867854839006118
IRS1,ginsim_2015-mammal-cell-fate-gastric-cancer_Flobak_FullModel_S2_Dataset,0,0.49723930030240027,0.4836777284566565,0.4865363177930226
Caspase8,ginsim_2015-mammal-cell-fate-gastric-cancer_Flobak_FullModel_S2_Dataset,0,0.4956318951404112,0.2842724745170445,0.28341603290925305
PTENgene,ginsim_2015-mammal-cell-fate-gastric-cancer_Flobak_FullModel_S2_Dataset,0,0.4955818894404698,0.28521105640968486,0.2879935767927985
Caspase9,ginsim_2015-mammal-cell-fate-gastric-cancer_Flobak_FullModel_S2_Dataset,0,0.4955002033135504,0.268102428156761,0.26930056366368477
FOXO,ginsim_2015-mammal-cell-fate-gastric-cancer_Flobak_FullModel_S2_Dataset,0,0.4968401059447688,0.35527032215652776,0.35685272904233134
TSC,ginsim_2015-mammal-cell-fate-gastric-cancer_Flobak_FullModel_S2_Dataset,0,0.49926127595195907,0.713415852784892,0.7350267696841857
pras40,ginsim_2015-mammal-cell-fate-gastric-cancer_Flobak_FullModel_S2_Dataset,0,0.49715862541788886,0.4087009170878736,0.39904838817651256
BCL2,ginsim_2015-mammal-cell-fate-gastric-cancer_Flobak_FullModel_S2_Dataset,1,0.4958506338050965,0.2967999208887994,0.2953013409165489
p53,ginsim_2015-mammal-cell-fate-gastric-cancer_Flobak_FullModel_S2_Dataset,0,0.4968046880025464,0.3647428044695477,0.38007057083346774
Rheb,ginsim_2015-mammal-cell-fate-gastric-cancer_Flobak_FullModel_S2_Dataset,0,0.4963527379159529,0.438618035602268,0.44219765848284204
mTORC1,ginsim_2015-mammal-cell-fate-gastric-cancer_Flobak_FullModel_S2_Dataset,0,0.4977814466948126,0.4469572473736856,0.45801197452611514
PTEN,ginsim_2015-mammal-cell-fate-gastric-cancer_Flobak_FullModel_S2_Dataset,0,0.49589670329153923,0.3920042410118658,0.4119207813404083
BAD,ginsim_2015-mammal-cell-fate-gastric-cancer_Flobak_FullModel_S2_Dataset,0,0.4957810695564664,0.43956704982249006,0.44377846457976344
mTORC2,ginsim_2015-mammal-cell-fate-gastric-cancer_Flobak_FullModel_S2_Dataset,0,0.4967455861395337,0.4781347210469409,0.4960718350483264
MDM2gene,ginsim_2015-mammal-cell-fate-gastric-cancer_Flobak_FullModel_S2_Dataset,0,0.4969864451080186,0.33361265327339684,0.33201098239355803
S6K,ginsim_2015-mammal-cell-fate-gastric-cancer_Flobak_FullModel_S2_Dataset,0,0.49752637274952105,0.5498370111539118,0.5701260035861055
MDM2,ginsim_2015-mammal-cell-fate-gastric-cancer_Flobak_FullModel_S2_Dataset,0,0.49684623752730034,0.42863724193182057,0.437797384433616
CytochromeC,ginsim_2015-mammal-cell-fate-gastric-cancer_Flobak_FullModel_S2_Dataset,0,0.4958961111487884,0.26313050896527385,0.2664393345270997
BAX,ginsim_2015-mammal-cell-fate-gastric-cancer_Flobak_FullModel_S2_Dataset,1,0.49572737368319114,0.29596370921739,0.29360712957694285
NFkB,ginsim_2015-mammal-cell-fate-gastric-cancer_Flobak_FullModel_S2_Dataset,0,0.4989523441813158,0.35734197943437296,0.3505794942094824
MAP3K8,ginsim_2015-mammal-cell-fate-gastric-cancer_Flobak_FullModel_S2_Dataset,0,0.49714169124678265,0.334211151204452,0.3271780622194704
PI3K,ginsim_2015-mammal-cell-fate-gastric-cancer_Flobak_FullModel_S2_Dataset,0,0.49806674671143547,0.3409948002157038,0.35135289766568456
PDK1,ginsim_2015-mammal-cell-fate-gastric-cancer_Flobak_FullModel_S2_Dataset,0,0.49687024972262983,0.4512594871022002,0.48830638002576376
LRP,ginsim_2015-mammal-cell-fate-gastric-cancer_Flobak_FullModel_S2_Dataset,0,0.49860854455191805,0.5661423637840892,0.5939636933739401
ITCH,ginsim_2015-mammal-cell-fate-gastric-cancer_Flobak_FullModel_S2_Dataset,0,0.49651632932757866,0.3092130812487862,0.3031775359609395
DKK1,ginsim_2015-mammal-cell-fate-gastric-cancer_Flobak_FullModel_S2_Dataset,0,0.4958471001593838,0.33186994150092763,0.3296088067161963
Fz,ginsim_2015-mammal-cell-fate-gastric-cancer_Flobak_FullModel_S2_Dataset,0,0.4967451481219006,0.3392081592947119,0.3407321477858532
Antisurvival,ginsim_2015-mammal-cell-fate-gastric-cancer_Flobak_FullModel_S2_Dataset,0,0.4960005139892144,0.29045676231600986,0.28624874729380084
Axin,ginsim_2015-mammal-cell-fate-gastric-cancer_Flobak_FullModel_S2_Dataset,0,0.4963049059104466,0.36480198384686807,0.3593750402693005
GSK3,ginsim_2015-mammal-cell-fate-gastric-cancer_Flobak_FullModel_S2_Dataset,0,0.4991545663484127,0.7844832105418628,0.817405245308518
RTPKgene,ginsim_2015-mammal-cell-fate-gastric-cancer_Flobak_FullModel_S2_Dataset,0,0.4948654046663183,0.30820094509136386,0.30780017832864764
RSK,ginsim_2015-mammal-cell-fate-gastric-cancer_Flobak_FullModel_S2_Dataset,0,0.4980723542567348,0.6786269641870369,0.6987823744273064
MSK,ginsim_2015-mammal-cell-fate-gastric-cancer_Flobak_FullModel_S2_Dataset,0,0.49600901500296907,0.4636547039601489,0.47298903542253123
CFLAR,ginsim_2015-mammal-cell-fate-gastric-cancer_Flobak_FullModel_S2_Dataset,0,0.49638420091472873,0.3572963010052405,0.35725816079953415
CK1,ginsim_2015-mammal-cell-fate-gastric-cancer_Flobak_FullModel_S2_Dataset,0,0.49617596567349354,0.36480198384686807,0.35990306011535644
Dvl,ginsim_2015-mammal-cell-fate-gastric-cancer_Flobak_FullModel_S2_Dataset,0,0.4964086665384634,0.4019805773739603,0.4030879969372275
SFRP1,ginsim_2015-mammal-cell-fate-gastric-cancer_Flobak_FullModel_S2_Dataset,0,0.4959934249747257,0.2723705111837133,0.27322777490437744
SFRP1gene,ginsim_2015-mammal-cell-fate-gastric-cancer_Flobak_FullModel_S2_Dataset,0,0.49571088690333664,0.2605701870468962,0.26328646879036743
Caspase37,ginsim_2015-mammal-cell-fate-gastric-cancer_Flobak_FullModel_S2_Dataset,0,0.49622593363539924,0.2618806954888608,0.26395824904060744
betacatenin,ginsim_2015-mammal-cell-fate-gastric-cancer_Flobak_FullModel_S2_Dataset,0,0.49637386584938753,0.25889268947163213,0.2739106967035414
betaTrCP,ginsim_2015-mammal-cell-fate-gastric-cancer_Flobak_FullModel_S2_Dataset,0,0.4963900743476207,0.3804558837256353,0.3928260176809211
MMP,ginsim_2015-mammal-cell-fate-gastric-cancer_Flobak_FullModel_S2_Dataset,0,0.4959684615740015,0.2874111866325174,0.2848890269609434
Egr1,ginsim_2015-mammal-cell-fate-gastric-cancer_Flobak_FullModel_S2_Dataset,0,0.49623397894070115,0.26538586822068505,0.26607392649891415
LEF,ginsim_2015-mammal-cell-fate-gastric-cancer_Flobak_FullModel_S2_Dataset,0,0.4955426144149921,0.2782863791773942,0.27773839765917807
Prosurvival,ginsim_2015-mammal-cell-fate-gastric-cancer_Flobak_FullModel_S2_Dataset,0,0.49774686336085355,0.28675855145351753,0.2775075786781228
cMYC,ginsim_2015-mammal-cell-fate-gastric-cancer_Flobak_FullModel_S2_Dataset,0,0.5001603117497568,0.24634944304356082,0.24199541016714812
TCF,ginsim_2015-mammal-cell-fate-gastric-cancer_Flobak_FullModel_S2_Dataset,0,0.5012928909605942,0.22424139213088537,0.22983077185376968
NLK,ginsim_2015-mammal-cell-fate-gastric-cancer_Flobak_FullModel_S2_Dataset,0,0.49590038922534996,0.30244872948032536,0.3022964819955636
DKK1gene,ginsim_2015-mammal-cell-fate-gastric-cancer_Flobak_FullModel_S2_Dataset,0,0.49827337167770896,0.2718011052473961,0.2664537672042999
CCND1,ginsim_2015-mammal-cell-fate-gastric-cancer_Flobak_FullModel_S2_Dataset,0,0.4985986165636955,0.3480347679209439,0.3378032524746593
FASL,ginsim_2010-mammal-cell-fate_Calzone__Cell_Fate,0,0.5257820509321403,0.41205247702109254,0.3836072267761975
TNF,ginsim_2010-mammal-cell-fate_Calzone__Cell_Fate,1,0.5345667445427476,0.3936237610165207,0.377810165191805
TNFR,ginsim_2010-mammal-cell-fate_Calzone__Cell_Fate,0,0.5022242400428634,0.44560555649515804,0.40006549650060147
DISC_TNF,ginsim_2010-mammal-cell-fate_Calzone__Cell_Fate,0,0.505138300265178,0.5044595605393459,0.4743398634036992
DISC_FAS,ginsim_2010-mammal-cell-fate_Calzone__Cell_Fate,0,0.49899490776588484,0.5212161360479294,0.503673498210437
FADD,ginsim_2010-mammal-cell-fate_Calzone__Cell_Fate,1,0.5125562733449683,0.4675442403938386,0.4262637272358876
RIP1,ginsim_2010-mammal-cell-fate_Calzone__Cell_Fate,0,0.48654087771285875,0.42499493188382337,0.41785233763881985
RIP1ub,ginsim_2010-mammal-cell-fate_Calzone__Cell_Fate,0,0.5147234715632513,0.37313937327001934,0.3855724843185786
RIP1K,ginsim_2010-mammal-cell-fate_Calzone__Cell_Fate,0,0.5210156048679645,0.4036008800199383,0.4003026382448545
IKK,ginsim_2010-mammal-cell-fate_Calzone__Cell_Fate,0,0.534207832564321,0.38593679715230794,0.43606400106626547
NFkB,ginsim_2010-mammal-cell-fate_Calzone__Cell_Fate,0,0.49000763368225364,0.6922102461231209,0.7754345650619772
CASP8,ginsim_2010-mammal-cell-fate_Calzone__Cell_Fate,1,0.5094476211973715,0.5655383514594348,0.6517670553952912
BAX,ginsim_2010-mammal-cell-fate_Calzone__Cell_Fate,0,0.49677840933971773,0.4491224560878221,0.42862141953488986
BCL2,ginsim_2010-mammal-cell-fate_Calzone__Cell_Fate,0,0.4965896875519429,0.5887075055726886,0.5675800174602665
ROS,ginsim_2010-mammal-cell-fate_Calzone__Cell_Fate,0,0.47493696637544935,0.4729760410096255,0.41247175378013734
ATP,ginsim_2010-mammal-cell-fate_Calzone__Cell_Fate,0,0.5813250335257214,0.3865840158479999,0.5349900228575925
MPT,ginsim_2010-mammal-cell-fate_Calzone__Cell_Fate,0,0.47334664588446657,0.39980533548844,0.34657400541337385
MOMP,ginsim_2010-mammal-cell-fate_Calzone__Cell_Fate,0,0.44911789471242247,0.3739069241246756,0.26679246776087456
SMAC,ginsim_2010-mammal-cell-fate_Calzone__Cell_Fate,0,0.4824753675729152,0.5084228646233927,0.4468218758699252
cIAP,ginsim_2010-mammal-cell-fate_Calzone__Cell_Fate,0,0.5505673090750431,0.598204616015219,0.6886237569763751
Cyt_c,ginsim_2010-mammal-cell-fate_Calzone__Cell_Fate,0,0.5073501915373431,0.44338405159826044,0.4037736415464971
XIAP,ginsim_2010-mammal-cell-fate_Calzone__Cell_Fate,0,0.4837222215158426,0.7041525417280518,0.7001219825539019
apoptosome,ginsim_2010-mammal-cell-fate_Calzone__Cell_Fate,0,0.4831740834942226,0.5105629919869483,0.48451239529688084
CASP3,ginsim_2010-mammal-cell-fate_Calzone__Cell_Fate,0,0.48695774843415063,0.5728501673835433,0.6189899653284296
cFLIP,ginsim_2010-mammal-cell-fate_Calzone__Cell_Fate,0,0.5323510642451249,0.6093174931428499,0.6536572795719265
NonACD,ginsim_2010-mammal-cell-fate_Calzone__Cell_Fate,0,0.5372888353277989,0.40010952148211915,0.39133134707602324
Apoptosis,ginsim_2010-mammal-cell-fate_Calzone__Cell_Fate,0,0.5281810512579194,0.47764639482410504,0.4705155095104911
Survival,ginsim_2010-mammal-cell-fate_Calzone__Cell_Fate,0,0.5303241523843639,0.5215652175707325,0.5254014631182098
Notch,ginsim_2013-drosophila-notch_Notch__Pathway_12Jun2013,1,0.49568073673125035,0.4501416712324067,0.3893776495330716
Da,ginsim_2013-drosophila-notch_Notch__Pathway_12Jun2013,0,0.4946713898117063,0.4778635773624663,0.39762686525380325
Twi,ginsim_2013-drosophila-notch_Notch__Pathway_12Jun2013,0,0.4565418326967345,0.7607757849187299,0.695996305128927
Delta,ginsim_2013-drosophila-notch_Notch__Pathway_12Jun2013,1,0.5218264876514395,0.39401139313665806,0.35562998959390874
Bx42,ginsim_2013-drosophila-notch_Notch__Pathway_12Jun2013,0,0.5036461341546825,0.6403322182759259,0.6207985129911444
Nicd,ginsim_2013-drosophila-notch_Notch__Pathway_12Jun2013,0,0.4831090846019701,0.7098550563947594,0.6994718146584398
E_Spl,ginsim_2013-drosophila-notch_Notch__Pathway_12Jun2013,0,0.17703736528356598,0.9588416249785287,0.5951109606736259
Emc,ginsim_2013-drosophila-notch_Notch__Pathway_12Jun2013,0,0.5080864456373515,0.6139241876976228,0.6063653079155887
Mam,ginsim_2013-drosophila-notch_Notch__Pathway_12Jun2013,0,0.5237388482126831,0.6403322182759259,0.6634580105552972
H,ginsim_2013-drosophila-notch_Notch__Pathway_12Jun2013,0,0.5237388482126831,0.6403322182759259,0.6634580105552972
Su_H,ginsim_2013-drosophila-notch_Notch__Pathway_12Jun2013,0,0.5237388482126831,0.6403322182759259,0.6634580105552972
Gro,ginsim_2013-drosophila-notch_Notch__Pathway_12Jun2013,0,0.5237388482126831,0.6403322182759259,0.6634580105552972
p300,ginsim_2013-drosophila-notch_Notch__Pathway_12Jun2013,0,0.5237388482126831,0.6403322182759259,0.6634580105552972
CtBP,ginsim_2013-drosophila-notch_Notch__Pathway_12Jun2013,0,0.5237388482126831,0.6403322182759259,0.6634580105552972
Cdc25,ginsim_2008-fission-yeast-cell-cycle_fissionYeastDavidich2008Modified,0,0.5328550734191629,0.7788813831789508,0.6454232880216954
Start,ginsim_2008-fission-yeast-cell-cycle_fissionYeastDavidich2008Modified,0,0.5304897371042344,0.41651688264700293,0.26691569738251836
Cdc2_Cdc13,ginsim_2008-fission-yeast-cell-cycle_fissionYeastDavidich2008Modified,0,0.558593869910815,0.8289525754429203,0.6948619127152532
Ste9,ginsim_2008-fission-yeast-cell-cycle_fissionYeastDavidich2008Modified,0,0.5277410185638324,0.843202825488397,0.7581914727170592
PP,ginsim_2008-fission-yeast-cell-cycle_fissionYeastDavidich2008Modified,0,0.539970042072411,0.9340881904923397,0.8696267252995763
Wee1_Mik1,ginsim_2008-fission-yeast-cell-cycle_fissionYeastDavidich2008Modified,0,0.5305028723101093,0.7788813831789508,0.654973546822409
Slp1,ginsim_2008-fission-yeast-cell-cycle_fissionYeastDavidich2008Modified,0,0.5331773145510685,0.7475823746159882,0.6152448475829828
Rum1,ginsim_2008-fission-yeast-cell-cycle_fissionYeastDavidich2008Modified,0,0.5347596593142034,0.843202825488397,0.7344858975909515
SK,ginsim_2008-fission-yeast-cell-cycle_fissionYeastDavidich2008Modified,0,0.5288880644532237,0.6712564843506647,0.5384579544484009
IFNGR,ginsim_default_ImmuneCheckpointInhibitors,0,0.5228329183365884,0.43441967517183033,0.410862540568852
IL27R,ginsim_default_ImmuneCheckpointInhibitors,0,0.5220464200921128,0.44994680906854273,0.4351926841169251
TGFbR,ginsim_default_ImmuneCheckpointInhibitors,0,0.5234317873981053,0.4623121977050707,0.43753065839497557
PD1,ginsim_default_ImmuneCheckpointInhibitors,0,0.49384563448484275,0.4306366913376151,0.45545653396798214
CTLA4,ginsim_default_ImmuneCheckpointInhibitors,1,0.5007898371951962,0.48880011451867156,0.5048929950974803
NFkB,ginsim_default_ImmuneCheckpointInhibitors,0,0.3626854174764572,0.5135974635049664,0.3156571919593791
MAPKs,ginsim_default_ImmuneCheckpointInhibitors,0,0.3112279847919033,0.5089600249695513,0.26201018595245473
Ca_NFAT,ginsim_default_ImmuneCheckpointInhibitors,0,0.3243129236853703,0.5274802748294655,0.31480433192556256
PI3K_AKT,ginsim_default_ImmuneCheckpointInhibitors,0,0.427642374150676,0.3999570073227741,0.3362668230035784
Tbet,ginsim_default_ImmuneCheckpointInhibitors,0,0.5366688092735994,0.3721515698328048,0.4179755759029358
FOXP3,ginsim_default_ImmuneCheckpointInhibitors,0,0.3505060248745751,0.5647025511997322,0.4559491827747337
FOXO1,ginsim_default_ImmuneCheckpointInhibitors,0,0.5235236255139296,0.5214168909480644,0.541081836509724
TCR,ginsim_default_ImmuneCheckpointInhibitors,0,0.5317711003906708,0.33911408569037027,0.3423478453109348
CD4,ginsim_default_ImmuneCheckpointInhibitors,0,0.5399327398886463,0.42780034799628014,0.43714755954011136
CD28,ginsim_default_ImmuneCheckpointInhibitors,0,0.48590391564974256,0.41270753454068554,0.37001250319526674
LAT_complex,ginsim_default_ImmuneCheckpointInhibitors,0,0.470421218498837,0.41368051598996286,0.35671094535499437
VAV,ginsim_default_ImmuneCheckpointInhibitors,0,0.5001207898624618,0.4105996931077072,0.37261691913311057
PLCG,ginsim_default_ImmuneCheckpointInhibitors,0,0.5113410570627632,0.46704181713587434,0.4418642367152748
PKC_teta,ginsim_default_ImmuneCheckpointInhibitors,0,0.5122977093155728,0.468657959119052,0.4332407290166176
TIM3,ginsim_default_ImmuneCheckpointInhibitors,0,0.4652706139290489,0.415815181041723,0.35615099680127377
TIGIT,ginsim_default_ImmuneCheckpointInhibitors,0,0.4746088256684921,0.4422992469218943,0.39968646825465437
TNFRs,ginsim_default_ImmuneCheckpointInhibitors,0,0.4173653706374351,0.6232315312197073,0.5358835600533693
ICOS,ginsim_default_ImmuneCheckpointInhibitors,0,0.31274859818478296,0.5396339901097089,0.3055282526298877
TRAFs,ginsim_default_ImmuneCheckpointInhibitors,0,0.5007146692891478,0.5045559415493794,0.47641686035006253
CK2,ginsim_default_ImmuneCheckpointInhibitors,0,0.5686470398207695,0.4477592510255074,0.4992651842911356
PTEN,ginsim_default_ImmuneCheckpointInhibitors,0,0.5239396658936415,0.45346607363899905,0.4395166107087488
PP2A,ginsim_default_ImmuneCheckpointInhibitors,0,0.5150785900565314,0.48972091863200706,0.46905871468079097
SHIP,ginsim_default_ImmuneCheckpointInhibitors,0,0.5191638851232496,0.4667179689640858,0.45064190368527574
SHP,ginsim_default_ImmuneCheckpointInhibitors,0,0.52859409748334,0.3994138603440482,0.4019277745054499
LAG3,ginsim_default_ImmuneCheckpointInhibitors,0,0.5160951151599702,0.3881961538595824,0.4125855653082081
AP1,ginsim_default_ImmuneCheckpointInhibitors,0,0.518463562734306,0.5866003906005048,0.616920353391159
YY1,ginsim_default_ImmuneCheckpointInhibitors,0,0.5310184313815007,0.47167962176761147,0.48691396379595364
NFAT,ginsim_default_ImmuneCheckpointInhibitors,0,0.5267016390350941,0.5264800226618365,0.556670523415988
LCK_FYN,ginsim_default_ImmuneCheckpointInhibitors,0,0.5275160329129666,0.3557723505164849,0.3529581982300652
STAT1,ginsim_default_ImmuneCheckpointInhibitors,0,0.5199975233679871,0.4275131882421982,0.4370551346540661
SMAD2_3,ginsim_default_ImmuneCheckpointInhibitors,0,0.5234939803913504,0.4978212095082854,0.5142073810990074
SMAD7,ginsim_default_ImmuneCheckpointInhibitors,0,0.5412696752940798,0.4965212841449315,0.5221303427368688
STAT3,ginsim_default_ImmuneCheckpointInhibitors,0,0.5229038154222073,0.53654269524166,0.5649927197533775
NFIL3,ginsim_default_ImmuneCheckpointInhibitors,0,0.5152025416927186,0.6025995161157229,0.6480063239646845
GRB2,ginsim_default_ImmuneCheckpointInhibitors,0,0.5347030930586306,0.4490434952746088,0.44271949818684125
CD80_86,ginsim_default_ImmuneCheckpointInhibitors,0,0.5337549344322471,0.47211274725620794,0.47169157019452956
LAG3_L,ginsim_default_ImmuneCheckpointInhibitors,0,0.5373932423068803,0.47035962878055826,0.4644641907554758
TIM3_L,ginsim_default_ImmuneCheckpointInhibitors,0,0.5345839021842688,0.4674408906059357,0.4561714876706966
TIGIT_L,ginsim_default_ImmuneCheckpointInhibitors,0,0.5331154625812294,0.4621442770944671,0.45481227297834204
PD1_L,ginsim_default_ImmuneCheckpointInhibitors,0,0.5352836839639586,0.4791319604219058,0.47464605997270043
MHCII,ginsim_default_ImmuneCheckpointInhibitors,0,0.5322052287719411,0.4540992195277775,0.44615298714151014
MHCI,ginsim_default_ImmuneCheckpointInhibitors,0,0.5351634749469285,0.5119253247220172,0.4882015072394901
Antigen,ginsim_default_ImmuneCheckpointInhibitors,0,0.5341272740418188,0.48006953815543824,0.46113819273470524
CD8,ginsim_default_ImmuneCheckpointInhibitors,0,0.5327654813999152,0.45122221252143235,0.4346007369206092
GSK3,ginsim_default_ImmuneCheckpointInhibitors,0,0.5306502148571377,0.4257471925227394,0.43903142477285356
TNFRs_L,ginsim_default_ImmuneCheckpointInhibitors,0,0.5341447220362385,0.500989337127775,0.49558094546352266
ICOS_L,ginsim_default_ImmuneCheckpointInhibitors,0,0.5341447220362385,0.4970673646420055,0.49298737166422973
IFNG,ginsim_default_ImmuneCheckpointInhibitors,0,0.5352809928341384,0.4924503420837244,0.4724313754671893
IL27,ginsim_default_ImmuneCheckpointInhibitors,0,0.534845228308264,0.4940253053344045,0.4749025680498265
TGFb,ginsim_default_ImmuneCheckpointInhibitors,0,0.5345697678980345,0.506383125005034,0.48367685362360235
Proliferation_Survival,ginsim_default_ImmuneCheckpointInhibitors,0,0.5303100970114349,0.4770881841661795,0.473951201385194
Treg,ginsim_default_ImmuneCheckpointInhibitors,0,0.5331081433765368,0.5084375536716332,0.5132660367847665
IL2,ginsim_default_ImmuneCheckpointInhibitors,0,0.5297596374702314,0.48880372212380646,0.5022919105246746
Th1_CTL,ginsim_default_ImmuneCheckpointInhibitors,0,0.5281126269869474,0.46843318037110176,0.46851485407398547
CD226,ginsim_default_ImmuneCheckpointInhibitors,0,0.5301797323284014,0.42662927954799246,0.4216159287890487
PRDM1,ginsim_default_ImmuneCheckpointInhibitors,0,0.5059198372038213,0.5125453209815121,0.5218710513545396
MAF,ginsim_default_ImmuneCheckpointInhibitors,0,0.5094818506737865,0.47922970760032546,0.4779901601693564
anti_CTLA4,ginsim_default_ImmuneCheckpointInhibitors,0,0.5317977764466374,0.4829483556857642,0.47106575137823786
IL12R,ginsim_default_ImmuneCheckpointInhibitors,0,0.5334565898706597,0.46674912494709664,0.4482323336433282
STAT4,ginsim_default_ImmuneCheckpointInhibitors,0,0.5331056632740264,0.42966627718187655,0.4215006762755934
IL12,ginsim_default_ImmuneCheckpointInhibitors,0,0.533798168968153,0.523587038726936,0.4961266696533346
Cyt_sign,ginsim_default_T_LGL,0,0.5405969727646496,0.3359098911185761,0.3725388454908199
GAP,ginsim_default_T_LGL,0,0.5384457645849482,0.30371040091647855,0.35891850187469965
RANTES,ginsim_default_T_LGL,0,0.5411782606393188,0.34152324318649474,0.3894277059156711
CTLA4,ginsim_default_T_LGL,0,0.542250943950799,0.3162566366928286,0.35777466273676123
MCL1,ginsim_default_T_LGL,0,0.5342462686908653,0.33683553590731696,0.39569790541973987
PLCG1,ginsim_default_T_LGL,0,0.5394503632972134,0.3257177585570299,0.3729566001635194
P2,ginsim_default_T_LGL,0,0.5442631432474244,0.2937661565844343,0.34283838859145144
Stimuli,ginsim_default_T_LGL,0,0.5522856921313307,0.3758940776841253,0.4070445266826768
Caspase,ginsim_default_T_LGL,0,0.5313686460863332,0.14656364960613277,0.18097586988628425
IL2RAT,ginsim_default_T_LGL,0,0.5389803285732293,0.364915411979036,0.42548015619520746
TPL2,ginsim_default_T_LGL,0,0.5400589592952503,0.32057761625505066,0.3757491563251491
FasT,ginsim_default_T_LGL,0,0.5404502421584532,0.3380454336178786,0.3960664313965084
Stimuli2,ginsim_default_T_LGL,0,0.5518652890538923,0.39192714736770234,0.41208110498608874
Tbet,ginsim_default_T_LGL,0,0.5367696322565119,0.302761832236992,0.36008606053920544
IFNg,ginsim_default_T_LGL,0,0.5224411292242807,0.2108339972893104,0.26774992163297195
sFas,ginsim_default_T_LGL,0,0.5432820077156298,0.33570822720328186,0.382621138390784
MEK,ginsim_default_T_LGL,0,0.5402643842292022,0.32829122387507853,0.3705015403774342
IL2RA,ginsim_default_T_LGL,0,0.5360757068757567,0.3393328953463294,0.38607837734008843
Proliferation,ginsim_default_T_LGL,0,0.539689727542269,0.33975219260142725,0.3824367870600496
CD45,ginsim_default_T_LGL,0,0.5501488996877132,0.3826043824713926,0.40961459395918576
FasL,ginsim_default_T_LGL,0,0.5302676224548312,0.3392269953534691,0.390551608623997
FYN,ginsim_default_T_LGL,0,0.5367228878971383,0.2989440676437872,0.3463348792245595
Ceramide,ginsim_default_T_LGL,0,0.5406848305245998,0.3063137342585238,0.35747733779731494
GPCR,ginsim_default_T_LGL,0,0.5501087970690834,0.324841105225123,0.3795493957000417
IAP,ginsim_default_T_LGL,0,0.535906965931688,0.30812757074389585,0.36158281367836287
FLIP,ginsim_default_T_LGL,0,0.5270618834777218,0.28884810236529823,0.33425900649502627
IL2RBT,ginsim_default_T_LGL,0,0.5590639282108663,0.3232313638212284,0.39936745892037606
TNF,ginsim_default_T_LGL,0,0.547683132305413,0.3430938627257975,0.40596501465722906
IL2RB,ginsim_default_T_LGL,0,0.43713487340490886,0.27851185106424137,0.22989232069059914
SOCS,ginsim_default_T_LGL,0,0.48458063609017443,0.31938968512200544,0.2999685064894068
Apoptosis,ginsim_default_T_LGL,0,0.03356109654356555,0.031246929212373705,0.0008908018537822772
CREB,ginsim_default_T_LGL,0,0.6122929666167571,0.3207685696481955,0.48376491918812786
SMAD,ginsim_default_T_LGL,0,0.633890925654987,0.31842842043741687,0.5002366488482691
GRB2,ginsim_default_T_LGL,0,0.5345877010904386,0.2721958459176355,0.31502020187684676
Fas,ginsim_default_T_LGL,0,0.6172443884794403,0.29908332444524244,0.47000895593557485
STAT3,ginsim_default_T_LGL,1,0.5181808580793318,0.2981464892932683,0.3546033284910294
ERK,ginsim_default_T_LGL,0,0.5626735952399105,0.3031210352632997,0.39332606406281734
JAK,ginsim_default_T_LGL,0,0.38288803454960196,0.22455756617834832,0.1407992756925671
IL2,ginsim_default_T_LGL,0,0.5170747173038848,0.28618244991750563,0.3555159508773899
BclxL,ginsim_default_T_LGL,0,0.5333258955930827,0.3416741458676093,0.402169683891765
RAS,ginsim_default_T_LGL,0,0.5190934158062849,0.22986868873096558,0.25843921923212837
P27,ginsim_default_T_LGL,0,0.5431223092865954,0.3397521926014272,0.38725439910525017
LCK,ginsim_default_T_LGL,0,0.5233501176156141,0.27887640602926805,0.3103295186246758
A20,ginsim_default_T_LGL,0,0.5462560505258194,0.35204198047557234,0.40668630073629775
ZAP70,ginsim_default_T_LGL,0,0.5439682662880201,0.27123702009416945,0.3228498471243905
BID,ginsim_default_T_LGL,0,0.5343996678647923,0.2680505739466654,0.32370611240398584
NFkB,ginsim_default_T_LGL,0,0.5019745789871901,0.19006592379576917,0.2458685553767675
TRADD,ginsim_default_T_LGL,0,0.5263178415662331,0.3229297553658618,0.36611528121325826
GZMB,ginsim_default_T_LGL,0,0.5251198845461752,0.2616955609296827,0.305620659894718
PDGFR,ginsim_default_T_LGL,0,0.5362049524875104,0.27621294998127455,0.3310061028777642
PDGF,ginsim_default_T_LGL,0,0.5518350352808924,0.39190891268285827,0.4134603753880931
SPHK1,ginsim_default_T_LGL,0,0.5444219856195814,0.32724298463605245,0.37522409536261286
IFNgT,ginsim_default_T_LGL,0,0.5412350591047946,0.33419823150247296,0.3942812082007901
IL15,ginsim_default_T_LGL,0,0.5449545236924354,0.36443477050105993,0.3999257031031782
PI3K,ginsim_default_T_LGL,0,0.5365675191359195,0.24083204735885017,0.30275886533799634
DISC,ginsim_default_T_LGL,0,0.5326358660955706,0.2647836194782004,0.3268587495275916
TCR,ginsim_default_T_LGL,0,0.5406682187287564,0.27544993338789553,0.3271398591067029
TAX,ginsim_default_T_LGL,0,0.5469359840087459,0.3966531080962795,0.41042161877956984
NFAT,ginsim_default_T_LGL,0,0.5419082854984898,0.33655750484240315,0.39722071058116215
S1P,ginsim_default_T_LGL,0,0.5398545073030896,0.2835587585781981,0.335934382407818
