Network,n_nodes,n_edges,seed_base,n_random,n_swaps_mult,sort_by_degree,tie_breaker,D_bio,D_random_mean,z_score,p_value,fold_reduction,axis,mean_D_sort_by_degree_true,rel_sd_D_sort_by_degree_true,rel_range_D_sort_by_degree_true,rel_range_D_sort_by_degree_false,model,seed,n_rows,n_networks,auc,ap,brier
MODEL1305240000,30.0,33.0,42.0,50.0,20.0,True,index,100.0,94.9,-2.0531826896826084,1.0,0.9490000000000001,baseline,,,,,,,,,,,
MODEL1407230001,14.0,33.0,42.0,50.0,20.0,True,index,81.0,81.64,0.2101990443519236,0.5,1.0079012345679013,baseline,,,,,,,,,,,
MODEL1411170000,10.0,15.0,42.0,50.0,20.0,True,index,46.0,50.54,1.499370896099886,0.08,1.098695652173913,baseline,,,,,,,,,,,
MODEL1411170001,18.0,68.0,42.0,50.0,20.0,True,index,104.0,106.8,0.8366600265340747,0.24,1.0269230769230768,baseline,,,,,,,,,,,
MODEL1411240000,28.0,30.0,42.0,50.0,20.0,True,index,90.0,88.5,-0.45206158100918414,0.72,0.9833333333333333,baseline,,,,,,,,,,,
MODEL1504170000,9.0,13.0,42.0,50.0,20.0,True,index,46.0,48.14,0.8158436352393947,0.34,1.046521739130435,baseline,,,,,,,,,,,
MODEL1504170001,9.0,15.0,42.0,50.0,20.0,True,index,51.0,52.42,0.5611464844186873,0.32,1.027843137254902,baseline,,,,,,,,,,,
MODEL1504170002,10.0,16.0,42.0,50.0,20.0,True,index,54.0,55.56,0.6917024963842822,0.3,1.028888888888889,baseline,,,,,,,,,,,
MODEL1504170003,10.0,14.0,42.0,50.0,20.0,True,index,47.0,52.58,3.0245790624667475,0.0,1.1187234042553191,baseline,,,,,,,,,,,
MODEL1506260000,82.0,118.0,42.0,50.0,20.0,True,index,263.0,271.78,1.8038371215569515,0.04,1.0333840304182509,baseline,,,,,,,,,,,
MODEL1506260002,45.0,94.0,42.0,50.0,20.0,True,index,151.0,186.36,8.00532871570443,0.0,1.2341721854304637,baseline,,,,,,,,,,,
MODEL1606020000,19.0,55.0,42.0,50.0,20.0,True,index,101.0,101.44,0.12635334150137453,0.5,1.0043564356435644,baseline,,,,,,,,,,,
MODEL1607310000,48.0,76.0,42.0,50.0,20.0,True,index,169.0,172.02,0.6650691834379742,0.3,1.0178698224852072,baseline,,,,,,,,,,,
MODEL1610060000,31.0,107.0,42.0,50.0,20.0,True,index,174.0,178.34,1.0695886240004804,0.16,1.0249425287356322,baseline,,,,,,,,,,,
MODEL1610060001,29.0,121.0,42.0,50.0,20.0,True,index,178.0,182.1,1.061094229793472,0.12,1.0230337078651686,baseline,,,,,,,,,,,
MODEL1611180000,26.0,66.0,42.0,50.0,20.0,True,index,130.0,134.28,1.0555327917709132,0.22,1.0329230769230768,baseline,,,,,,,,,,,
MODEL1611230001,11.0,37.0,42.0,50.0,20.0,True,index,74.0,72.6,-0.4556611884328854,0.78,0.981081081081081,baseline,,,,,,,,,,,
arabidopsis_cc,7.0,10.0,42.0,50.0,20.0,True,index,38.0,43.5,2.9440825016470407,0.0,1.144736842105263,baseline,,,,,,,,,,,
biomodels_MODEL1610240000,33.0,82.0,42.0,50.0,20.0,True,index,156.0,161.52,1.6035674514745495,0.04,1.0353846153846153,baseline,,,,,,,,,,,
biomodels_MODEL1712240002,16.0,12.0,42.0,50.0,20.0,True,index,40.0,40.0,0.0,1.0,1.0,baseline,,,,,,,,,,,
biomodels_MODEL1712240003,9.0,8.0,42.0,50.0,20.0,True,index,31.0,31.0,0.0,1.0,1.0,baseline,,,,,,,,,,,
biomodels_MODEL2002170001,56.0,175.0,42.0,50.0,20.0,True,index,292.0,296.3,0.6612255294199418,0.28,1.0147260273972603,baseline,,,,,,,,,,,
biomodels_MODEL2002190001,31.0,38.0,42.0,50.0,20.0,True,index,112.0,109.02,-0.9214223151995642,0.82,0.9733928571428571,baseline,,,,,,,,,,,
biomodels_MODEL2004040001,51.0,114.0,42.0,50.0,20.0,True,index,221.0,224.48,0.6298232474206197,0.34,1.0157466063348415,baseline,,,,,,,,,,,
biomodels_MODEL2006170002,87.0,357.0,42.0,50.0,20.0,True,index,563.0,591.14,3.494630399040776,0.0,1.0499822380106572,baseline,,,,,,,,,,,
biomodels_MODEL2101150001,82.0,176.0,42.0,50.0,20.0,True,index,360.0,352.24,-1.3520230729613316,0.94,0.9784444444444444,baseline,,,,,,,,,,,
biomodels_MODEL2304070002,46.0,194.0,42.0,50.0,20.0,True,index,281.0,295.38,3.033215306424088,0.0,1.0511743772241993,baseline,,,,,,,,,,,
biomodels_MODEL2308300001,87.0,235.0,42.0,50.0,20.0,True,index,436.0,435.84,-0.021762283174785374,0.52,0.9996330275229357,baseline,,,,,,,,,,,
drosophila_sp,13.0,16.0,42.0,50.0,20.0,True,index,57.0,60.22,1.3997883277883272,0.1,1.0564912280701755,baseline,,,,,,,,,,,
egfr_signaling,10.0,11.0,42.0,50.0,20.0,True,index,52.0,49.0,-1.5638581054280607,1.0,0.9423076923076923,baseline,,,,,,,,,,,
MODEL1305240000,30.0,33.0,42.0,50.0,20.0,True,index,100.0,94.9,-2.0531826896826084,1.0,0.9490000000000001,seed,,,,,,,,,,,
MODEL1407230001,14.0,33.0,42.0,50.0,20.0,True,index,81.0,81.64,0.2101990443519236,0.5,1.0079012345679013,seed,,,,,,,,,,,
MODEL1411170000,10.0,15.0,42.0,50.0,20.0,True,index,46.0,50.54,1.499370896099886,0.08,1.098695652173913,seed,,,,,,,,,,,
MODEL1411170001,18.0,68.0,42.0,50.0,20.0,True,index,104.0,106.8,0.8366600265340747,0.24,1.0269230769230768,seed,,,,,,,,,,,
MODEL1411240000,28.0,30.0,42.0,50.0,20.0,True,index,90.0,88.5,-0.45206158100918414,0.72,0.9833333333333333,seed,,,,,,,,,,,
MODEL1504170000,9.0,13.0,42.0,50.0,20.0,True,index,46.0,48.14,0.8158436352393947,0.34,1.046521739130435,seed,,,,,,,,,,,
MODEL1504170001,9.0,15.0,42.0,50.0,20.0,True,index,51.0,52.42,0.5611464844186873,0.32,1.027843137254902,seed,,,,,,,,,,,
MODEL1504170002,10.0,16.0,42.0,50.0,20.0,True,index,54.0,55.56,0.6917024963842822,0.3,1.028888888888889,seed,,,,,,,,,,,
MODEL1504170003,10.0,14.0,42.0,50.0,20.0,True,index,47.0,52.58,3.0245790624667475,0.0,1.1187234042553191,seed,,,,,,,,,,,
MODEL1506260000,82.0,118.0,42.0,50.0,20.0,True,index,263.0,271.78,1.8038371215569515,0.04,1.0333840304182509,seed,,,,,,,,,,,
MODEL1506260002,45.0,94.0,42.0,50.0,20.0,True,index,151.0,186.36,8.00532871570443,0.0,1.2341721854304637,seed,,,,,,,,,,,
MODEL1606020000,19.0,55.0,42.0,50.0,20.0,True,index,101.0,101.44,0.12635334150137453,0.5,1.0043564356435644,seed,,,,,,,,,,,
MODEL1607310000,48.0,76.0,42.0,50.0,20.0,True,index,169.0,172.02,0.6650691834379742,0.3,1.0178698224852072,seed,,,,,,,,,,,
MODEL1610060000,31.0,107.0,42.0,50.0,20.0,True,index,174.0,178.34,1.0695886240004804,0.16,1.0249425287356322,seed,,,,,,,,,,,
MODEL1610060001,29.0,121.0,42.0,50.0,20.0,True,index,178.0,182.1,1.061094229793472,0.12,1.0230337078651686,seed,,,,,,,,,,,
MODEL1611180000,26.0,66.0,42.0,50.0,20.0,True,index,130.0,134.28,1.0555327917709132,0.22,1.0329230769230768,seed,,,,,,,,,,,
MODEL1611230001,11.0,37.0,42.0,50.0,20.0,True,index,74.0,72.6,-0.4556611884328854,0.78,0.981081081081081,seed,,,,,,,,,,,
arabidopsis_cc,7.0,10.0,42.0,50.0,20.0,True,index,38.0,43.5,2.9440825016470407,0.0,1.144736842105263,seed,,,,,,,,,,,
biomodels_MODEL1610240000,33.0,82.0,42.0,50.0,20.0,True,index,156.0,161.52,1.6035674514745495,0.04,1.0353846153846153,seed,,,,,,,,,,,
biomodels_MODEL1712240002,16.0,12.0,42.0,50.0,20.0,True,index,40.0,40.0,0.0,1.0,1.0,seed,,,,,,,,,,,
biomodels_MODEL1712240003,9.0,8.0,42.0,50.0,20.0,True,index,31.0,31.0,0.0,1.0,1.0,seed,,,,,,,,,,,
biomodels_MODEL2002170001,56.0,175.0,42.0,50.0,20.0,True,index,292.0,296.3,0.6612255294199418,0.28,1.0147260273972603,seed,,,,,,,,,,,
biomodels_MODEL2002190001,31.0,38.0,42.0,50.0,20.0,True,index,112.0,109.02,-0.9214223151995642,0.82,0.9733928571428571,seed,,,,,,,,,,,
biomodels_MODEL2004040001,51.0,114.0,42.0,50.0,20.0,True,index,221.0,224.48,0.6298232474206197,0.34,1.0157466063348415,seed,,,,,,,,,,,
biomodels_MODEL2006170002,87.0,357.0,42.0,50.0,20.0,True,index,563.0,591.14,3.494630399040776,0.0,1.0499822380106572,seed,,,,,,,,,,,
biomodels_MODEL2101150001,82.0,176.0,42.0,50.0,20.0,True,index,360.0,352.24,-1.3520230729613316,0.94,0.9784444444444444,seed,,,,,,,,,,,
biomodels_MODEL2304070002,46.0,194.0,42.0,50.0,20.0,True,index,281.0,295.38,3.033215306424088,0.0,1.0511743772241993,seed,,,,,,,,,,,
biomodels_MODEL2308300001,87.0,235.0,42.0,50.0,20.0,True,index,436.0,435.84,-0.021762283174785374,0.52,0.9996330275229357,seed,,,,,,,,,,,
drosophila_sp,13.0,16.0,42.0,50.0,20.0,True,index,57.0,60.22,1.3997883277883272,0.1,1.0564912280701755,seed,,,,,,,,,,,
egfr_signaling,10.0,11.0,42.0,50.0,20.0,True,index,52.0,49.0,-1.5638581054280607,1.0,0.9423076923076923,seed,,,,,,,,,,,
MODEL1305240000,30.0,33.0,314159.0,50.0,20.0,True,index,100.0,95.28,-1.6686051514273004,0.98,0.9528,seed,,,,,,,,,,,
MODEL1407230001,14.0,33.0,314159.0,50.0,20.0,True,index,81.0,81.68,0.2264453615650121,0.42,1.0083950617283952,seed,,,,,,,,,,,
MODEL1411170000,10.0,15.0,314159.0,50.0,20.0,True,index,46.0,50.5,1.8234920215644927,0.04,1.0978260869565217,seed,,,,,,,,,,,
MODEL1411170001,18.0,68.0,314159.0,50.0,20.0,True,index,104.0,106.46,0.8089129806094827,0.28,1.023653846153846,seed,,,,,,,,,,,
MODEL1411240000,28.0,30.0,314159.0,50.0,20.0,True,index,90.0,87.54,-0.8003058134424884,0.88,0.9726666666666668,seed,,,,,,,,,,,
MODEL1504170000,9.0,13.0,314159.0,50.0,20.0,True,index,46.0,48.64,1.1913667943625414,0.14,1.057391304347826,seed,,,,,,,,,,,
MODEL1504170001,9.0,15.0,314159.0,50.0,20.0,True,index,51.0,52.02,0.4213724977930765,0.36,1.02,seed,,,,,,,,,,,
MODEL1504170002,10.0,16.0,314159.0,50.0,20.0,True,index,54.0,55.14,0.4623158427148088,0.42,1.021111111111111,seed,,,,,,,,,,,
MODEL1504170003,10.0,14.0,314159.0,50.0,20.0,True,index,47.0,52.68,4.0390488803188775,0.0,1.1208510638297873,seed,,,,,,,,,,,
MODEL1506260000,82.0,118.0,314159.0,50.0,20.0,True,index,263.0,270.3,1.7106764913944963,0.04,1.0277566539923955,seed,,,,,,,,,,,
MODEL1506260002,45.0,94.0,314159.0,50.0,20.0,True,index,151.0,186.16,9.159729290628517,0.0,1.2328476821192054,seed,,,,,,,,,,,
MODEL1606020000,19.0,55.0,314159.0,50.0,20.0,True,index,101.0,99.76,-0.4626865671641772,0.72,0.9877227722772278,seed,,,,,,,,,,,
MODEL1607310000,48.0,76.0,314159.0,50.0,20.0,True,index,169.0,173.6,1.0327304866539544,0.26,1.0272189349112426,seed,,,,,,,,,,,
MODEL1610060000,31.0,107.0,314159.0,50.0,20.0,True,index,174.0,178.04,1.0955632587773363,0.18,1.0232183908045978,seed,,,,,,,,,,,
MODEL1610060001,29.0,121.0,314159.0,50.0,20.0,True,index,178.0,182.62,0.9753783944476963,0.16,1.0259550561797752,seed,,,,,,,,,,,
MODEL1611180000,26.0,66.0,314159.0,50.0,20.0,True,index,130.0,134.66,1.1990413974372185,0.16,1.0358461538461539,seed,,,,,,,,,,,
MODEL1611230001,11.0,37.0,314159.0,50.0,20.0,True,index,74.0,72.7,-0.43118278242432767,0.76,0.9824324324324325,seed,,,,,,,,,,,
arabidopsis_cc,7.0,10.0,314159.0,50.0,20.0,True,index,38.0,43.4,3.374999999999999,0.0,1.1421052631578947,seed,,,,,,,,,,,
biomodels_MODEL1610240000,33.0,82.0,314159.0,50.0,20.0,True,index,156.0,161.44,1.3430502184259396,0.16,1.034871794871795,seed,,,,,,,,,,,
biomodels_MODEL1712240002,16.0,12.0,314159.0,50.0,20.0,True,index,40.0,40.0,0.0,1.0,1.0,seed,,,,,,,,,,,
biomodels_MODEL1712240003,9.0,8.0,314159.0,50.0,20.0,True,index,31.0,31.0,0.0,1.0,1.0,seed,,,,,,,,,,,
biomodels_MODEL2002170001,56.0,175.0,314159.0,50.0,20.0,True,index,292.0,295.62,0.5744179550362739,0.28,1.0123972602739726,seed,,,,,,,,,,,
biomodels_MODEL2002190001,31.0,38.0,314159.0,50.0,20.0,True,index,112.0,108.28,-1.1215406382032531,0.92,0.9667857142857142,seed,,,,,,,,,,,
biomodels_MODEL2004040001,51.0,114.0,314159.0,50.0,20.0,True,index,221.0,224.86,0.7814277535033866,0.22,1.0174660633484163,seed,,,,,,,,,,,
biomodels_MODEL2006170002,87.0,357.0,314159.0,50.0,20.0,True,index,563.0,590.38,3.4507719576271607,0.0,1.048632326820604,seed,,,,,,,,,,,
biomodels_MODEL2101150001,82.0,176.0,314159.0,50.0,20.0,True,index,360.0,350.62,-1.451595035016945,0.9,0.9739444444444445,seed,,,,,,,,,,,
biomodels_MODEL2304070002,46.0,194.0,314159.0,50.0,20.0,True,index,281.0,296.9,3.068491886595194,0.0,1.0565836298932383,seed,,,,,,,,,,,
biomodels_MODEL2308300001,87.0,235.0,314159.0,50.0,20.0,True,index,436.0,438.28,0.3233421332776271,0.36,1.005229357798165,seed,,,,,,,,,,,
drosophila_sp,13.0,16.0,314159.0,50.0,20.0,True,index,57.0,59.46,1.0779110945612376,0.22,1.043157894736842,seed,,,,,,,,,,,
egfr_signaling,10.0,11.0,314159.0,50.0,20.0,True,index,52.0,48.68,-1.5450051414286257,0.96,0.9361538461538461,seed,,,,,,,,,,,
MODEL1305240000,30.0,33.0,271828.0,50.0,20.0,True,index,100.0,95.46,-1.6770703075097937,0.98,0.9545999999999999,seed,,,,,,,,,,,
MODEL1407230001,14.0,33.0,271828.0,50.0,20.0,True,index,81.0,82.08,0.3193980484444538,0.42,1.0133333333333334,seed,,,,,,,,,,,
MODEL1411170000,10.0,15.0,271828.0,50.0,20.0,True,index,46.0,50.72,1.9801891253414476,0.06,1.102608695652174,seed,,,,,,,,,,,
MODEL1411170001,18.0,68.0,271828.0,50.0,20.0,True,index,104.0,105.82,0.5081579021545282,0.4,1.0174999999999998,seed,,,,,,,,,,,
MODEL1411240000,28.0,30.0,271828.0,50.0,20.0,True,index,90.0,87.5,-0.9208868358546967,0.9,0.9722222222222222,seed,,,,,,,,,,,
MODEL1504170000,9.0,13.0,271828.0,50.0,20.0,True,index,46.0,48.52,1.2400709882068577,0.16,1.0547826086956522,seed,,,,,,,,,,,
MODEL1504170001,9.0,15.0,271828.0,50.0,20.0,True,index,51.0,52.22,0.5585059648147669,0.38,1.023921568627451,seed,,,,,,,,,,,
MODEL1504170002,10.0,16.0,271828.0,50.0,20.0,True,index,54.0,55.0,0.4351941398892446,0.38,1.0185185185185186,seed,,,,,,,,,,,
MODEL1504170003,10.0,14.0,271828.0,50.0,20.0,True,index,47.0,52.62,3.2045820037412107,0.0,1.1195744680851063,seed,,,,,,,,,,,
MODEL1506260000,82.0,118.0,271828.0,50.0,20.0,True,index,263.0,271.32,1.857735341719149,0.0,1.0316349809885932,seed,,,,,,,,,,,
MODEL1506260002,45.0,94.0,271828.0,50.0,20.0,True,index,151.0,186.94,7.100992021810836,0.0,1.2380132450331125,seed,,,,,,,,,,,
MODEL1606020000,19.0,55.0,271828.0,50.0,20.0,True,index,101.0,100.96,-0.014435260481034135,0.5,0.9996039603960395,seed,,,,,,,,,,,
MODEL1607310000,48.0,76.0,271828.0,50.0,20.0,True,index,169.0,172.38,0.6707141385286527,0.28,1.02,seed,,,,,,,,,,,
MODEL1610060000,31.0,107.0,271828.0,50.0,20.0,True,index,174.0,178.6,0.9327731715018834,0.2,1.0264367816091953,seed,,,,,,,,,,,
MODEL1610060001,29.0,121.0,271828.0,50.0,20.0,True,index,178.0,182.4,1.0191303201465762,0.22,1.0247191011235954,seed,,,,,,,,,,,
MODEL1611180000,26.0,66.0,271828.0,50.0,20.0,True,index,130.0,133.92,1.1028653846855385,0.24,1.030153846153846,seed,,,,,,,,,,,
MODEL1611230001,11.0,37.0,271828.0,50.0,20.0,True,index,74.0,72.82,-0.37488475088534345,0.76,0.984054054054054,seed,,,,,,,,,,,
arabidopsis_cc,7.0,10.0,271828.0,50.0,20.0,True,index,38.0,43.54,3.0737958068941387,0.0,1.1457894736842105,seed,,,,,,,,,,,
biomodels_MODEL1610240000,33.0,82.0,271828.0,50.0,20.0,True,index,156.0,161.86,1.489383461025706,0.1,1.0375641025641027,seed,,,,,,,,,,,
biomodels_MODEL1712240002,16.0,12.0,271828.0,50.0,20.0,True,index,40.0,40.0,0.0,1.0,1.0,seed,,,,,,,,,,,
biomodels_MODEL1712240003,9.0,8.0,271828.0,50.0,20.0,True,index,31.0,31.0,0.0,1.0,1.0,seed,,,,,,,,,,,
biomodels_MODEL2002170001,56.0,175.0,271828.0,50.0,20.0,True,index,292.0,296.82,0.7668434532120267,0.28,1.0165068493150684,seed,,,,,,,,,,,
biomodels_MODEL2002190001,31.0,38.0,271828.0,50.0,20.0,True,index,112.0,107.9,-1.195076276524631,0.92,0.9633928571428572,seed,,,,,,,,,,,
biomodels_MODEL2004040001,51.0,114.0,271828.0,50.0,20.0,True,index,221.0,224.72,0.731784556571184,0.28,1.0168325791855204,seed,,,,,,,,,,,
biomodels_MODEL2006170002,87.0,357.0,271828.0,50.0,20.0,True,index,563.0,591.12,3.7771141908998045,0.0,1.0499467140319716,seed,,,,,,,,,,,
biomodels_MODEL2101150001,82.0,176.0,271828.0,50.0,20.0,True,index,360.0,350.16,-1.57942373395557,0.9,0.9726666666666668,seed,,,,,,,,,,,
biomodels_MODEL2304070002,46.0,194.0,271828.0,50.0,20.0,True,index,281.0,294.8,2.242198724786927,0.02,1.0491103202846976,seed,,,,,,,,,,,
biomodels_MODEL2308300001,87.0,235.0,271828.0,50.0,20.0,True,index,436.0,439.3,0.4450933148691879,0.42,1.0075688073394495,seed,,,,,,,,,,,
drosophila_sp,13.0,16.0,271828.0,50.0,20.0,True,index,57.0,59.88,1.3752383628092044,0.12,1.0505263157894738,seed,,,,,,,,,,,
egfr_signaling,10.0,11.0,271828.0,50.0,20.0,True,index,52.0,48.84,-1.4401774197411694,0.96,0.9392307692307693,seed,,,,,,,,,,,
MODEL1305240000,30.0,33.0,42.0,10.0,20.0,True,index,100.0,94.9,-2.306299721395284,1.0,0.9490000000000001,n_random,,,,,,,,,,,
MODEL1407230001,14.0,33.0,42.0,10.0,20.0,True,index,81.0,81.3,0.08515994337054812,0.6,1.0037037037037038,n_random,,,,,,,,,,,
MODEL1411170000,10.0,15.0,42.0,10.0,20.0,True,index,46.0,49.7,1.6870547845739483,0.0,1.0804347826086957,n_random,,,,,,,,,,,
MODEL1411170001,18.0,68.0,42.0,10.0,20.0,True,index,104.0,105.9,0.6764179117834612,0.3,1.018269230769231,n_random,,,,,,,,,,,
MODEL1411240000,28.0,30.0,42.0,10.0,20.0,True,index,90.0,88.8,-0.37647348308289597,0.6,0.9866666666666666,n_random,,,,,,,,,,,
MODEL1504170000,9.0,13.0,42.0,10.0,20.0,True,index,46.0,48.6,1.057924996402508,0.3,1.056521739130435,n_random,,,,,,,,,,,
MODEL1504170001,9.0,15.0,42.0,10.0,20.0,True,index,51.0,52.7,0.6083078269198373,0.3,1.0333333333333334,n_random,,,,,,,,,,,
MODEL1504170002,10.0,16.0,42.0,10.0,20.0,True,index,54.0,54.6,0.262111216998312,0.5,1.011111111111111,n_random,,,,,,,,,,,
MODEL1504170003,10.0,14.0,42.0,10.0,20.0,True,index,47.0,52.5,2.6678918753996625,0.0,1.1170212765957446,n_random,,,,,,,,,,,
MODEL1506260000,82.0,118.0,42.0,10.0,20.0,True,index,263.0,275.5,4.20182903408009,0.0,1.0475285171102662,n_random,,,,,,,,,,,
MODEL1506260002,45.0,94.0,42.0,10.0,20.0,True,index,151.0,184.3,9.452753714130933,0.0,1.2205298013245034,n_random,,,,,,,,,,,
MODEL1606020000,19.0,55.0,42.0,10.0,20.0,True,index,101.0,103.1,0.49103499222220204,0.3,1.0207920792079208,n_random,,,,,,,,,,,
MODEL1607310000,48.0,76.0,42.0,10.0,20.0,True,index,169.0,168.8,-0.07001400420139652,0.7,0.9988165680473373,n_random,,,,,,,,,,,
MODEL1610060000,31.0,107.0,42.0,10.0,20.0,True,index,174.0,179.2,1.075887655183076,0.2,1.0298850574712644,n_random,,,,,,,,,,,
MODEL1610060001,29.0,121.0,42.0,10.0,20.0,True,index,178.0,183.9,1.4895001107711465,0.0,1.0331460674157305,n_random,,,,,,,,,,,
MODEL1611180000,26.0,66.0,42.0,10.0,20.0,True,index,130.0,134.9,1.66221115230426,0.2,1.0376923076923077,n_random,,,,,,,,,,,
MODEL1611230001,11.0,37.0,42.0,10.0,20.0,True,index,74.0,73.0,-0.34099716973523675,0.7,0.9864864864864865,n_random,,,,,,,,,,,
arabidopsis_cc,7.0,10.0,42.0,10.0,20.0,True,index,38.0,43.9,8.428571428571425,0.0,1.1552631578947368,n_random,,,,,,,,,,,
biomodels_MODEL1610240000,33.0,82.0,42.0,10.0,20.0,True,index,156.0,161.5,2.1656228851349337,0.0,1.0352564102564104,n_random,,,,,,,,,,,
biomodels_MODEL1712240002,16.0,12.0,42.0,10.0,20.0,True,index,40.0,40.0,0.0,1.0,1.0,n_random,,,,,,,,,,,
biomodels_MODEL1712240003,9.0,8.0,42.0,10.0,20.0,True,index,31.0,31.0,0.0,1.0,1.0,n_random,,,,,,,,,,,
biomodels_MODEL2002170001,56.0,175.0,42.0,10.0,20.0,True,index,292.0,298.0,0.7559289460184544,0.4,1.0205479452054795,n_random,,,,,,,,,,,
biomodels_MODEL2002190001,31.0,38.0,42.0,10.0,20.0,True,index,112.0,108.8,-1.85996221990111,1.0,0.9714285714285714,n_random,,,,,,,,,,,
biomodels_MODEL2004040001,51.0,114.0,42.0,10.0,20.0,True,index,221.0,226.2,1.114740803426305,0.1,1.0235294117647058,n_random,,,,,,,,,,,
biomodels_MODEL2006170002,87.0,357.0,42.0,10.0,20.0,True,index,563.0,589.0,4.553701386676382,0.0,1.0461811722912966,n_random,,,,,,,,,,,
biomodels_MODEL2101150001,82.0,176.0,42.0,10.0,20.0,True,index,360.0,350.0,-2.0327890704543545,1.0,0.9722222222222222,n_random,,,,,,,,,,,
biomodels_MODEL2304070002,46.0,194.0,42.0,10.0,20.0,True,index,281.0,294.5,4.758124793739129,0.0,1.0480427046263345,n_random,,,,,,,,,,,
biomodels_MODEL2308300001,87.0,235.0,42.0,10.0,20.0,True,index,436.0,436.0,0.0,0.6,1.0,n_random,,,,,,,,,,,
drosophila_sp,13.0,16.0,42.0,10.0,20.0,True,index,57.0,60.4,2.50651325463325,0.0,1.0596491228070175,n_random,,,,,,,,,,,
egfr_signaling,10.0,11.0,42.0,10.0,20.0,True,index,52.0,49.2,-2.110579412044343,1.0,0.9461538461538462,n_random,,,,,,,,,,,
MODEL1305240000,30.0,33.0,42.0,25.0,20.0,True,index,100.0,94.56,-2.073016586888953,1.0,0.9456,n_random,,,,,,,,,,,
MODEL1407230001,14.0,33.0,42.0,25.0,20.0,True,index,81.0,81.96,0.2873890853494166,0.44,1.0118518518518518,n_random,,,,,,,,,,,
MODEL1411170000,10.0,15.0,42.0,25.0,20.0,True,index,46.0,50.2,1.2640514574005774,0.08,1.091304347826087,n_random,,,,,,,,,,,
MODEL1411170001,18.0,68.0,42.0,25.0,20.0,True,index,104.0,106.28,0.6463931265677834,0.36,1.021923076923077,n_random,,,,,,,,,,,
MODEL1411240000,28.0,30.0,42.0,25.0,20.0,True,index,90.0,88.68,-0.3948204591473822,0.68,0.9853333333333334,n_random,,,,,,,,,,,
MODEL1504170000,9.0,13.0,42.0,25.0,20.0,True,index,46.0,48.04,0.6831037884473873,0.4,1.0443478260869565,n_random,,,,,,,,,,,
MODEL1504170001,9.0,15.0,42.0,25.0,20.0,True,index,51.0,52.6,0.6099942813304192,0.24,1.031372549019608,n_random,,,,,,,,,,,
MODEL1504170002,10.0,16.0,42.0,25.0,20.0,True,index,54.0,55.36,0.5556623828915211,0.4,1.0251851851851852,n_random,,,,,,,,,,,
MODEL1504170003,10.0,14.0,42.0,25.0,20.0,True,index,47.0,53.04,3.2385244291777178,0.0,1.1285106382978722,n_random,,,,,,,,,,,
MODEL1506260000,82.0,118.0,42.0,25.0,20.0,True,index,263.0,271.84,1.6548852782862085,0.04,1.0336121673003802,n_random,,,,,,,,,,,
MODEL1506260002,45.0,94.0,42.0,25.0,20.0,True,index,151.0,186.6,7.761168819505661,0.0,1.2357615894039735,n_random,,,,,,,,,,,
MODEL1606020000,19.0,55.0,42.0,25.0,20.0,True,index,101.0,101.76,0.18799905844474776,0.52,1.0075247524752475,n_random,,,,,,,,,,,
MODEL1607310000,48.0,76.0,42.0,25.0,20.0,True,index,169.0,171.44,0.48832826693015013,0.4,1.0144378698224852,n_random,,,,,,,,,,,
MODEL1610060000,31.0,107.0,42.0,25.0,20.0,True,index,174.0,177.88,0.8758308812745533,0.24,1.0222988505747126,n_random,,,,,,,,,,,
MODEL1610060001,29.0,121.0,42.0,25.0,20.0,True,index,178.0,182.16,0.9198138789803918,0.16,1.023370786516854,n_random,,,,,,,,,,,
MODEL1611180000,26.0,66.0,42.0,25.0,20.0,True,index,130.0,134.68,1.334552526116854,0.2,1.036,n_random,,,,,,,,,,,
MODEL1611230001,11.0,37.0,42.0,25.0,20.0,True,index,74.0,73.16,-0.24862954902683154,0.68,0.9886486486486487,n_random,,,,,,,,,,,
arabidopsis_cc,7.0,10.0,42.0,25.0,20.0,True,index,38.0,44.0,3.198010745334156,0.0,1.1578947368421053,n_random,,,,,,,,,,,
biomodels_MODEL1610240000,33.0,82.0,42.0,25.0,20.0,True,index,156.0,161.28,1.6466586148432638,0.08,1.0338461538461539,n_random,,,,,,,,,,,
biomodels_MODEL1712240002,16.0,12.0,42.0,25.0,20.0,True,index,40.0,40.0,0.0,1.0,1.0,n_random,,,,,,,,,,,
biomodels_MODEL1712240003,9.0,8.0,42.0,25.0,20.0,True,index,31.0,31.0,0.0,1.0,1.0,n_random,,,,,,,,,,,
biomodels_MODEL2002170001,56.0,175.0,42.0,25.0,20.0,True,index,292.0,297.24,0.7242766279931073,0.32,1.017945205479452,n_random,,,,,,,,,,,
biomodels_MODEL2002190001,31.0,38.0,42.0,25.0,20.0,True,index,112.0,109.8,-0.7739572992033221,0.76,0.9803571428571428,n_random,,,,,,,,,,,
biomodels_MODEL2004040001,51.0,114.0,42.0,25.0,20.0,True,index,221.0,225.48,0.922005898386956,0.28,1.0202714932126697,n_random,,,,,,,,,,,
biomodels_MODEL2006170002,87.0,357.0,42.0,25.0,20.0,True,index,563.0,592.44,4.104500478425645,0.0,1.052291296625222,n_random,,,,,,,,,,,
biomodels_MODEL2101150001,82.0,176.0,42.0,25.0,20.0,True,index,360.0,350.92,-1.925665964549301,0.96,0.9747777777777779,n_random,,,,,,,,,,,
biomodels_MODEL2304070002,46.0,194.0,42.0,25.0,20.0,True,index,281.0,295.56,3.1208153399022023,0.0,1.051814946619217,n_random,,,,,,,,,,,
biomodels_MODEL2308300001,87.0,235.0,42.0,25.0,20.0,True,index,436.0,435.76,-0.042625076462501195,0.6,0.9994495412844037,n_random,,,,,,,,,,,
drosophila_sp,13.0,16.0,42.0,25.0,20.0,True,index,57.0,60.08,1.2930679861070205,0.08,1.0540350877192983,n_random,,,,,,,,,,,
egfr_signaling,10.0,11.0,42.0,25.0,20.0,True,index,52.0,49.32,-1.5636460938312773,1.0,0.9484615384615385,n_random,,,,,,,,,,,
MODEL1305240000,30.0,33.0,42.0,50.0,20.0,True,index,100.0,94.9,-2.0531826896826084,1.0,0.9490000000000001,n_random,,,,,,,,,,,
MODEL1407230001,14.0,33.0,42.0,50.0,20.0,True,index,81.0,81.64,0.2101990443519236,0.5,1.0079012345679013,n_random,,,,,,,,,,,
MODEL1411170000,10.0,15.0,42.0,50.0,20.0,True,index,46.0,50.54,1.499370896099886,0.08,1.098695652173913,n_random,,,,,,,,,,,
MODEL1411170001,18.0,68.0,42.0,50.0,20.0,True,index,104.0,106.8,0.8366600265340747,0.24,1.0269230769230768,n_random,,,,,,,,,,,
MODEL1411240000,28.0,30.0,42.0,50.0,20.0,True,index,90.0,88.5,-0.45206158100918414,0.72,0.9833333333333333,n_random,,,,,,,,,,,
MODEL1504170000,9.0,13.0,42.0,50.0,20.0,True,index,46.0,48.14,0.8158436352393947,0.34,1.046521739130435,n_random,,,,,,,,,,,
MODEL1504170001,9.0,15.0,42.0,50.0,20.0,True,index,51.0,52.42,0.5611464844186873,0.32,1.027843137254902,n_random,,,,,,,,,,,
MODEL1504170002,10.0,16.0,42.0,50.0,20.0,True,index,54.0,55.56,0.6917024963842822,0.3,1.028888888888889,n_random,,,,,,,,,,,
MODEL1504170003,10.0,14.0,42.0,50.0,20.0,True,index,47.0,52.58,3.0245790624667475,0.0,1.1187234042553191,n_random,,,,,,,,,,,
MODEL1506260000,82.0,118.0,42.0,50.0,20.0,True,index,263.0,271.78,1.8038371215569515,0.04,1.0333840304182509,n_random,,,,,,,,,,,
MODEL1506260002,45.0,94.0,42.0,50.0,20.0,True,index,151.0,186.36,8.00532871570443,0.0,1.2341721854304637,n_random,,,,,,,,,,,
MODEL1606020000,19.0,55.0,42.0,50.0,20.0,True,index,101.0,101.44,0.12635334150137453,0.5,1.0043564356435644,n_random,,,,,,,,,,,
MODEL1607310000,48.0,76.0,42.0,50.0,20.0,True,index,169.0,172.02,0.6650691834379742,0.3,1.0178698224852072,n_random,,,,,,,,,,,
MODEL1610060000,31.0,107.0,42.0,50.0,20.0,True,index,174.0,178.34,1.0695886240004804,0.16,1.0249425287356322,n_random,,,,,,,,,,,
MODEL1610060001,29.0,121.0,42.0,50.0,20.0,True,index,178.0,182.1,1.061094229793472,0.12,1.0230337078651686,n_random,,,,,,,,,,,
MODEL1611180000,26.0,66.0,42.0,50.0,20.0,True,index,130.0,134.28,1.0555327917709132,0.22,1.0329230769230768,n_random,,,,,,,,,,,
MODEL1611230001,11.0,37.0,42.0,50.0,20.0,True,index,74.0,72.6,-0.4556611884328854,0.78,0.981081081081081,n_random,,,,,,,,,,,
arabidopsis_cc,7.0,10.0,42.0,50.0,20.0,True,index,38.0,43.5,2.9440825016470407,0.0,1.144736842105263,n_random,,,,,,,,,,,
biomodels_MODEL1610240000,33.0,82.0,42.0,50.0,20.0,True,index,156.0,161.52,1.6035674514745495,0.04,1.0353846153846153,n_random,,,,,,,,,,,
biomodels_MODEL1712240002,16.0,12.0,42.0,50.0,20.0,True,index,40.0,40.0,0.0,1.0,1.0,n_random,,,,,,,,,,,
biomodels_MODEL1712240003,9.0,8.0,42.0,50.0,20.0,True,index,31.0,31.0,0.0,1.0,1.0,n_random,,,,,,,,,,,
biomodels_MODEL2002170001,56.0,175.0,42.0,50.0,20.0,True,index,292.0,296.3,0.6612255294199418,0.28,1.0147260273972603,n_random,,,,,,,,,,,
biomodels_MODEL2002190001,31.0,38.0,42.0,50.0,20.0,True,index,112.0,109.02,-0.9214223151995642,0.82,0.9733928571428571,n_random,,,,,,,,,,,
biomodels_MODEL2004040001,51.0,114.0,42.0,50.0,20.0,True,index,221.0,224.48,0.6298232474206197,0.34,1.0157466063348415,n_random,,,,,,,,,,,
biomodels_MODEL2006170002,87.0,357.0,42.0,50.0,20.0,True,index,563.0,591.14,3.494630399040776,0.0,1.0499822380106572,n_random,,,,,,,,,,,
biomodels_MODEL2101150001,82.0,176.0,42.0,50.0,20.0,True,index,360.0,352.24,-1.3520230729613316,0.94,0.9784444444444444,n_random,,,,,,,,,,,
biomodels_MODEL2304070002,46.0,194.0,42.0,50.0,20.0,True,index,281.0,295.38,3.033215306424088,0.0,1.0511743772241993,n_random,,,,,,,,,,,
biomodels_MODEL2308300001,87.0,235.0,42.0,50.0,20.0,True,index,436.0,435.84,-0.021762283174785374,0.52,0.9996330275229357,n_random,,,,,,,,,,,
drosophila_sp,13.0,16.0,42.0,50.0,20.0,True,index,57.0,60.22,1.3997883277883272,0.1,1.0564912280701755,n_random,,,,,,,,,,,
egfr_signaling,10.0,11.0,42.0,50.0,20.0,True,index,52.0,49.0,-1.5638581054280607,1.0,0.9423076923076923,n_random,,,,,,,,,,,
MODEL1305240000,30.0,33.0,42.0,50.0,5.0,True,index,100.0,94.92,-1.552015300642655,0.96,0.9492,n_swaps,,,,,,,,,,,
MODEL1407230001,14.0,33.0,42.0,50.0,5.0,True,index,81.0,82.16,0.4295000332594408,0.46,1.0143209876543209,n_swaps,,,,,,,,,,,
MODEL1411170000,10.0,15.0,42.0,50.0,5.0,True,index,46.0,50.76,1.6681332382899619,0.06,1.1034782608695652,n_swaps,,,,,,,,,,,
MODEL1411170001,18.0,68.0,42.0,50.0,5.0,True,index,104.0,107.2,1.0911909431527584,0.18,1.0307692307692309,n_swaps,,,,,,,,,,,
MODEL1411240000,28.0,30.0,42.0,50.0,5.0,True,index,90.0,88.16,-0.6373539078404635,0.78,0.9795555555555555,n_swaps,,,,,,,,,,,
MODEL1504170000,9.0,13.0,42.0,50.0,5.0,True,index,46.0,48.48,1.1652570919876042,0.2,1.0539130434782609,n_swaps,,,,,,,,,,,
MODEL1504170001,9.0,15.0,42.0,50.0,5.0,True,index,51.0,51.76,0.3275862068965509,0.46,1.0149019607843137,n_swaps,,,,,,,,,,,
MODEL1504170002,10.0,16.0,42.0,50.0,5.0,True,index,54.0,54.92,0.38624108675924085,0.4,1.017037037037037,n_swaps,,,,,,,,,,,
MODEL1504170003,10.0,14.0,42.0,50.0,5.0,True,index,47.0,51.8,2.5584085962673235,0.02,1.102127659574468,n_swaps,,,,,,,,,,,
MODEL1506260000,82.0,118.0,42.0,50.0,5.0,True,index,263.0,270.08,1.4908203791708718,0.06,1.0269201520912548,n_swaps,,,,,,,,,,,
MODEL1506260002,45.0,94.0,42.0,50.0,5.0,True,index,151.0,186.04,7.219235375938572,0.0,1.2320529801324502,n_swaps,,,,,,,,,,,
MODEL1606020000,19.0,55.0,42.0,50.0,5.0,True,index,101.0,100.3,-0.22124883943435575,0.7,0.9930693069306931,n_swaps,,,,,,,,,,,
MODEL1607310000,48.0,76.0,42.0,50.0,5.0,True,index,169.0,172.08,0.6715740574128761,0.24,1.018224852071006,n_swaps,,,,,,,,,,,
MODEL1610060000,31.0,107.0,42.0,50.0,5.0,True,index,174.0,178.38,1.051366886197316,0.18,1.0251724137931035,n_swaps,,,,,,,,,,,
MODEL1610060001,29.0,121.0,42.0,50.0,5.0,True,index,178.0,182.14,1.0805164836790466,0.18,1.023258426966292,n_swaps,,,,,,,,,,,
MODEL1611180000,26.0,66.0,42.0,50.0,5.0,True,index,130.0,134.74,1.3190913003573657,0.14,1.0364615384615385,n_swaps,,,,,,,,,,,
MODEL1611230001,11.0,37.0,42.0,50.0,5.0,True,index,74.0,74.12,0.0421491345817803,0.52,1.0016216216216216,n_swaps,,,,,,,,,,,
arabidopsis_cc,7.0,10.0,42.0,50.0,5.0,True,index,38.0,43.48,2.5748422839080947,0.0,1.1442105263157893,n_swaps,,,,,,,,,,,
biomodels_MODEL1610240000,33.0,82.0,42.0,50.0,5.0,True,index,156.0,162.92,1.784738528034995,0.02,1.0443589743589743,n_swaps,,,,,,,,,,,
biomodels_MODEL1712240002,16.0,12.0,42.0,50.0,5.0,True,index,40.0,40.0,0.0,1.0,1.0,n_swaps,,,,,,,,,,,
biomodels_MODEL1712240003,9.0,8.0,42.0,50.0,5.0,True,index,31.0,31.0,0.0,1.0,1.0,n_swaps,,,,,,,,,,,
biomodels_MODEL2002170001,56.0,175.0,42.0,50.0,5.0,True,index,292.0,296.26,0.6592784450708241,0.3,1.0145890410958904,n_swaps,,,,,,,,,,,
biomodels_MODEL2002190001,31.0,38.0,42.0,50.0,5.0,True,index,112.0,107.96,-1.3263093138217565,0.9,0.9639285714285714,n_swaps,,,,,,,,,,,
biomodels_MODEL2004040001,51.0,114.0,42.0,50.0,5.0,True,index,221.0,224.4,0.6150384144985594,0.32,1.0153846153846153,n_swaps,,,,,,,,,,,
biomodels_MODEL2006170002,87.0,357.0,42.0,50.0,5.0,True,index,563.0,591.9,3.5965197501401964,0.0,1.0513321492007104,n_swaps,,,,,,,,,,,
biomodels_MODEL2101150001,82.0,176.0,42.0,50.0,5.0,True,index,360.0,350.98,-1.5980353353551728,0.92,0.9749444444444445,n_swaps,,,,,,,,,,,
biomodels_MODEL2304070002,46.0,194.0,42.0,50.0,5.0,True,index,281.0,297.24,3.6149277382430776,0.0,1.05779359430605,n_swaps,,,,,,,,,,,
biomodels_MODEL2308300001,87.0,235.0,42.0,50.0,5.0,True,index,436.0,439.54,0.5670834525275363,0.28,1.008119266055046,n_swaps,,,,,,,,,,,
drosophila_sp,13.0,16.0,42.0,50.0,5.0,True,index,57.0,59.84,1.2250486803093665,0.12,1.0498245614035089,n_swaps,,,,,,,,,,,
egfr_signaling,10.0,11.0,42.0,50.0,5.0,True,index,52.0,49.4,-1.2935483472729863,0.96,0.95,n_swaps,,,,,,,,,,,
MODEL1305240000,30.0,33.0,42.0,50.0,20.0,True,index,100.0,94.9,-2.0531826896826084,1.0,0.9490000000000001,n_swaps,,,,,,,,,,,
MODEL1407230001,14.0,33.0,42.0,50.0,20.0,True,index,81.0,81.64,0.2101990443519236,0.5,1.0079012345679013,n_swaps,,,,,,,,,,,
MODEL1411170000,10.0,15.0,42.0,50.0,20.0,True,index,46.0,50.54,1.499370896099886,0.08,1.098695652173913,n_swaps,,,,,,,,,,,
MODEL1411170001,18.0,68.0,42.0,50.0,20.0,True,index,104.0,106.8,0.8366600265340747,0.24,1.0269230769230768,n_swaps,,,,,,,,,,,
MODEL1411240000,28.0,30.0,42.0,50.0,20.0,True,index,90.0,88.5,-0.45206158100918414,0.72,0.9833333333333333,n_swaps,,,,,,,,,,,
MODEL1504170000,9.0,13.0,42.0,50.0,20.0,True,index,46.0,48.14,0.8158436352393947,0.34,1.046521739130435,n_swaps,,,,,,,,,,,
MODEL1504170001,9.0,15.0,42.0,50.0,20.0,True,index,51.0,52.42,0.5611464844186873,0.32,1.027843137254902,n_swaps,,,,,,,,,,,
MODEL1504170002,10.0,16.0,42.0,50.0,20.0,True,index,54.0,55.56,0.6917024963842822,0.3,1.028888888888889,n_swaps,,,,,,,,,,,
MODEL1504170003,10.0,14.0,42.0,50.0,20.0,True,index,47.0,52.58,3.0245790624667475,0.0,1.1187234042553191,n_swaps,,,,,,,,,,,
MODEL1506260000,82.0,118.0,42.0,50.0,20.0,True,index,263.0,271.78,1.8038371215569515,0.04,1.0333840304182509,n_swaps,,,,,,,,,,,
MODEL1506260002,45.0,94.0,42.0,50.0,20.0,True,index,151.0,186.36,8.00532871570443,0.0,1.2341721854304637,n_swaps,,,,,,,,,,,
MODEL1606020000,19.0,55.0,42.0,50.0,20.0,True,index,101.0,101.44,0.12635334150137453,0.5,1.0043564356435644,n_swaps,,,,,,,,,,,
MODEL1607310000,48.0,76.0,42.0,50.0,20.0,True,index,169.0,172.02,0.6650691834379742,0.3,1.0178698224852072,n_swaps,,,,,,,,,,,
MODEL1610060000,31.0,107.0,42.0,50.0,20.0,True,index,174.0,178.34,1.0695886240004804,0.16,1.0249425287356322,n_swaps,,,,,,,,,,,
MODEL1610060001,29.0,121.0,42.0,50.0,20.0,True,index,178.0,182.1,1.061094229793472,0.12,1.0230337078651686,n_swaps,,,,,,,,,,,
MODEL1611180000,26.0,66.0,42.0,50.0,20.0,True,index,130.0,134.28,1.0555327917709132,0.22,1.0329230769230768,n_swaps,,,,,,,,,,,
MODEL1611230001,11.0,37.0,42.0,50.0,20.0,True,index,74.0,72.6,-0.4556611884328854,0.78,0.981081081081081,n_swaps,,,,,,,,,,,
arabidopsis_cc,7.0,10.0,42.0,50.0,20.0,True,index,38.0,43.5,2.9440825016470407,0.0,1.144736842105263,n_swaps,,,,,,,,,,,
biomodels_MODEL1610240000,33.0,82.0,42.0,50.0,20.0,True,index,156.0,161.52,1.6035674514745495,0.04,1.0353846153846153,n_swaps,,,,,,,,,,,
biomodels_MODEL1712240002,16.0,12.0,42.0,50.0,20.0,True,index,40.0,40.0,0.0,1.0,1.0,n_swaps,,,,,,,,,,,
biomodels_MODEL1712240003,9.0,8.0,42.0,50.0,20.0,True,index,31.0,31.0,0.0,1.0,1.0,n_swaps,,,,,,,,,,,
biomodels_MODEL2002170001,56.0,175.0,42.0,50.0,20.0,True,index,292.0,296.3,0.6612255294199418,0.28,1.0147260273972603,n_swaps,,,,,,,,,,,
biomodels_MODEL2002190001,31.0,38.0,42.0,50.0,20.0,True,index,112.0,109.02,-0.9214223151995642,0.82,0.9733928571428571,n_swaps,,,,,,,,,,,
biomodels_MODEL2004040001,51.0,114.0,42.0,50.0,20.0,True,index,221.0,224.48,0.6298232474206197,0.34,1.0157466063348415,n_swaps,,,,,,,,,,,
biomodels_MODEL2006170002,87.0,357.0,42.0,50.0,20.0,True,index,563.0,591.14,3.494630399040776,0.0,1.0499822380106572,n_swaps,,,,,,,,,,,
biomodels_MODEL2101150001,82.0,176.0,42.0,50.0,20.0,True,index,360.0,352.24,-1.3520230729613316,0.94,0.9784444444444444,n_swaps,,,,,,,,,,,
biomodels_MODEL2304070002,46.0,194.0,42.0,50.0,20.0,True,index,281.0,295.38,3.033215306424088,0.0,1.0511743772241993,n_swaps,,,,,,,,,,,
biomodels_MODEL2308300001,87.0,235.0,42.0,50.0,20.0,True,index,436.0,435.84,-0.021762283174785374,0.52,0.9996330275229357,n_swaps,,,,,,,,,,,
drosophila_sp,13.0,16.0,42.0,50.0,20.0,True,index,57.0,60.22,1.3997883277883272,0.1,1.0564912280701755,n_swaps,,,,,,,,,,,
egfr_signaling,10.0,11.0,42.0,50.0,20.0,True,index,52.0,49.0,-1.5638581054280607,1.0,0.9423076923076923,n_swaps,,,,,,,,,,,
MODEL1305240000,30.0,33.0,42.0,50.0,100.0,True,index,100.0,95.34,-1.4034871331585028,0.92,0.9534,n_swaps,,,,,,,,,,,
MODEL1407230001,14.0,33.0,42.0,50.0,100.0,True,index,81.0,81.6,0.1842885350501836,0.52,1.0074074074074073,n_swaps,,,,,,,,,,,
MODEL1411170000,10.0,15.0,42.0,50.0,100.0,True,index,46.0,50.62,1.6675766619552561,0.08,1.1004347826086955,n_swaps,,,,,,,,,,,
MODEL1411170001,18.0,68.0,42.0,50.0,100.0,True,index,104.0,106.48,0.934048533878456,0.24,1.0238461538461539,n_swaps,,,,,,,,,,,
MODEL1411240000,28.0,30.0,42.0,50.0,100.0,True,index,90.0,87.48,-0.9017499888601829,0.84,0.9720000000000001,n_swaps,,,,,,,,,,,
MODEL1504170000,9.0,13.0,42.0,50.0,100.0,True,index,46.0,48.4,1.1766968108291034,0.16,1.0521739130434782,n_swaps,,,,,,,,,,,
MODEL1504170001,9.0,15.0,42.0,50.0,100.0,True,index,51.0,52.1,0.44284332522566167,0.4,1.0215686274509803,n_swaps,,,,,,,,,,,
MODEL1504170002,10.0,16.0,42.0,50.0,100.0,True,index,54.0,54.12,0.06483550846105014,0.54,1.0022222222222221,n_swaps,,,,,,,,,,,
MODEL1504170003,10.0,14.0,42.0,50.0,100.0,True,index,47.0,52.48,3.2237525165448284,0.0,1.116595744680851,n_swaps,,,,,,,,,,,
MODEL1506260000,82.0,118.0,42.0,50.0,100.0,True,index,263.0,269.48,1.2875403259551843,0.14,1.024638783269962,n_swaps,,,,,,,,,,,
MODEL1506260002,45.0,94.0,42.0,50.0,100.0,True,index,151.0,186.36,8.236541213650522,0.0,1.2341721854304637,n_swaps,,,,,,,,,,,
MODEL1606020000,19.0,55.0,42.0,50.0,100.0,True,index,101.0,99.4,-0.565685424949236,0.82,0.9841584158415843,n_swaps,,,,,,,,,,,
MODEL1607310000,48.0,76.0,42.0,50.0,100.0,True,index,169.0,173.08,1.0709583673026941,0.18,1.0241420118343196,n_swaps,,,,,,,,,,,
MODEL1610060000,31.0,107.0,42.0,50.0,100.0,True,index,174.0,178.74,1.252916443471174,0.1,1.027241379310345,n_swaps,,,,,,,,,,,
MODEL1610060001,29.0,121.0,42.0,50.0,100.0,True,index,178.0,181.98,1.1257320075051969,0.2,1.0223595505617977,n_swaps,,,,,,,,,,,
MODEL1611180000,26.0,66.0,42.0,50.0,100.0,True,index,130.0,134.74,1.473186802653273,0.12,1.0364615384615385,n_swaps,,,,,,,,,,,
MODEL1611230001,11.0,37.0,42.0,50.0,100.0,True,index,74.0,72.84,-0.3433455677037173,0.68,0.9843243243243244,n_swaps,,,,,,,,,,,
arabidopsis_cc,7.0,10.0,42.0,50.0,100.0,True,index,38.0,43.76,2.331697181496391,0.04,1.151578947368421,n_swaps,,,,,,,,,,,
biomodels_MODEL1610240000,33.0,82.0,42.0,50.0,100.0,True,index,156.0,161.64,1.3137469582858827,0.1,1.036153846153846,n_swaps,,,,,,,,,,,
biomodels_MODEL1712240002,16.0,12.0,42.0,50.0,100.0,True,index,40.0,40.0,0.0,1.0,1.0,n_swaps,,,,,,,,,,,
biomodels_MODEL1712240003,9.0,8.0,42.0,50.0,100.0,True,index,31.0,31.0,0.0,1.0,1.0,n_swaps,,,,,,,,,,,
biomodels_MODEL2002170001,56.0,175.0,42.0,50.0,100.0,True,index,292.0,296.2,0.7383206816313596,0.26,1.0143835616438355,n_swaps,,,,,,,,,,,
biomodels_MODEL2002190001,31.0,38.0,42.0,50.0,100.0,True,index,112.0,108.62,-0.9858124534990141,0.88,0.9698214285714286,n_swaps,,,,,,,,,,,
biomodels_MODEL2004040001,51.0,114.0,42.0,50.0,100.0,True,index,221.0,225.72,0.9477682354291633,0.16,1.0213574660633484,n_swaps,,,,,,,,,,,
biomodels_MODEL2006170002,87.0,357.0,42.0,50.0,100.0,True,index,563.0,589.68,3.190292205550774,0.0,1.0473889875666074,n_swaps,,,,,,,,,,,
biomodels_MODEL2101150001,82.0,176.0,42.0,50.0,100.0,True,index,360.0,351.22,-1.3757159763389468,0.92,0.9756111111111112,n_swaps,,,,,,,,,,,
biomodels_MODEL2304070002,46.0,194.0,42.0,50.0,100.0,True,index,281.0,294.92,2.4533214919017685,0.02,1.0495373665480427,n_swaps,,,,,,,,,,,
biomodels_MODEL2308300001,87.0,235.0,42.0,50.0,100.0,True,index,436.0,437.4,0.2304078065368179,0.52,1.0032110091743118,n_swaps,,,,,,,,,,,
drosophila_sp,13.0,16.0,42.0,50.0,100.0,True,index,57.0,59.46,1.0992224855223358,0.22,1.043157894736842,n_swaps,,,,,,,,,,,
egfr_signaling,10.0,11.0,42.0,50.0,100.0,True,index,52.0,49.18,-1.1845394048002182,0.92,0.9457692307692308,n_swaps,,,,,,,,,,,
MODEL1305240000,,,,,,,none,,,,,,ordering,,,,0.08705114254624591,,,,,,,
MODEL1407230001,,,,,,,none,,,,,,ordering,,,,0.1277139208173691,,,,,,,
MODEL1411170000,,,,,,,none,,,,,,ordering,,,,0.11928429423459246,,,,,,,
MODEL1411170001,,,,,,,none,,,,,,ordering,,,,0.11722272317403065,,,,,,,
MODEL1411240000,,,,,,,none,,,,,,ordering,,,,0.11441647597254004,,,,,,,
MODEL1504170000,,,,,,,none,,,,,,ordering,,,,0.12526096033402923,,,,,,,
MODEL1504170001,,,,,,,none,,,,,,ordering,,,,0.1383399209486166,,,,,,,
MODEL1504170002,,,,,,,none,,,,,,ordering,,,,0.149812734082397,,,,,,,
MODEL1504170003,,,,,,,none,,,,,,ordering,,,,0.05964214711729623,,,,,,,
MODEL1506260000,,,,,,,none,,,,,,ordering,,,,0.0633619083115915,,,,,,,
MODEL1506260002,,,,,,,none,,,,,,ordering,,,,0.11857707509881424,,,,,,,
MODEL1606020000,,,,,,,none,,,,,,ordering,,,,0.1454898157129001,,,,,,,
MODEL1607310000,,,,,,,none,,,,,,ordering,,,,0.09557945041816009,,,,,,,
MODEL1610060000,,,,,,,none,,,,,,ordering,,,,0.06829823562891292,,,,,,,
MODEL1610060001,,,,,,,none,,,,,,ordering,,,,0.055005500550055,,,,,,,
MODEL1611180000,,,,,,,none,,,,,,ordering,,,,0.0765696784073507,,,,,,,
MODEL1611230001,,,,,,,none,,,,,,ordering,,,,0.15471167369901548,,,,,,,
arabidopsis_cc,,,,,,,none,,,,,,ordering,,,,0.18867924528301888,,,,,,,
biomodels_MODEL1610240000,,,,,,,none,,,,,,ordering,,,,0.07687379884689302,,,,,,,
biomodels_MODEL1712240002,,,,,,,none,,,,,,ordering,,,,0.15555555555555556,,,,,,,
biomodels_MODEL1712240003,,,,,,,none,,,,,,ordering,,,,0.12158054711246201,,,,,,,
biomodels_MODEL2002170001,,,,,,,none,,,,,,ordering,,,,0.05140507196710075,,,,,,,
biomodels_MODEL2002190001,,,,,,,none,,,,,,ordering,,,,0.11342155009451796,,,,,,,
biomodels_MODEL2004040001,,,,,,,none,,,,,,ordering,,,,0.07076514816452897,,,,,,,
biomodels_MODEL2006170002,,,,,,,none,,,,,,ordering,,,,0.04556193047586905,,,,,,,
biomodels_MODEL2101150001,,,,,,,none,,,,,,ordering,,,,0.04143646408839779,,,,,,,
biomodels_MODEL2304070002,,,,,,,none,,,,,,ordering,,,,0.08168822328114363,,,,,,,
biomodels_MODEL2308300001,,,,,,,none,,,,,,ordering,,,,0.07246376811594203,,,,,,,
drosophila_sp,,,,,,,none,,,,,,ordering,,,,0.1718213058419244,,,,,,,
egfr_signaling,,,,,,,none,,,,,,ordering,,,,0.10570824524312897,,,,,,,
MODEL1305240000,,,,,,,index,,,,,,ordering,94.0,0.03438070820862645,0.11702127659574468,,,,,,,,
MODEL1407230001,,,,,,,index,,,,,,ordering,81.4,0.03386744165132733,0.12285012285012284,,,,,,,,
MODEL1411170000,,,,,,,index,,,,,,ordering,51.6,0.044941930570868434,0.11627906976744186,,,,,,,,
MODEL1411170001,,,,,,,index,,,,,,ordering,106.9,0.032539807541489406,0.09354536950420954,,,,,,,,
MODEL1411240000,,,,,,,index,,,,,,ordering,90.5,0.024570283727672806,0.07734806629834254,,,,,,,,
MODEL1504170000,,,,,,,index,,,,,,ordering,46.0,0.02711345932444885,0.08695652173913043,,,,,,,,
MODEL1504170001,,,,,,,index,,,,,,ordering,51.5,0.010233908285334561,0.019417475728155338,,,,,,,,
MODEL1504170002,,,,,,,index,,,,,,ordering,53.3,0.049283022651270915,0.13133208255159476,,,,,,,,
MODEL1504170003,,,,,,,index,,,,,,ordering,51.6,0.046762173309699895,0.15503875968992248,,,,,,,,
MODEL1506260000,,,,,,,index,,,,,,ordering,268.6,0.012680108984308564,0.04095309009679821,,,,,,,,
MODEL1506260002,,,,,,,index,,,,,,ordering,158.2,0.026618814491957448,0.08217446270543616,,,,,,,,
MODEL1606020000,,,,,,,index,,,,,,ordering,101.3,0.031234294110126456,0.09871668311944719,,,,,,,,
MODEL1607310000,,,,,,,index,,,,,,ordering,168.3,0.02188529783570809,0.071301247771836,,,,,,,,
MODEL1610060000,,,,,,,index,,,,,,ordering,177.1,0.01734259288505845,0.050818746470920384,,,,,,,,
MODEL1610060001,,,,,,,index,,,,,,ordering,183.2,0.02897529728878367,0.1037117903930131,,,,,,,,
MODEL1611180000,,,,,,,index,,,,,,ordering,126.6,0.02503394275725058,0.08688783570300158,,,,,,,,
MODEL1611230001,,,,,,,index,,,,,,ordering,74.2,0.03288949724658244,0.10781671159029649,,,,,,,,
arabidopsis_cc,,,,,,,index,,,,,,ordering,43.3,0.06536698911579301,0.20785219399538107,,,,,,,,
biomodels_MODEL1610240000,,,,,,,index,,,,,,ordering,156.5,0.025425636605566182,0.08306709265175719,,,,,,,,
biomodels_MODEL1712240002,,,,,,,index,,,,,,ordering,40.0,0.0,0.0,,,,,,,,
biomodels_MODEL1712240003,,,,,,,index,,,,,,ordering,31.0,0.0,0.0,,,,,,,,
biomodels_MODEL2002170001,,,,,,,index,,,,,,ordering,294.1,0.025214040592654405,0.08160489629377762,,,,,,,,
biomodels_MODEL2002190001,,,,,,,index,,,,,,ordering,108.4,0.031117123347290325,0.08302583025830258,,,,,,,,
biomodels_MODEL2004040001,,,,,,,index,,,,,,ordering,225.4,0.011681998023147885,0.031055900621118012,,,,,,,,
biomodels_MODEL2006170002,,,,,,,index,,,,,,ordering,572.5,0.007691321579984226,0.02445414847161572,,,,,,,,
biomodels_MODEL2101150001,,,,,,,index,,,,,,ordering,355.5,0.01536424717128358,0.0450070323488045,,,,,,,,
biomodels_MODEL2304070002,,,,,,,index,,,,,,ordering,280.7,0.021246097478492213,0.07481296758104738,,,,,,,,
biomodels_MODEL2308300001,,,,,,,index,,,,,,ordering,441.1,0.014514297317233582,0.04760825209703015,,,,,,,,
drosophila_sp,,,,,,,index,,,,,,ordering,57.8,0.048798606231386814,0.15570934256055363,,,,,,,,
egfr_signaling,,,,,,,index,,,,,,ordering,47.3,0.05900334232257782,0.16913319238900634,,,,,,,,
MODEL1305240000,,,,,,,wl,,,,,,ordering,99.0,0.0,0.0,,,,,,,,
MODEL1407230001,,,,,,,wl,,,,,,ordering,78.0,0.0,0.0,,,,,,,,
MODEL1411170000,,,,,,,wl,,,,,,ordering,51.0,0.0,0.0,,,,,,,,
MODEL1411170001,,,,,,,wl,,,,,,ordering,107.0,0.0,0.0,,,,,,,,
MODEL1411240000,,,,,,,wl,,,,,,ordering,85.0,0.0,0.0,,,,,,,,
MODEL1504170000,,,,,,,wl,,,,,,ordering,46.0,0.0,0.0,,,,,,,,
MODEL1504170001,,,,,,,wl,,,,,,ordering,51.0,0.0,0.0,,,,,,,,
MODEL1504170002,,,,,,,wl,,,,,,ordering,52.0,0.0,0.0,,,,,,,,
MODEL1504170003,,,,,,,wl,,,,,,ordering,51.0,0.0,0.0,,,,,,,,
MODEL1506260000,,,,,,,wl,,,,,,ordering,267.0,0.0,0.0,,,,,,,,
MODEL1506260002,,,,,,,wl,,,,,,ordering,142.0,0.0,0.0,,,,,,,,
MODEL1606020000,,,,,,,wl,,,,,,ordering,102.0,0.0,0.0,,,,,,,,
MODEL1607310000,,,,,,,wl,,,,,,ordering,176.0,0.0,0.0,,,,,,,,
MODEL1610060000,,,,,,,wl,,,,,,ordering,180.0,0.0,0.0,,,,,,,,
MODEL1610060001,,,,,,,wl,,,,,,ordering,182.0,0.0,0.0,,,,,,,,
MODEL1611180000,,,,,,,wl,,,,,,ordering,127.0,0.0,0.0,,,,,,,,
MODEL1611230001,,,,,,,wl,,,,,,ordering,75.0,0.0,0.0,,,,,,,,
arabidopsis_cc,,,,,,,wl,,,,,,ordering,39.0,0.0,0.0,,,,,,,,
biomodels_MODEL1610240000,,,,,,,wl,,,,,,ordering,156.0,0.0,0.0,,,,,,,,
biomodels_MODEL1712240002,,,,,,,wl,,,,,,ordering,40.0,0.0,0.0,,,,,,,,
biomodels_MODEL1712240003,,,,,,,wl,,,,,,ordering,31.0,0.0,0.0,,,,,,,,
biomodels_MODEL2002170001,,,,,,,wl,,,,,,ordering,290.0,0.0,0.0,,,,,,,,
biomodels_MODEL2002190001,,,,,,,wl,,,,,,ordering,107.0,0.0,0.0,,,,,,,,
biomodels_MODEL2004040001,,,,,,,wl,,,,,,ordering,232.0,0.0,0.0,,,,,,,,
biomodels_MODEL2006170002,,,,,,,wl,,,,,,ordering,560.0,0.0,0.0,,,,,,,,
biomodels_MODEL2101150001,,,,,,,wl,,,,,,ordering,365.0,0.0,0.0,,,,,,,,
biomodels_MODEL2304070002,,,,,,,wl,,,,,,ordering,295.0,0.0,0.0,,,,,,,,
biomodels_MODEL2308300001,,,,,,,wl,,,,,,ordering,445.0,0.0,0.0,,,,,,,,
drosophila_sp,,,,,,,wl,,,,,,ordering,58.0,0.0,0.0,,,,,,,,
egfr_signaling,,,,,,,wl,,,,,,ordering,49.0,0.0,0.0,,,,,,,,
,,,,,,,,,,,,,essentiality_cv_seed,,,,,ΔD,1.0,642.0,20.0,0.41255393743257823,0.03166227173214159,0.2651374577436036
,,,,,,,,,,,,,essentiality_cv_seed,,,,,ΔD,2.0,642.0,20.0,0.41255393743257823,0.03166227173214159,0.2651374577436036
,,,,,,,,,,,,,essentiality_cv_seed,,,,,ΔD,3.0,642.0,20.0,0.41255393743257823,0.03166227173214159,0.2651374577436036
,,,,,,,,,,,,,essentiality_cv_seed,,,,,ΔD,4.0,642.0,20.0,0.41255393743257823,0.03166227173214159,0.2651374577436036
,,,,,,,,,,,,,essentiality_cv_seed,,,,,ΔD,5.0,642.0,20.0,0.41255393743257823,0.03166227173214159,0.2651374577436036
,,,,,,,,,,,,,essentiality_cv_seed,,,,,Graph,1.0,629.0,19.0,0.44690082644628104,0.03380765459909155,0.2316392433726775
,,,,,,,,,,,,,essentiality_cv_seed,,,,,Graph,2.0,629.0,19.0,0.44690082644628104,0.03380765459909155,0.2316392433726775
,,,,,,,,,,,,,essentiality_cv_seed,,,,,Graph,3.0,629.0,19.0,0.44690082644628104,0.03380765459909155,0.2316392433726775
,,,,,,,,,,,,,essentiality_cv_seed,,,,,Graph,4.0,629.0,19.0,0.44690082644628104,0.03380765459909155,0.2316392433726775
,,,,,,,,,,,,,essentiality_cv_seed,,,,,Graph,5.0,629.0,19.0,0.44690082644628104,0.03380765459909155,0.2316392433726775
,,,,,,,,,,,,,essentiality_cv_seed,,,,,ΔD+Graph,1.0,629.0,19.0,0.48126721763085395,0.04625999939744814,0.2236377603951983
,,,,,,,,,,,,,essentiality_cv_seed,,,,,ΔD+Graph,2.0,629.0,19.0,0.48126721763085395,0.04625999939744814,0.2236377603951983
,,,,,,,,,,,,,essentiality_cv_seed,,,,,ΔD+Graph,3.0,629.0,19.0,0.48126721763085395,0.04625999939744814,0.2236377603951983
,,,,,,,,,,,,,essentiality_cv_seed,,,,,ΔD+Graph,4.0,629.0,19.0,0.48126721763085395,0.04625999939744814,0.2236377603951983
,,,,,,,,,,,,,essentiality_cv_seed,,,,,ΔD+Graph,5.0,629.0,19.0,0.48126721763085395,0.04625999939744814,0.2236377603951983
,,,,,,,,,,,,,essentiality_cv_seed,,,,,Constraint,1.0,152.0,15.0,0.34210526315789475,0.09482680325414401,0.25793960291340357
,,,,,,,,,,,,,essentiality_cv_seed,,,,,Constraint,2.0,152.0,15.0,0.3403244954491492,0.09376098250598358,0.2562832441764671
,,,,,,,,,,,,,essentiality_cv_seed,,,,,Constraint,3.0,152.0,15.0,0.3403244954491492,0.09376098250598358,0.2562832441764671
,,,,,,,,,,,,,essentiality_cv_seed,,,,,Constraint,4.0,152.0,15.0,0.3411159477641472,0.09458946656904045,0.2569940900306928
,,,,,,,,,,,,,essentiality_cv_seed,,,,,Constraint,5.0,152.0,15.0,0.3411159477641472,0.09458946656904045,0.2569940900306928
,,,,,,,,,,,,,essentiality_cv_seed,,,,,ΔD+Graph+Constraint,1.0,151.0,14.0,0.45773524720893144,0.15672874522795882,0.23601112977075162
,,,,,,,,,,,,,essentiality_cv_seed,,,,,ΔD+Graph+Constraint,2.0,151.0,14.0,0.45972886762360443,0.20271956428863436,0.23420034919538657
,,,,,,,,,,,,,essentiality_cv_seed,,,,,ΔD+Graph+Constraint,3.0,151.0,14.0,0.45773524720893144,0.15672874522795882,0.23601112977075162
,,,,,,,,,,,,,essentiality_cv_seed,,,,,ΔD+Graph+Constraint,4.0,151.0,14.0,0.43421052631578944,0.19055277987400515,0.24780296266705673
,,,,,,,,,,,,,essentiality_cv_seed,,,,,ΔD+Graph+Constraint,5.0,151.0,14.0,0.43421052631578944,0.19055277987400515,0.24780296266705673
