n,replicate,seed,task,query_nodes,target_bits,wall_time_seconds,peak_memory_bytes,support_size,free_coordinates,overlap_multiplicity,support_assignments_count,reduction_factor,total_global_states,support_union,support_assignments_sample
30,0,3000,T1_single,[4],[0],4.6749999910389306e-05,2632,2,28,0,3,268435456,805306368,"[1, 30]","[[0, 0], [1, 0], [0, 1]]"
30,0,3000,T2_small,"[6, 7, 8, 9]","[1, 1, 1, 1]",0.00042241700020895223,28128,6,24,7,20,16777216,335544320,"[2, 4, 5, 6, 7, 8]","[[0, 1, 0, 1, 0, 0], [0, 1, 0, 1, 0, 1], [0, 1, 0, 1, 1, 0], [0, 1, 0, 1, 1, 1], [0, 1, 1, 0, 0, 0], [0, 1, 1, 0, 0, 1], [0, 1, 1, 0, 1, 0], [0, 1, 1, 0, 1, 1]]"
30,0,3000,T3_medium,"[8, 9, 10, 11, 12, 13, 14, 15]","[1, 1, 0, 1, 1, 1, 0, 1]",0.002850207999927079,181536,11,19,15,90,524288,47185920,"[4, 5, 6, 7, 8, 9, 10, 11, 12, 13, 14]","[[1, 1, 0, 0, 0, 0, 0, 0, 1, 0, 1], [1, 1, 0, 0, 0, 0, 0, 0, 1, 1, 0], [1, 1, 0, 0, 0, 0, 0, 1, 0, 0, 1], [1, 1, 0, 0, 0, 0, 0, 1, 0, 1, 0], [1, 1, 0, 0, 0, 0, 0, 1, 1, 0, 0], [1, 1, 0, 0, 0, 0, 0, 1, 1, 1, 1], [1, 1, 0, 0, 0, 1, 1, 0, 0, 0, 0], [1, 1, 0, 0, 0, 1, 1, 0, 0, 1, 1]]"
30,1,3001,T1_single,[5],[1],2.7874999886989826e-05,1496,2,28,0,1,268435456,268435456,"[1, 3]","[[0, 0]]"
30,1,3001,T2_small,"[7, 8, 9, 10]","[0, 1, 0, 1]",0.00017537500025355257,8600,7,23,4,8,8388608,67108864,"[3, 4, 5, 6, 7, 8, 9]","[[0, 0, 1, 0, 0, 0, 1], [0, 0, 1, 1, 1, 0, 1], [0, 0, 1, 1, 0, 1, 0], [0, 0, 1, 0, 1, 1, 0], [1, 1, 1, 0, 0, 0, 1], [1, 1, 1, 1, 1, 0, 1], [1, 1, 1, 1, 0, 1, 0], [1, 1, 1, 0, 1, 1, 0]]"
30,1,3001,T3_medium,"[9, 10, 11, 12, 13, 14, 15, 16]","[0, 1, 0, 1, 1, 1, 0, 1]",0.0004103750002286688,10440,11,19,15,8,524288,4194304,"[5, 6, 7, 8, 9, 10, 11, 12, 13, 14, 15]","[[1, 1, 1, 0, 1, 1, 0, 0, 1, 0, 1], [1, 1, 1, 0, 1, 1, 0, 1, 0, 0, 1], [1, 1, 1, 0, 1, 1, 0, 1, 1, 1, 0], [1, 1, 1, 0, 1, 1, 0, 1, 1, 1, 1], [0, 1, 1, 1, 1, 1, 0, 0, 1, 0, 1], [0, 1, 1, 1, 1, 1, 0, 1, 0, 0, 1], [0, 1, 1, 1, 1, 1, 0, 1, 1, 1, 0], [0, 1, 1, 1, 1, 1, 0, 1, 1, 1, 1]]"
30,2,3002,T1_single,[6],[1],6.337499962683069e-05,4360,3,27,0,7,134217728,939524096,"[2, 3, 5]","[[0, 0, 0], [1, 0, 0], [0, 1, 0], [1, 1, 0], [0, 0, 1], [1, 0, 1], [0, 1, 1]]"
30,2,3002,T2_small,"[8, 9, 10, 11]","[0, 0, 0, 0]",0.00022041700003683218,11696,6,24,3,16,16777216,268435456,"[5, 6, 7, 8, 9, 10]","[[0, 0, 0, 0, 1, 0], [0, 0, 0, 0, 1, 1], [1, 0, 0, 0, 1, 0], [1, 0, 0, 0, 1, 1], [0, 1, 0, 0, 1, 0], [0, 1, 0, 0, 1, 1], [1, 1, 0, 0, 1, 0], [1, 1, 0, 0, 1, 1]]"
30,2,3002,T3_medium,"[10, 11, 12, 13, 14, 15, 16, 17]","[0, 0, 1, 1, 1, 1, 1, 1]",0.0003284169997641584,12992,8,22,7,6,4194304,25165824,"[7, 8, 9, 10, 11, 12, 13, 15]","[[0, 0, 1, 0, 1, 0, 1, 0], [1, 0, 1, 0, 1, 0, 1, 0], [0, 1, 1, 0, 1, 0, 1, 0], [1, 1, 1, 0, 1, 0, 1, 0], [0, 0, 1, 1, 0, 0, 1, 0], [1, 0, 1, 1, 0, 0, 1, 0]]"
30,3,3003,T1_single,[7],[0],9.337499977846164e-05,8048,4,26,0,15,67108864,1006632960,"[3, 4, 5, 6]","[[1, 0, 0, 0], [0, 1, 0, 0], [1, 1, 0, 0], [0, 0, 1, 0], [1, 0, 1, 0], [0, 1, 1, 0], [1, 1, 1, 0], [0, 0, 0, 1]]"
30,3,3003,T2_small,"[9, 10, 11, 12]","[0, 0, 1, 1]",0.00015341600010287948,12496,7,23,1,14,8388608,117440512,"[5, 6, 7, 8, 9, 10, 11]","[[0, 0, 1, 0, 0, 0, 0], [0, 0, 0, 0, 1, 0, 0], [0, 0, 1, 0, 1, 0, 0], [0, 0, 0, 0, 0, 1, 0], [0, 0, 1, 0, 0, 1, 0], [0, 0, 0, 0, 1, 1, 0], [0, 0, 1, 0, 1, 1, 0], [1, 0, 1, 1, 0, 0, 0]]"
30,3,3003,T3_medium,"[11, 12, 13, 14, 15, 16, 17, 18]","[1, 1, 1, 1, 1, 1, 0, 1]",0.00034512499996708357,14744,10,20,7,9,1048576,9437184,"[7, 9, 10, 11, 12, 13, 14, 15, 16, 17]","[[1, 0, 0, 0, 1, 0, 1, 1, 0, 1], [1, 0, 0, 0, 1, 1, 1, 1, 0, 1], [1, 0, 0, 0, 1, 0, 1, 1, 1, 1], [0, 1, 0, 0, 1, 0, 1, 1, 0, 1], [0, 1, 0, 0, 1, 1, 1, 1, 0, 1], [0, 1, 0, 0, 1, 0, 1, 1, 1, 1], [1, 1, 0, 0, 1, 0, 1, 1, 0, 1], [1, 1, 0, 0, 1, 1, 1, 1, 0, 1]]"
30,4,3004,T1_single,[8],[0],9.133300000030431e-05,7760,4,26,0,15,67108864,1006632960,"[4, 5, 6, 7]","[[0, 0, 0, 0], [1, 0, 0, 0], [0, 1, 0, 0], [1, 1, 0, 0], [0, 0, 1, 0], [1, 0, 1, 0], [0, 1, 1, 0], [1, 1, 1, 0]]"
30,4,3004,T2_small,"[10, 11, 12, 13]","[1, 0, 0, 0]",0.0012173749996691186,68752,7,23,7,88,8388608,738197504,"[6, 7, 8, 9, 10, 11, 12]","[[0, 0, 1, 0, 0, 0, 0], [0, 0, 1, 0, 0, 0, 1], [0, 0, 1, 0, 0, 1, 0], [0, 0, 1, 0, 0, 1, 1], [0, 0, 0, 0, 1, 0, 0], [0, 0, 0, 0, 1, 0, 1], [0, 0, 0, 0, 1, 1, 0], [0, 0, 0, 0, 1, 1, 1]]"
30,4,3004,T3_medium,"[12, 13, 14, 15, 16, 17, 18, 19]","[0, 0, 1, 1, 0, 0, 0, 0]",0.003379165999831457,152664,10,20,13,121,1048576,126877696,"[8, 9, 10, 11, 12, 13, 14, 15, 16, 17]","[[1, 0, 0, 0, 0, 1, 0, 0, 0, 1], [1, 0, 0, 0, 0, 0, 1, 0, 0, 1], [1, 0, 0, 0, 0, 0, 1, 0, 1, 1], [1, 0, 0, 0, 0, 1, 1, 0, 0, 1], [1, 0, 0, 0, 1, 0, 0, 0, 0, 1], [1, 0, 0, 0, 1, 0, 0, 0, 1, 1], [1, 0, 0, 0, 1, 1, 0, 0, 0, 1], [1, 0, 0, 0, 1, 0, 1, 0, 0, 1]]"
60,0,6000,T1_single,[4],[0],6.404199984899606e-05,4600,4,56,0,8,72057594037927936,576460752303423488,"[1, 2, 3, 60]","[[1, 0, 0, 0], [0, 1, 0, 0], [0, 0, 1, 0], [1, 1, 1, 0], [0, 0, 0, 1], [1, 1, 0, 1], [1, 0, 1, 1], [0, 1, 1, 1]]"
60,0,6000,T2_small,"[6, 7, 8, 9]","[1, 0, 0, 0]",0.00023387500004901085,10672,5,55,6,13,36028797018963968,468374361246531584,"[3, 4, 5, 6, 7]","[[1, 0, 0, 0, 0], [1, 0, 0, 1, 0], [1, 0, 0, 0, 1], [1, 0, 0, 1, 1], [1, 0, 1, 0, 0], [1, 0, 1, 1, 0], [0, 1, 0, 0, 0], [0, 1, 0, 1, 0]]"
60,0,6000,T3_medium,"[8, 9, 10, 11, 12, 13, 14, 15]","[0, 0, 0, 0, 0, 0, 0, 1]",0.0008305000001200824,34216,10,50,8,28,1125899906842624,31525197391593472,"[4, 5, 6, 7, 8, 9, 10, 11, 12, 14]","[[0, 0, 0, 0, 1, 0, 0, 0, 1, 1], [0, 0, 0, 0, 1, 0, 1, 1, 1, 1], [0, 0, 0, 0, 1, 1, 1, 0, 1, 1], [0, 0, 0, 0, 1, 1, 0, 1, 1, 1], [1, 0, 0, 0, 1, 0, 0, 0, 1, 1], [1, 0, 0, 0, 1, 0, 1, 1, 1, 1], [1, 0, 0, 0, 1, 1, 1, 0, 1, 1], [1, 0, 0, 0, 1, 1, 0, 1, 1, 1]]"
60,1,6001,T1_single,[5],[1],7.354099989242968e-05,6072,4,56,0,11,72057594037927936,792633534417207296,"[1, 2, 3, 4]","[[1, 1, 0, 0], [1, 0, 1, 0], [0, 1, 1, 0], [1, 1, 1, 0], [1, 0, 0, 1], [0, 1, 0, 1], [1, 1, 0, 1], [0, 0, 1, 1]]"
60,1,6001,T2_small,"[7, 8, 9, 10]","[0, 0, 0, 1]",0.0001547910001136188,6248,5,55,4,10,36028797018963968,360287970189639680,"[4, 5, 6, 7, 8]","[[1, 0, 0, 0, 0], [1, 0, 0, 0, 1], [0, 0, 0, 1, 0], [0, 0, 0, 1, 1], [1, 0, 0, 1, 0], [1, 0, 0, 1, 1], [0, 1, 0, 1, 0], [0, 1, 0, 1, 1]]"
60,1,6001,T3_medium,"[9, 10, 11, 12, 13, 14, 15, 16]","[0, 1, 0, 0, 1, 1, 1, 0]",0.0012370419999570004,49688,11,49,8,30,562949953421312,16888498602639360,"[5, 6, 7, 8, 9, 10, 11, 12, 13, 14, 15]","[[0, 0, 0, 0, 0, 0, 1, 0, 0, 0, 0], [0, 0, 0, 0, 1, 0, 0, 0, 0, 0, 0], [0, 0, 0, 0, 1, 0, 1, 0, 0, 0, 0], [0, 1, 0, 0, 0, 0, 1, 0, 0, 0, 0], [0, 1, 0, 0, 1, 0, 0, 0, 0, 0, 0], [0, 1, 0, 0, 1, 0, 1, 0, 0, 0, 0], [0, 0, 0, 1, 0, 0, 0, 0, 0, 0, 0], [0, 0, 0, 1, 0, 0, 1, 0, 0, 0, 0]]"
60,2,6002,T1_single,[6],[0],2.3291000161407283e-05,1504,2,58,0,1,288230376151711744,288230376151711744,"[3, 4]","[[0, 0]]"
60,2,6002,T2_small,"[8, 9, 10, 11]","[0, 0, 0, 1]",0.00011120800036223955,4456,5,55,6,2,36028797018963968,72057594037927936,"[6, 7, 8, 9, 10]","[[0, 0, 0, 1, 0], [1, 1, 0, 1, 0]]"
60,2,6002,T3_medium,"[10, 11, 12, 13, 14, 15, 16, 17]","[0, 1, 1, 1, 1, 1, 0, 0]",0.001553291000163881,46144,11,49,15,48,562949953421312,27021597764222976,"[6, 7, 8, 9, 10, 11, 12, 13, 14, 15, 16]","[[1, 0, 0, 0, 0, 0, 1, 1, 1, 1, 0], [1, 0, 0, 0, 0, 0, 1, 1, 1, 1, 1], [1, 0, 0, 0, 0, 1, 1, 1, 1, 1, 0], [1, 0, 0, 0, 0, 1, 1, 1, 1, 1, 1], [1, 0, 0, 0, 1, 0, 1, 1, 1, 1, 0], [1, 0, 0, 0, 1, 0, 1, 1, 1, 1, 1], [1, 0, 0, 0, 1, 1, 1, 1, 1, 1, 0], [1, 0, 0, 0, 1, 1, 1, 1, 1, 1, 1]]"
60,3,6003,T1_single,[7],[1],2.1082999865029706e-05,1472,1,59,0,1,576460752303423488,576460752303423488,[6],[[1]]
60,3,6003,T2_small,"[9, 10, 11, 12]","[0, 0, 0, 1]",0.00016933300003074692,8912,6,54,3,12,18014398509481984,216172782113783808,"[5, 6, 8, 9, 10, 11]","[[1, 0, 0, 0, 1, 0], [1, 0, 0, 0, 0, 1], [1, 0, 0, 1, 0, 0], [1, 0, 0, 1, 1, 1], [0, 1, 0, 0, 1, 0], [0, 1, 0, 0, 0, 1], [0, 1, 0, 1, 0, 0], [0, 1, 0, 1, 1, 1]]"
60,3,6003,T3_medium,"[11, 12, 13, 14, 15, 16, 17, 18]","[0, 1, 1, 0, 1, 1, 0, 0]",0.0003380419998393336,9960,10,50,11,8,1125899906842624,9007199254740992,"[8, 9, 10, 11, 12, 13, 14, 15, 16, 17]","[[0, 1, 0, 0, 1, 1, 0, 1, 0, 0], [0, 1, 0, 0, 1, 1, 0, 1, 1, 0], [0, 1, 0, 0, 1, 1, 0, 1, 0, 1], [0, 1, 0, 0, 1, 1, 0, 1, 1, 1], [0, 0, 1, 0, 1, 1, 0, 1, 0, 0], [0, 0, 1, 0, 1, 1, 0, 1, 1, 0], [0, 0, 1, 0, 1, 1, 0, 1, 0, 1], [0, 0, 1, 0, 1, 1, 0, 1, 1, 1]]"
60,4,6004,T1_single,[8],[1],4.904200022792793e-05,4176,3,57,0,7,144115188075855872,1008806316530991104,"[5, 6, 7]","[[1, 0, 0], [0, 1, 0], [1, 1, 0], [0, 0, 1], [1, 0, 1], [0, 1, 1], [1, 1, 1]]"
60,4,6004,T2_small,"[10, 11, 12, 13]","[1, 0, 0, 1]",0.0001671250001891167,9032,6,54,5,8,18014398509481984,144115188075855872,"[7, 8, 9, 10, 11, 12]","[[1, 0, 1, 0, 0, 0], [1, 0, 1, 0, 0, 1], [1, 1, 1, 0, 1, 0], [1, 1, 1, 0, 1, 1], [0, 1, 1, 1, 0, 0], [0, 1, 1, 1, 0, 1], [0, 0, 1, 1, 1, 0], [0, 0, 1, 1, 1, 1]]"
60,4,6004,T3_medium,"[12, 13, 14, 15, 16, 17, 18, 19]","[0, 1, 0, 0, 1, 0, 0, 0]",0.000744124999982887,28928,10,50,10,45,1125899906842624,50665495807918080,"[8, 9, 10, 11, 12, 13, 14, 15, 16, 18]","[[0, 1, 0, 0, 0, 0, 1, 0, 1, 0], [0, 1, 0, 0, 0, 0, 1, 0, 0, 1], [0, 1, 0, 0, 0, 0, 1, 0, 1, 1], [0, 0, 0, 0, 1, 0, 1, 0, 1, 0], [0, 0, 0, 0, 1, 0, 1, 0, 0, 1], [0, 0, 0, 0, 1, 0, 1, 0, 1, 1], [0, 1, 0, 0, 1, 0, 1, 0, 1, 0], [0, 1, 0, 0, 1, 0, 1, 0, 0, 1]]"
80,0,8000,T1_single,[4],[0],8.766699966145097e-05,7776,4,76,0,15,75557863725914323419136,1133367955888714851287040,"[1, 2, 3, 80]","[[0, 0, 0, 0], [1, 0, 0, 0], [0, 1, 0, 0], [1, 1, 0, 0], [0, 0, 1, 0], [1, 0, 1, 0], [0, 1, 1, 0], [1, 1, 1, 0]]"
80,0,8000,T2_small,"[6, 7, 8, 9]","[0, 0, 1, 0]",4.9374999889550963e-05,1936,3,77,2,1,151115727451828646838272,151115727451828646838272,"[5, 6, 7]","[[0, 1, 1]]"
80,0,8000,T3_medium,"[8, 9, 10, 11, 12, 13, 14, 15]","[1, 0, 0, 0, 0, 1, 1, 1]",0.0004395420000946615,14760,8,72,9,8,4722366482869645213696,37778931862957161709568,"[5, 6, 7, 8, 9, 10, 11, 12]","[[0, 0, 1, 0, 0, 1, 0, 0], [0, 1, 1, 0, 0, 1, 0, 0], [0, 0, 1, 1, 0, 1, 0, 0], [0, 1, 1, 1, 0, 1, 0, 0], [0, 0, 1, 0, 1, 0, 0, 0], [0, 0, 1, 0, 1, 1, 0, 0], [0, 1, 1, 0, 1, 0, 0, 0], [0, 1, 1, 0, 1, 1, 0, 0]]"
80,1,8001,T1_single,[5],[0],8.854099996824516e-05,7776,4,76,0,15,75557863725914323419136,1133367955888714851287040,"[1, 2, 3, 4]","[[1, 0, 0, 0], [0, 1, 0, 0], [1, 1, 0, 0], [0, 0, 1, 0], [1, 0, 1, 0], [0, 1, 1, 0], [1, 1, 1, 0], [0, 0, 0, 1]]"
80,1,8001,T2_small,"[7, 8, 9, 10]","[1, 0, 1, 0]",0.0002876250000554137,12560,7,73,4,14,9444732965739290427392,132226261520350065983488,"[3, 4, 5, 6, 7, 8, 9]","[[1, 1, 0, 0, 0, 0, 0], [1, 0, 0, 0, 1, 1, 0], [0, 1, 1, 0, 0, 1, 0], [0, 0, 1, 0, 1, 0, 0], [1, 1, 1, 0, 0, 1, 0], [1, 0, 1, 0, 1, 0, 0], [0, 0, 0, 1, 0, 1, 0], [0, 1, 0, 1, 1, 0, 0]]"
80,1,8001,T3_medium,"[9, 10, 11, 12, 13, 14, 15, 16]","[1, 0, 1, 0, 0, 0, 0, 1]",0.0006752079998477711,37840,11,69,10,30,590295810358705651712,17708874310761169551360,"[5, 6, 7, 8, 9, 10, 11, 12, 13, 14, 15]","[[1, 0, 1, 0, 0, 0, 0, 0, 0, 0, 0], [1, 0, 1, 0, 0, 0, 0, 0, 0, 1, 0], [1, 0, 1, 0, 0, 0, 0, 1, 0, 0, 0], [1, 0, 1, 0, 0, 1, 0, 0, 0, 0, 0], [1, 0, 1, 0, 0, 1, 0, 0, 0, 1, 0], [0, 1, 1, 0, 0, 0, 0, 0, 0, 0, 0], [0, 1, 1, 0, 0, 0, 0, 0, 0, 1, 0], [0, 1, 1, 0, 0, 0, 0, 1, 0, 0, 0]]"
80,2,8002,T1_single,[6],[1],3.791700009969645e-05,2816,3,77,0,4,151115727451828646838272,604462909807314587353088,"[3, 4, 5]","[[1, 1, 0], [1, 0, 1], [0, 1, 1], [1, 1, 1]]"
80,2,8002,T2_small,"[8, 9, 10, 11]","[0, 1, 0, 1]",0.0001637089999348973,7344,5,75,5,5,37778931862957161709568,188894659314785808547840,"[5, 6, 7, 8, 9]","[[1, 0, 0, 0, 0], [0, 0, 0, 1, 0], [1, 0, 0, 1, 0], [0, 1, 1, 0, 0], [1, 1, 1, 0, 0]]"
80,2,8002,T3_medium,"[10, 11, 12, 13, 14, 15, 16, 17]","[0, 1, 1, 0, 0, 1, 0, 1]",0.0004621250000127475,18592,10,70,9,24,1180591620717411303424,28334198897217871282176,"[7, 8, 9, 10, 11, 12, 13, 14, 15, 16]","[[0, 0, 0, 0, 1, 0, 0, 0, 0, 0], [0, 0, 0, 0, 1, 0, 0, 0, 0, 1], [0, 0, 0, 0, 1, 0, 0, 1, 0, 0], [0, 0, 0, 0, 1, 0, 0, 1, 0, 1], [0, 0, 0, 0, 0, 1, 0, 0, 0, 0], [0, 0, 0, 0, 0, 1, 0, 0, 0, 1], [0, 0, 0, 0, 0, 1, 0, 1, 0, 0], [0, 0, 0, 0, 0, 1, 0, 1, 0, 1]]"
80,3,8003,T1_single,[7],[0],8.904200012693764e-05,7776,4,76,0,15,75557863725914323419136,1133367955888714851287040,"[3, 4, 5, 6]","[[1, 0, 0, 0], [0, 1, 0, 0], [1, 1, 0, 0], [0, 0, 1, 0], [1, 0, 1, 0], [0, 1, 1, 0], [1, 1, 1, 0], [0, 0, 0, 1]]"
80,3,8003,T2_small,"[9, 10, 11, 12]","[0, 0, 0, 0]",0.00014912500000718865,10032,6,74,2,13,18889465931478580854784,245563057109221551112192,"[6, 7, 8, 9, 10, 11]","[[0, 1, 1, 0, 0, 1], [0, 1, 0, 1, 0, 0], [0, 1, 0, 1, 0, 1], [0, 1, 1, 1, 0, 0], [0, 1, 1, 1, 0, 1], [0, 1, 0, 0, 1, 0], [0, 1, 0, 0, 1, 1], [0, 1, 1, 0, 1, 0]]"
80,3,8003,T3_medium,"[11, 12, 13, 14, 15, 16, 17, 18]","[0, 0, 0, 0, 0, 1, 0, 1]",0.0004370420001578168,15344,10,70,11,16,1180591620717411303424,18889465931478580854784,"[8, 9, 10, 11, 12, 13, 14, 15, 16, 17]","[[0, 1, 1, 1, 0, 1, 0, 0, 0, 1], [0, 1, 1, 1, 0, 1, 1, 0, 0, 1], [0, 1, 1, 1, 0, 1, 0, 1, 0, 1], [0, 1, 1, 1, 0, 1, 1, 1, 0, 1], [0, 1, 1, 1, 1, 1, 0, 0, 0, 1], [0, 1, 1, 1, 1, 1, 1, 0, 0, 1], [0, 1, 1, 1, 1, 1, 0, 1, 0, 1], [0, 1, 1, 1, 1, 1, 1, 1, 0, 1]]"
80,4,8004,T1_single,[8],[0],3.18749998768908e-05,2392,2,78,0,3,302231454903657293676544,906694364710971881029632,"[5, 6]","[[0, 0], [1, 0], [0, 1]]"
80,4,8004,T2_small,"[10, 11, 12, 13]","[0, 1, 0, 1]",0.00017379200016875984,7464,7,73,8,2,9444732965739290427392,18889465931478580854784,"[6, 7, 8, 9, 10, 11, 12]","[[0, 1, 1, 1, 1, 1, 1], [1, 1, 1, 1, 1, 1, 1]]"
80,4,8004,T3_medium,"[12, 13, 14, 15, 16, 17, 18, 19]","[0, 1, 1, 1, 1, 1, 1, 1]",0.0005729580002480361,25968,11,69,15,22,590295810358705651712,12986507827891524337664,"[8, 9, 10, 11, 12, 13, 14, 15, 16, 17, 18]","[[0, 1, 1, 0, 1, 1, 1, 0, 0, 1, 1], [0, 1, 1, 0, 1, 1, 1, 0, 1, 0, 1], [0, 1, 1, 0, 1, 1, 1, 0, 1, 1, 1], [0, 1, 1, 0, 1, 1, 1, 1, 0, 0, 1], [0, 1, 1, 0, 1, 1, 1, 1, 0, 1, 1], [0, 1, 1, 0, 1, 1, 1, 1, 1, 0, 1], [0, 1, 1, 0, 1, 1, 1, 1, 1, 1, 1], [1, 1, 1, 1, 1, 0, 1, 1, 0, 0, 1]]"
200,0,20000,T1_single,[4],[0],8.908399968277081e-05,7808,4,196,0,15,100433627766186892221372630771322662657637687111424552206336,1506504416492803383320589461569839939864565306671368283095040,"[1, 2, 3, 200]","[[1, 0, 0, 0], [0, 1, 0, 0], [1, 1, 0, 0], [0, 0, 1, 0], [1, 0, 1, 0], [0, 1, 1, 0], [1, 1, 1, 0], [0, 0, 0, 1]]"
200,0,20000,T2_small,"[6, 7, 8, 9]","[0, 0, 0, 0]",0.000510625000060827,23152,7,193,5,27,12554203470773361527671578846415332832204710888928069025792,338963493710880761247132628853213986469527194001057863696384,"[2, 3, 4, 5, 6, 7, 8]","[[1, 0, 1, 0, 0, 1, 0], [1, 0, 0, 0, 1, 1, 0], [1, 0, 1, 0, 1, 0, 0], [0, 1, 0, 0, 0, 0, 0], [0, 1, 1, 0, 0, 1, 0], [0, 1, 0, 0, 1, 1, 0], [0, 1, 1, 0, 1, 0, 0], [1, 1, 0, 0, 0, 0, 0]]"
200,0,20000,T3_medium,"[8, 9, 10, 11, 12, 13, 14, 15]","[0, 0, 1, 0, 1, 1, 1, 0]",0.0009051249999174615,35744,11,189,10,32,784637716923335095479473677900958302012794430558004314112,25108406941546723055343157692830665664409421777856138051584,"[4, 5, 6, 7, 8, 9, 10, 11, 12, 13, 14]","[[0, 0, 0, 0, 0, 0, 0, 0, 1, 1, 0], [0, 0, 0, 0, 0, 0, 1, 1, 0, 0, 0], [0, 0, 0, 0, 0, 0, 1, 1, 1, 1, 0], [0, 0, 0, 0, 0, 1, 0, 1, 0, 1, 0], [0, 0, 0, 0, 0, 1, 0, 1, 1, 0, 0], [0, 0, 0, 0, 0, 1, 1, 0, 0, 1, 0], [0, 0, 0, 0, 0, 1, 1, 0, 1, 0, 0], [1, 1, 0, 0, 0, 0, 0, 0, 1, 1, 0]]"
200,1,20001,T1_single,[5],[1],4.975000001650187e-05,4216,3,197,0,7,200867255532373784442745261542645325315275374222849104412672,1406070788726616491099216830798517277206927619559943730888704,"[1, 3, 4]","[[0, 0, 0], [1, 0, 0], [0, 1, 0], [1, 1, 0], [0, 0, 1], [1, 0, 1], [0, 1, 1]]"
200,1,20001,T2_small,"[7, 8, 9, 10]","[0, 0, 1, 1]",9.987500015995465e-05,3936,4,196,3,3,100433627766186892221372630771322662657637687111424552206336,301300883298560676664117892313967987972913061334273656619008,"[4, 5, 6, 7]","[[0, 0, 1, 0], [1, 0, 1, 0], [0, 1, 1, 0]]"
200,1,20001,T3_medium,"[9, 10, 11, 12, 13, 14, 15, 16]","[1, 1, 1, 0, 0, 1, 1, 1]",0.0004137500000069849,14928,9,191,11,16,3138550867693340381917894711603833208051177722232017256448,50216813883093446110686315385661331328818843555712276103168,"[6, 7, 8, 9, 10, 11, 13, 14, 15]","[[1, 0, 1, 0, 0, 0, 0, 1, 0], [1, 0, 1, 0, 0, 0, 1, 1, 0], [1, 0, 1, 0, 0, 1, 0, 0, 1], [1, 0, 1, 0, 0, 1, 0, 1, 0], [1, 0, 1, 0, 0, 1, 1, 0, 1], [1, 0, 1, 0, 0, 1, 1, 1, 0], [1, 0, 0, 1, 0, 0, 0, 1, 0], [1, 0, 0, 1, 0, 0, 1, 1, 0]]"
200,2,20002,T1_single,[6],[1],2.3208000129670836e-05,1544,2,198,0,1,401734511064747568885490523085290650630550748445698208825344,401734511064747568885490523085290650630550748445698208825344,"[2, 5]","[[1, 1]]"
200,2,20002,T2_small,"[8, 9, 10, 11]","[1, 0, 0, 1]",0.0008692080000400892,45344,7,193,7,71,12554203470773361527671578846415332832204710888928069025792,891348446424908668464682098095488631086534473113892900831232,"[4, 5, 6, 7, 8, 9, 10]","[[1, 0, 0, 0, 0, 0, 0], [1, 0, 0, 0, 0, 0, 1], [1, 0, 0, 0, 0, 1, 0], [1, 0, 0, 0, 0, 1, 1], [1, 0, 1, 0, 0, 0, 0], [1, 0, 1, 0, 0, 0, 1], [1, 0, 1, 0, 0, 1, 0], [1, 0, 1, 0, 0, 1, 1]]"
200,2,20002,T3_medium,"[10, 11, 12, 13, 14, 15, 16, 17]","[0, 1, 1, 1, 0, 1, 0, 0]",0.002403208000032464,141440,11,189,13,140,784637716923335095479473677900958302012794430558004314112,109849280369266913367126314906134162281791220278120603975680,"[6, 7, 8, 9, 10, 11, 12, 13, 14, 15, 16]","[[0, 0, 0, 0, 1, 0, 0, 1, 0, 1, 0], [0, 0, 0, 0, 1, 0, 0, 1, 0, 1, 1], [0, 0, 0, 0, 1, 0, 0, 0, 1, 0, 0], [0, 0, 0, 0, 1, 0, 0, 0, 1, 0, 1], [0, 0, 0, 0, 1, 0, 0, 1, 1, 0, 0], [0, 0, 0, 0, 1, 0, 0, 1, 1, 0, 1], [1, 0, 0, 0, 1, 0, 0, 1, 0, 1, 0], [1, 0, 0, 0, 1, 0, 0, 1, 0, 1, 1]]"
200,3,20003,T1_single,[7],[0],8.925000020099105e-05,7808,4,196,0,15,100433627766186892221372630771322662657637687111424552206336,1506504416492803383320589461569839939864565306671368283095040,"[3, 4, 5, 6]","[[0, 0, 0, 0], [1, 0, 0, 0], [0, 1, 0, 0], [1, 1, 0, 0], [0, 0, 1, 0], [1, 0, 1, 0], [0, 1, 1, 0], [1, 1, 1, 0]]"
200,3,20003,T2_small,"[9, 10, 11, 12]","[1, 0, 1, 0]",9.208299979945878e-05,4792,5,195,2,6,50216813883093446110686315385661331328818843555712276103168,301300883298560676664117892313967987972913061334273656619008,"[6, 7, 8, 9, 10]","[[0, 0, 1, 1, 0], [0, 1, 1, 1, 0], [0, 0, 1, 0, 1], [0, 0, 1, 1, 1], [0, 1, 1, 0, 1], [0, 1, 1, 1, 1]]"
200,3,20003,T3_medium,"[11, 12, 13, 14, 15, 16, 17, 18]","[1, 0, 0, 0, 1, 0, 1, 0]",0.00031133299989960506,10616,9,191,8,6,3138550867693340381917894711603833208051177722232017256448,18831305206160042291507368269622999248307066333392103538688,"[7, 8, 9, 10, 11, 13, 14, 15, 16]","[[1, 0, 1, 0, 0, 1, 1, 0, 0], [1, 0, 1, 0, 1, 1, 1, 0, 0], [0, 1, 1, 0, 0, 1, 1, 0, 0], [0, 1, 1, 0, 1, 1, 1, 0, 0], [1, 1, 1, 0, 0, 1, 1, 0, 0], [1, 1, 1, 0, 1, 1, 1, 0, 0]]"
200,4,20004,T1_single,[8],[1],3.0249999781517545e-05,2424,2,198,0,3,401734511064747568885490523085290650630550748445698208825344,1205203533194242706656471569255871951891652245337094626476032,"[4, 6]","[[1, 0], [0, 1], [1, 1]]"
200,4,20004,T2_small,"[10, 11, 12, 13]","[1, 1, 1, 0]",0.00017987499995797407,9032,6,194,3,10,25108406941546723055343157692830665664409421777856138051584,251084069415467230553431576928306656644094217778561380515840,"[7, 8, 9, 10, 11, 12]","[[1, 0, 0, 1, 0, 0], [1, 1, 0, 1, 0, 0], [1, 0, 0, 1, 1, 0], [1, 1, 0, 1, 1, 0], [0, 0, 1, 1, 0, 0], [0, 1, 1, 1, 0, 0], [0, 0, 1, 1, 1, 0], [1, 0, 1, 1, 0, 0]]"
200,4,20004,T3_medium,"[12, 13, 14, 15, 16, 17, 18, 19]","[1, 0, 1, 1, 1, 0, 0, 1]",0.0009469170004194893,41456,10,190,8,21,1569275433846670190958947355801916604025588861116008628224,32954784110780074010137894471840248684537366083436181192704,"[8, 9, 10, 11, 12, 13, 14, 15, 16, 17]","[[0, 0, 1, 0, 0, 0, 1, 0, 0, 0], [0, 0, 1, 0, 0, 1, 0, 0, 1, 0], [0, 0, 1, 0, 0, 1, 1, 0, 0, 0], [1, 0, 1, 0, 0, 0, 1, 0, 0, 0], [1, 0, 1, 0, 0, 1, 0, 0, 1, 0], [1, 0, 1, 0, 0, 1, 1, 0, 0, 0], [0, 1, 1, 0, 0, 0, 1, 0, 0, 0], [0, 1, 1, 0, 0, 1, 0, 0, 1, 0]]"
