n,task,replicates,median_wall_time_seconds,max_wall_time_seconds,median_peak_memory_bytes,median_support_size,median_free_coordinates,median_overlap_multiplicity,median_support_assignments_count
30,T1_single,5,6.337499962683069e-05,9.337499977846164e-05,4360,3,27,0,7
30,T2_small,5,0.00022041700003683218,0.0012173749996691186,12496,7,23,4,16
30,T3_medium,5,0.0004103750002286688,0.003379165999831457,14744,10,20,13,9
60,T1_single,5,4.904200022792793e-05,7.354099989242968e-05,4176,3,57,0,7
60,T2_small,5,0.0001671250001891167,0.00023387500004901085,8912,5,55,5,10
60,T3_medium,5,0.0008305000001200824,0.001553291000163881,34216,10,50,10,30
80,T1_single,5,8.766699966145097e-05,8.904200012693764e-05,7776,4,76,0,15
80,T2_small,5,0.0001637089999348973,0.0002876250000554137,7464,6,74,4,5
80,T3_medium,5,0.0004621250000127475,0.0006752079998477711,18592,10,70,10,22
200,T1_single,5,4.975000001650187e-05,8.925000020099105e-05,4216,3,197,0,7
200,T2_small,5,0.00017987499995797407,0.0008692080000400892,9032,6,194,3,10
200,T3_medium,5,0.0009051249999174615,0.002403208000032464,35744,10,190,10,21
